[15440:9852:0317/120013.906:WARNING:chrome_main_delegate.cc(745)] This is Chrome version 128.0.6613.138 (not a warning)
[15440:9852:0317/120026.912:WARNING:account_consistency_mode_manager.cc(77)] Desktop Identity Consistency cannot be enabled as no OAuth client ID and client secret have been configured.
[15440:9852:0317/120130.392:WARNING:external_registry_loader_win.cc(232)] Error observing HKLM: 5
[15440:9852:0317/120140.205:ERROR:network_service_instance_impl.cc(608)] Network service crashed, restarting service.
[3804:3648:0317/120144.920:ERROR:frame_impl.cc(537)] frame 5-63F42027935EA9A9DA0C6C7B98D333E8 connection timeout
[16612:1108:0317/135740.217:VERBOSE1:network_delegate.cc(36)] NetworkDelegate::NotifyBeforeURLRequest: https://optimizationguide-pa.googleapis.com/v1:GetModels?key=dummytoken
[16612:1108:0317/135740.218:VERBOSE1:network_delegate.cc(36)] NetworkDelegate::NotifyBeforeURLRequest: https://doh-01.spectrum.com/dns-query?dns=AAABAAABAAAAAAABFG9wdGltaXphdGlvbmd1aWRlLXBhCmdvb2dsZWFwaXMDY29tAAAcAAEAACkQAAAAAAAAQAAMADwAAAAAAAAAAAAAAAAAAAAAAAAAAAAAAAAAAAAAAAAAAAAAAAAAAAAAAAAAAAAAAAAAAAAAAAAAAAAAAAA
[16612:1108:0317/135740.218:VERBOSE1:network_delegate.cc(36)] NetworkDelegate::NotifyBeforeURLRequest: https://doh-01.spectrum.com/dns-query?dns=AAABAAABAAAAAAABFG9wdGltaXphdGlvbmd1aWRlLXBhCmdvb2dsZWFwaXMDY29tAAABAAEAACkQAAAAAAAAQAAMADwAAAAAAAAAAAAAAAAAAAAAAAAAAAAAAAAAAAAAAAAAAAAAAAAAAAAAAAAAAAAAAAAAAAAAAAAAAAAAAAA
[16612:1108:0317/135740.218:VERBOSE1:network_delegate.cc(36)] NetworkDelegate::NotifyBeforeURLRequest: https://doh-01.spectrum.com/dns-query?dns=AAABAAABAAAAAAABFG9wdGltaXphdGlvbmd1aWRlLXBhCmdvb2dsZWFwaXMDY29tAABBAAEAACkQAAAAAAAAQAAMADwAAAAAAAAAAAAAAAAAAAAAAAAAAAAAAAAAAAAAAAAAAAAAAAAAAAAAAAAAAAAAAAAAAAAAAAAAAAAAAAA
[16612:1108:0317/135740.319:VERBOSE1:tls_handshaker.cc(105)] TlsClient: Continuing handshake
[16612:1108:0317/135740.319:VERBOSE1:tls_handshaker.cc(126)] TlsClient: SSL_do_handshake returned when entering early data. After retry, rv=-1, SSL_in_early_data=1
[16612:1108:0317/135740.375:VERBOSE1:tls_handshaker.cc(105)] TlsClient: Continuing handshake
[16612:1108:0317/135740.375:VERBOSE1:tls_handshaker.cc(105)] TlsClient: Continuing handshake
[16612:1108:0317/135740.375:VERBOSE1:tls_client_handshaker.cc(528)] Client: handshake finished
[16612:1108:0317/140029.241:VERBOSE1:network_delegate.cc(36)] NetworkDelegate::NotifyBeforeURLRequest: https://optimizationguide-pa.googleapis.com/v1:GetModels?key=dummytoken
[16612:1108:0317/140029.241:VERBOSE1:network_delegate.cc(36)] NetworkDelegate::NotifyBeforeURLRequest: https://doh-01.spectrum.com/dns-query?dns=AAABAAABAAAAAAABFG9wdGltaXphdGlvbmd1aWRlLXBhCmdvb2dsZWFwaXMDY29tAAAcAAEAACkQAAAAAAAAQAAMADwAAAAAAAAAAAAAAAAAAAAAAAAAAAAAAAAAAAAAAAAAAAAAAAAAAAAAAAAAAAAAAAAAAAAAAAAAAAAAAAA
[16612:1108:0317/140029.241:VERBOSE1:network_delegate.cc(36)] NetworkDelegate::NotifyBeforeURLRequest: https://doh-01.spectrum.com/dns-query?dns=AAABAAABAAAAAAABFG9wdGltaXphdGlvbmd1aWRlLXBhCmdvb2dsZWFwaXMDY29tAAABAAEAACkQAAAAAAAAQAAMADwAAAAAAAAAAAAAAAAAAAAAAAAAAAAAAAAAAAAAAAAAAAAAAAAAAAAAAAAAAAAAAAAAAAAAAAAAAAAAAAA
[16612:1108:0317/140029.241:VERBOSE1:network_delegate.cc(36)] NetworkDelegate::NotifyBeforeURLRequest: https://doh-01.spectrum.com/dns-query?dns=AAABAAABAAAAAAABFG9wdGltaXphdGlvbmd1aWRlLXBhCmdvb2dsZWFwaXMDY29tAABBAAEAACkQAAAAAAAAQAAMADwAAAAAAAAAAAAAAAAAAAAAAAAAAAAAAAAAAAAAAAAAAAAAAAAAAAAAAAAAAAAAAAAAAAAAAAAAAAAAAAA
[16612:1108:0317/140029.319:VERBOSE1:tls_handshaker.cc(105)] TlsClient: Continuing handshake
[16612:1108:0317/140029.319:VERBOSE1:tls_handshaker.cc(126)] TlsClient: SSL_do_handshake returned when entering early data. After retry, rv=-1, SSL_in_early_data=1
[16612:1108:0317/140029.367:VERBOSE1:tls_handshaker.cc(105)] TlsClient: Continuing handshake
[16612:1108:0317/140029.367:VERBOSE1:tls_handshaker.cc(105)] TlsClient: Continuing handshake
[16612:1108:0317/140029.368:VERBOSE1:tls_client_handshaker.cc(528)] Client: handshake finished
[16612:1108:0317/140304.258:VERBOSE1:network_delegate.cc(36)] NetworkDelegate::NotifyBeforeURLRequest: https://optimizationguide-pa.googleapis.com/v1:GetModels?key=dummytoken
[16612:1108:0317/140304.258:VERBOSE1:network_delegate.cc(36)] NetworkDelegate::NotifyBeforeURLRequest: https://doh-01.spectrum.com/dns-query?dns=AAABAAABAAAAAAABFG9wdGltaXphdGlvbmd1aWRlLXBhCmdvb2dsZWFwaXMDY29tAAAcAAEAACkQAAAAAAAAQAAMADwAAAAAAAAAAAAAAAAAAAAAAAAAAAAAAAAAAAAAAAAAAAAAAAAAAAAAAAAAAAAAAAAAAAAAAAAAAAAAAAA
[16612:1108:0317/140304.258:VERBOSE1:network_delegate.cc(36)] NetworkDelegate::NotifyBeforeURLRequest: https://doh-01.spectrum.com/dns-query?dns=AAABAAABAAAAAAABFG9wdGltaXphdGlvbmd1aWRlLXBhCmdvb2dsZWFwaXMDY29tAAABAAEAACkQAAAAAAAAQAAMADwAAAAAAAAAAAAAAAAAAAAAAAAAAAAAAAAAAAAAAAAAAAAAAAAAAAAAAAAAAAAAAAAAAAAAAAAAAAAAAAA
[16612:1108:0317/140304.258:VERBOSE1:network_delegate.cc(36)] NetworkDelegate::NotifyBeforeURLRequest: https://doh-01.spectrum.com/dns-query?dns=AAABAAABAAAAAAABFG9wdGltaXphdGlvbmd1aWRlLXBhCmdvb2dsZWFwaXMDY29tAABBAAEAACkQAAAAAAAAQAAMADwAAAAAAAAAAAAAAAAAAAAAAAAAAAAAAAAAAAAAAAAAAAAAAAAAAAAAAAAAAAAAAAAAAAAAAAAAAAAAAAA
[16612:1108:0317/140304.374:VERBOSE1:tls_handshaker.cc(105)] TlsClient: Continuing handshake
[16612:1108:0317/140304.374:VERBOSE1:tls_handshaker.cc(126)] TlsClient: SSL_do_handshake returned when entering early data. After retry, rv=-1, SSL_in_early_data=1
[16612:1108:0317/140304.435:VERBOSE1:tls_handshaker.cc(105)] TlsClient: Continuing handshake
[16612:1108:0317/140304.435:VERBOSE1:tls_handshaker.cc(105)] TlsClient: Continuing handshake
[16612:1108:0317/140304.435:VERBOSE1:tls_client_handshaker.cc(625)] 0-RTT handshake attempted but was rejected by the server
[16612:1108:0317/140304.436:VERBOSE1:tls_handshaker.cc(105)] TlsClient: Continuing handshake
[16612:1108:0317/140304.436:VERBOSE1:tls_handshaker.cc(105)] TlsClient: Continuing handshake
[16612:1108:0317/140304.436:VERBOSE1:tls_handshaker.cc(105)] TlsClient: Continuing handshake
[16612:1108:0317/140304.436:VERBOSE1:tls_handshaker.cc(105)] TlsClient: Continuing handshake
[16612:1108:0317/140304.436:VERBOSE1:tls_client_handshaker.cc(528)] Client: handshake finished
[16612:1108:0317/140559.277:VERBOSE1:network_delegate.cc(36)] NetworkDelegate::NotifyBeforeURLRequest: https://optimizationguide-pa.googleapis.com/v1:GetModels?key=dummytoken
[16612:1108:0317/140559.278:VERBOSE1:network_delegate.cc(36)] NetworkDelegate::NotifyBeforeURLRequest: https://doh-01.spectrum.com/dns-query?dns=AAABAAABAAAAAAABFG9wdGltaXphdGlvbmd1aWRlLXBhCmdvb2dsZWFwaXMDY29tAAAcAAEAACkQAAAAAAAAQAAMADwAAAAAAAAAAAAAAAAAAAAAAAAAAAAAAAAAAAAAAAAAAAAAAAAAAAAAAAAAAAAAAAAAAAAAAAAAAAAAAAA
[16612:1108:0317/140559.278:VERBOSE1:network_delegate.cc(36)] NetworkDelegate::NotifyBeforeURLRequest: https://doh-01.spectrum.com/dns-query?dns=AAABAAABAAAAAAABFG9wdGltaXphdGlvbmd1aWRlLXBhCmdvb2dsZWFwaXMDY29tAAABAAEAACkQAAAAAAAAQAAMADwAAAAAAAAAAAAAAAAAAAAAAAAAAAAAAAAAAAAAAAAAAAAAAAAAAAAAAAAAAAAAAAAAAAAAAAAAAAAAAAA
[16612:1108:0317/140559.278:VERBOSE1:network_delegate.cc(36)] NetworkDelegate::NotifyBeforeURLRequest: https://doh-01.spectrum.com/dns-query?dns=AAABAAABAAAAAAABFG9wdGltaXphdGlvbmd1aWRlLXBhCmdvb2dsZWFwaXMDY29tAABBAAEAACkQAAAAAAAAQAAMADwAAAAAAAAAAAAAAAAAAAAAAAAAAAAAAAAAAAAAAAAAAAAAAAAAAAAAAAAAAAAAAAAAAAAAAAAAAAAAAAA
[16612:1108:0317/140559.364:VERBOSE1:tls_handshaker.cc(105)] TlsClient: Continuing handshake
[16612:1108:0317/140559.365:VERBOSE1:tls_handshaker.cc(126)] TlsClient: SSL_do_handshake returned when entering early data. After retry, rv=-1, SSL_in_early_data=1
[16612:1108:0317/140559.403:VERBOSE1:tls_handshaker.cc(105)] TlsClient: Continuing handshake
[16612:1108:0317/140559.417:VERBOSE1:tls_handshaker.cc(105)] TlsClient: Continuing handshake
[16612:1108:0317/140559.417:VERBOSE1:tls_client_handshaker.cc(625)] 0-RTT handshake attempted but was rejected by the server
[16612:1108:0317/140559.417:VERBOSE1:tls_handshaker.cc(105)] TlsClient: Continuing handshake
[16612:1108:0317/140559.418:VERBOSE1:tls_handshaker.cc(105)] TlsClient: Continuing handshake
[16612:1108:0317/140559.418:VERBOSE1:tls_handshaker.cc(105)] TlsClient: Continuing handshake
[16612:1108:0317/140559.418:VERBOSE1:tls_handshaker.cc(105)] TlsClient: Continuing handshake
[16612:1108:0317/140559.418:VERBOSE1:tls_client_handshaker.cc(528)] Client: handshake finished
[16612:1108:0317/140856.301:VERBOSE1:network_delegate.cc(36)] NetworkDelegate::NotifyBeforeURLRequest: https://optimizationguide-pa.googleapis.com/v1:GetModels?key=dummytoken
[16612:1108:0317/140856.303:VERBOSE1:network_delegate.cc(36)] NetworkDelegate::NotifyBeforeURLRequest: https://doh-01.spectrum.com/dns-query?dns=AAABAAABAAAAAAABFG9wdGltaXphdGlvbmd1aWRlLXBhCmdvb2dsZWFwaXMDY29tAAAcAAEAACkQAAAAAAAAQAAMADwAAAAAAAAAAAAAAAAAAAAAAAAAAAAAAAAAAAAAAAAAAAAAAAAAAAAAAAAAAAAAAAAAAAAAAAAAAAAAAAA
[16612:1108:0317/140856.303:VERBOSE1:network_delegate.cc(36)] NetworkDelegate::NotifyBeforeURLRequest: https://doh-01.spectrum.com/dns-query?dns=AAABAAABAAAAAAABFG9wdGltaXphdGlvbmd1aWRlLXBhCmdvb2dsZWFwaXMDY29tAAABAAEAACkQAAAAAAAAQAAMADwAAAAAAAAAAAAAAAAAAAAAAAAAAAAAAAAAAAAAAAAAAAAAAAAAAAAAAAAAAAAAAAAAAAAAAAAAAAAAAAA
[16612:1108:0317/140856.303:VERBOSE1:network_delegate.cc(36)] NetworkDelegate::NotifyBeforeURLRequest: https://doh-01.spectrum.com/dns-query?dns=AAABAAABAAAAAAABFG9wdGltaXphdGlvbmd1aWRlLXBhCmdvb2dsZWFwaXMDY29tAABBAAEAACkQAAAAAAAAQAAMADwAAAAAAAAAAAAAAAAAAAAAAAAAAAAAAAAAAAAAAAAAAAAAAAAAAAAAAAAAAAAAAAAAAAAAAAAAAAAAAAA
[16612:1108:0317/140856.385:VERBOSE1:tls_handshaker.cc(105)] TlsClient: Continuing handshake
[16612:1108:0317/140856.386:VERBOSE1:tls_handshaker.cc(126)] TlsClient: SSL_do_handshake returned when entering early data. After retry, rv=-1, SSL_in_early_data=1
[16612:1108:0317/140856.427:VERBOSE1:tls_handshaker.cc(105)] TlsClient: Continuing handshake
[16612:1108:0317/140856.427:VERBOSE1:tls_handshaker.cc(105)] TlsClient: Continuing handshake
[16612:1108:0317/140856.427:VERBOSE1:tls_client_handshaker.cc(528)] Client: handshake finished
[16612:1108:0317/141150.322:VERBOSE1:network_delegate.cc(36)] NetworkDelegate::NotifyBeforeURLRequest: https://optimizationguide-pa.googleapis.com/v1:GetModels?key=dummytoken
[16612:1108:0317/141150.323:VERBOSE1:network_delegate.cc(36)] NetworkDelegate::NotifyBeforeURLRequest: https://doh-01.spectrum.com/dns-query?dns=AAABAAABAAAAAAABFG9wdGltaXphdGlvbmd1aWRlLXBhCmdvb2dsZWFwaXMDY29tAAAcAAEAACkQAAAAAAAAQAAMADwAAAAAAAAAAAAAAAAAAAAAAAAAAAAAAAAAAAAAAAAAAAAAAAAAAAAAAAAAAAAAAAAAAAAAAAAAAAAAAAA
[16612:1108:0317/141150.323:VERBOSE1:network_delegate.cc(36)] NetworkDelegate::NotifyBeforeURLRequest: https://doh-01.spectrum.com/dns-query?dns=AAABAAABAAAAAAABFG9wdGltaXphdGlvbmd1aWRlLXBhCmdvb2dsZWFwaXMDY29tAAABAAEAACkQAAAAAAAAQAAMADwAAAAAAAAAAAAAAAAAAAAAAAAAAAAAAAAAAAAAAAAAAAAAAAAAAAAAAAAAAAAAAAAAAAAAAAAAAAAAAAA
[16612:1108:0317/141150.323:VERBOSE1:network_delegate.cc(36)] NetworkDelegate::NotifyBeforeURLRequest: https://doh-01.spectrum.com/dns-query?dns=AAABAAABAAAAAAABFG9wdGltaXphdGlvbmd1aWRlLXBhCmdvb2dsZWFwaXMDY29tAABBAAEAACkQAAAAAAAAQAAMADwAAAAAAAAAAAAAAAAAAAAAAAAAAAAAAAAAAAAAAAAAAAAAAAAAAAAAAAAAAAAAAAAAAAAAAAAAAAAAAAA
[16612:1108:0317/141151.010:VERBOSE1:tls_handshaker.cc(105)] TlsClient: Continuing handshake
[16612:1108:0317/141151.062:VERBOSE1:tls_handshaker.cc(105)] TlsClient: Continuing handshake
[16612:1108:0317/141151.655:VERBOSE1:tls_handshaker.cc(105)] TlsClient: Continuing handshake
[16612:1108:0317/141151.656:VERBOSE1:tls_handshaker.cc(126)] TlsClient: SSL_do_handshake returned when entering early data. After retry, rv=-1, SSL_in_early_data=1
[16612:1108:0317/141151.656:VERBOSE1:tls_handshaker.cc(105)] TlsClient: Continuing handshake
[16612:1108:0317/141151.656:VERBOSE1:tls_client_handshaker.cc(528)] Client: handshake finished
[16612:1108:0317/141450.016:VERBOSE1:network_delegate.cc(36)] NetworkDelegate::NotifyBeforeURLRequest: https://optimizationguide-pa.googleapis.com/v1:GetModels?key=dummytoken
[16612:1108:0317/141450.016:VERBOSE1:network_delegate.cc(36)] NetworkDelegate::NotifyBeforeURLRequest: https://doh-01.spectrum.com/dns-query?dns=AAABAAABAAAAAAABFG9wdGltaXphdGlvbmd1aWRlLXBhCmdvb2dsZWFwaXMDY29tAAAcAAEAACkQAAAAAAAAQAAMADwAAAAAAAAAAAAAAAAAAAAAAAAAAAAAAAAAAAAAAAAAAAAAAAAAAAAAAAAAAAAAAAAAAAAAAAAAAAAAAAA
[16612:1108:0317/141450.017:VERBOSE1:network_delegate.cc(36)] NetworkDelegate::NotifyBeforeURLRequest: https://doh-01.spectrum.com/dns-query?dns=AAABAAABAAAAAAABFG9wdGltaXphdGlvbmd1aWRlLXBhCmdvb2dsZWFwaXMDY29tAAABAAEAACkQAAAAAAAAQAAMADwAAAAAAAAAAAAAAAAAAAAAAAAAAAAAAAAAAAAAAAAAAAAAAAAAAAAAAAAAAAAAAAAAAAAAAAAAAAAAAAA
[16612:1108:0317/141450.017:VERBOSE1:network_delegate.cc(36)] NetworkDelegate::NotifyBeforeURLRequest: https://doh-01.spectrum.com/dns-query?dns=AAABAAABAAAAAAABFG9wdGltaXphdGlvbmd1aWRlLXBhCmdvb2dsZWFwaXMDY29tAABBAAEAACkQAAAAAAAAQAAMADwAAAAAAAAAAAAAAAAAAAAAAAAAAAAAAAAAAAAAAAAAAAAAAAAAAAAAAAAAAAAAAAAAAAAAAAAAAAAAAAA
[16612:1108:0317/141450.117:VERBOSE1:tls_handshaker.cc(105)] TlsClient: Continuing handshake
[16612:1108:0317/141450.117:VERBOSE1:tls_handshaker.cc(126)] TlsClient: SSL_do_handshake returned when entering early data. After retry, rv=-1, SSL_in_early_data=1
[16612:1108:0317/141450.180:VERBOSE1:tls_handshaker.cc(105)] TlsClient: Continuing handshake
[16612:1108:0317/141450.180:VERBOSE1:tls_handshaker.cc(105)] TlsClient: Continuing handshake
[16612:1108:0317/141450.181:VERBOSE1:tls_client_handshaker.cc(528)] Client: handshake finished
[16612:1108:0317/141733.706:VERBOSE1:network_delegate.cc(36)] NetworkDelegate::NotifyBeforeURLRequest: https://optimizationguide-pa.googleapis.com/v1:GetModels?key=dummytoken
[16612:1108:0317/141733.707:VERBOSE1:network_delegate.cc(36)] NetworkDelegate::NotifyBeforeURLRequest: https://doh-01.spectrum.com/dns-query?dns=AAABAAABAAAAAAABFG9wdGltaXphdGlvbmd1aWRlLXBhCmdvb2dsZWFwaXMDY29tAAAcAAEAACkQAAAAAAAAQAAMADwAAAAAAAAAAAAAAAAAAAAAAAAAAAAAAAAAAAAAAAAAAAAAAAAAAAAAAAAAAAAAAAAAAAAAAAAAAAAAAAA
[16612:1108:0317/141733.707:VERBOSE1:network_delegate.cc(36)] NetworkDelegate::NotifyBeforeURLRequest: https://doh-01.spectrum.com/dns-query?dns=AAABAAABAAAAAAABFG9wdGltaXphdGlvbmd1aWRlLXBhCmdvb2dsZWFwaXMDY29tAAABAAEAACkQAAAAAAAAQAAMADwAAAAAAAAAAAAAAAAAAAAAAAAAAAAAAAAAAAAAAAAAAAAAAAAAAAAAAAAAAAAAAAAAAAAAAAAAAAAAAAA
[16612:1108:0317/141733.707:VERBOSE1:network_delegate.cc(36)] NetworkDelegate::NotifyBeforeURLRequest: https://doh-01.spectrum.com/dns-query?dns=AAABAAABAAAAAAABFG9wdGltaXphdGlvbmd1aWRlLXBhCmdvb2dsZWFwaXMDY29tAABBAAEAACkQAAAAAAAAQAAMADwAAAAAAAAAAAAAAAAAAAAAAAAAAAAAAAAAAAAAAAAAAAAAAAAAAAAAAAAAAAAAAAAAAAAAAAAAAAAAAAA
[16612:1108:0317/141733.792:VERBOSE1:tls_handshaker.cc(105)] TlsClient: Continuing handshake
[16612:1108:0317/141733.792:VERBOSE1:tls_handshaker.cc(126)] TlsClient: SSL_do_handshake returned when entering early data. After retry, rv=-1, SSL_in_early_data=1
[16612:1108:0317/141733.841:VERBOSE1:tls_handshaker.cc(105)] TlsClient: Continuing handshake
[16612:1108:0317/141733.841:VERBOSE1:tls_handshaker.cc(105)] TlsClient: Continuing handshake
[16612:1108:0317/141733.841:VERBOSE1:tls_client_handshaker.cc(528)] Client: handshake finished
[16612:1108:0317/142008.728:VERBOSE1:network_delegate.cc(36)] NetworkDelegate::NotifyBeforeURLRequest: https://optimizationguide-pa.googleapis.com/v1:GetModels?key=dummytoken
[16612:1108:0317/142008.728:VERBOSE1:network_delegate.cc(36)] NetworkDelegate::NotifyBeforeURLRequest: https://doh-01.spectrum.com/dns-query?dns=AAABAAABAAAAAAABFG9wdGltaXphdGlvbmd1aWRlLXBhCmdvb2dsZWFwaXMDY29tAAAcAAEAACkQAAAAAAAAQAAMADwAAAAAAAAAAAAAAAAAAAAAAAAAAAAAAAAAAAAAAAAAAAAAAAAAAAAAAAAAAAAAAAAAAAAAAAAAAAAAAAA
[16612:1108:0317/142008.728:VERBOSE1:network_delegate.cc(36)] NetworkDelegate::NotifyBeforeURLRequest: https://doh-01.spectrum.com/dns-query?dns=AAABAAABAAAAAAABFG9wdGltaXphdGlvbmd1aWRlLXBhCmdvb2dsZWFwaXMDY29tAAABAAEAACkQAAAAAAAAQAAMADwAAAAAAAAAAAAAAAAAAAAAAAAAAAAAAAAAAAAAAAAAAAAAAAAAAAAAAAAAAAAAAAAAAAAAAAAAAAAAAAA
[16612:1108:0317/142008.728:VERBOSE1:network_delegate.cc(36)] NetworkDelegate::NotifyBeforeURLRequest: https://doh-01.spectrum.com/dns-query?dns=AAABAAABAAAAAAABFG9wdGltaXphdGlvbmd1aWRlLXBhCmdvb2dsZWFwaXMDY29tAABBAAEAACkQAAAAAAAAQAAMADwAAAAAAAAAAAAAAAAAAAAAAAAAAAAAAAAAAAAAAAAAAAAAAAAAAAAAAAAAAAAAAAAAAAAAAAAAAAAAAAA
[16612:1108:0317/142008.836:VERBOSE1:tls_handshaker.cc(105)] TlsClient: Continuing handshake
[16612:1108:0317/142008.837:VERBOSE1:tls_handshaker.cc(126)] TlsClient: SSL_do_handshake returned when entering early data. After retry, rv=-1, SSL_in_early_data=1
[16612:1108:0317/142008.891:VERBOSE1:tls_handshaker.cc(105)] TlsClient: Continuing handshake
[16612:1108:0317/142008.891:VERBOSE1:tls_handshaker.cc(105)] TlsClient: Continuing handshake
[16612:1108:0317/142008.891:VERBOSE1:tls_client_handshaker.cc(528)] Client: handshake finished
[16612:1108:0317/142304.748:VERBOSE1:network_delegate.cc(36)] NetworkDelegate::NotifyBeforeURLRequest: https://optimizationguide-pa.googleapis.com/v1:GetModels?key=dummytoken
[16612:1108:0317/142304.749:VERBOSE1:network_delegate.cc(36)] NetworkDelegate::NotifyBeforeURLRequest: https://doh-01.spectrum.com/dns-query?dns=AAABAAABAAAAAAABFG9wdGltaXphdGlvbmd1aWRlLXBhCmdvb2dsZWFwaXMDY29tAAAcAAEAACkQAAAAAAAAQAAMADwAAAAAAAAAAAAAAAAAAAAAAAAAAAAAAAAAAAAAAAAAAAAAAAAAAAAAAAAAAAAAAAAAAAAAAAAAAAAAAAA
[16612:1108:0317/142304.749:VERBOSE1:network_delegate.cc(36)] NetworkDelegate::NotifyBeforeURLRequest: https://doh-01.spectrum.com/dns-query?dns=AAABAAABAAAAAAABFG9wdGltaXphdGlvbmd1aWRlLXBhCmdvb2dsZWFwaXMDY29tAAABAAEAACkQAAAAAAAAQAAMADwAAAAAAAAAAAAAAAAAAAAAAAAAAAAAAAAAAAAAAAAAAAAAAAAAAAAAAAAAAAAAAAAAAAAAAAAAAAAAAAA
[16612:1108:0317/142304.749:VERBOSE1:network_delegate.cc(36)] NetworkDelegate::NotifyBeforeURLRequest: https://doh-01.spectrum.com/dns-query?dns=AAABAAABAAAAAAABFG9wdGltaXphdGlvbmd1aWRlLXBhCmdvb2dsZWFwaXMDY29tAABBAAEAACkQAAAAAAAAQAAMADwAAAAAAAAAAAAAAAAAAAAAAAAAAAAAAAAAAAAAAAAAAAAAAAAAAAAAAAAAAAAAAAAAAAAAAAAAAAAAAAA
[16612:1108:0317/142304.849:VERBOSE1:tls_handshaker.cc(105)] TlsClient: Continuing handshake
[16612:1108:0317/142304.849:VERBOSE1:tls_handshaker.cc(126)] TlsClient: SSL_do_handshake returned when entering early data. After retry, rv=-1, SSL_in_early_data=1
[16612:1108:0317/142304.897:VERBOSE1:tls_handshaker.cc(105)] TlsClient: Continuing handshake
[16612:1108:0317/142304.898:VERBOSE1:tls_handshaker.cc(105)] TlsClient: Continuing handshake
[16612:1108:0317/142304.898:VERBOSE1:tls_client_handshaker.cc(528)] Client: handshake finished
[16612:1108:0317/142541.103:VERBOSE1:network_delegate.cc(36)] NetworkDelegate::NotifyBeforeURLRequest: https://optimizationguide-pa.googleapis.com/v1:GetModels?key=dummytoken
[16612:1108:0317/142541.103:VERBOSE1:network_delegate.cc(36)] NetworkDelegate::NotifyBeforeURLRequest: https://doh-01.spectrum.com/dns-query?dns=AAABAAABAAAAAAABFG9wdGltaXphdGlvbmd1aWRlLXBhCmdvb2dsZWFwaXMDY29tAAAcAAEAACkQAAAAAAAAQAAMADwAAAAAAAAAAAAAAAAAAAAAAAAAAAAAAAAAAAAAAAAAAAAAAAAAAAAAAAAAAAAAAAAAAAAAAAAAAAAAAAA
[16612:1108:0317/142541.104:VERBOSE1:network_delegate.cc(36)] NetworkDelegate::NotifyBeforeURLRequest: https://doh-01.spectrum.com/dns-query?dns=AAABAAABAAAAAAABFG9wdGltaXphdGlvbmd1aWRlLXBhCmdvb2dsZWFwaXMDY29tAAABAAEAACkQAAAAAAAAQAAMADwAAAAAAAAAAAAAAAAAAAAAAAAAAAAAAAAAAAAAAAAAAAAAAAAAAAAAAAAAAAAAAAAAAAAAAAAAAAAAAAA
[16612:1108:0317/142541.104:VERBOSE1:network_delegate.cc(36)] NetworkDelegate::NotifyBeforeURLRequest: https://doh-01.spectrum.com/dns-query?dns=AAABAAABAAAAAAABFG9wdGltaXphdGlvbmd1aWRlLXBhCmdvb2dsZWFwaXMDY29tAABBAAEAACkQAAAAAAAAQAAMADwAAAAAAAAAAAAAAAAAAAAAAAAAAAAAAAAAAAAAAAAAAAAAAAAAAAAAAAAAAAAAAAAAAAAAAAAAAAAAAAA
[16612:1108:0317/142541.178:VERBOSE1:tls_handshaker.cc(105)] TlsClient: Continuing handshake
[16612:1108:0317/142541.179:VERBOSE1:tls_handshaker.cc(126)] TlsClient: SSL_do_handshake returned when entering early data. After retry, rv=-1, SSL_in_early_data=1
[16612:1108:0317/142541.233:VERBOSE1:tls_handshaker.cc(105)] TlsClient: Continuing handshake
[16612:1108:0317/142541.233:VERBOSE1:tls_handshaker.cc(105)] TlsClient: Continuing handshake
[16612:1108:0317/142541.233:VERBOSE1:tls_client_handshaker.cc(528)] Client: handshake finished
[16612:1108:0317/142832.124:VERBOSE1:network_delegate.cc(36)] NetworkDelegate::NotifyBeforeURLRequest: https://optimizationguide-pa.googleapis.com/v1:GetModels?key=dummytoken
[16612:1108:0317/142832.124:VERBOSE1:network_delegate.cc(36)] NetworkDelegate::NotifyBeforeURLRequest: https://doh-01.spectrum.com/dns-query?dns=AAABAAABAAAAAAABFG9wdGltaXphdGlvbmd1aWRlLXBhCmdvb2dsZWFwaXMDY29tAAAcAAEAACkQAAAAAAAAQAAMADwAAAAAAAAAAAAAAAAAAAAAAAAAAAAAAAAAAAAAAAAAAAAAAAAAAAAAAAAAAAAAAAAAAAAAAAAAAAAAAAA
[16612:1108:0317/142832.124:VERBOSE1:network_delegate.cc(36)] NetworkDelegate::NotifyBeforeURLRequest: https://doh-01.spectrum.com/dns-query?dns=AAABAAABAAAAAAABFG9wdGltaXphdGlvbmd1aWRlLXBhCmdvb2dsZWFwaXMDY29tAAABAAEAACkQAAAAAAAAQAAMADwAAAAAAAAAAAAAAAAAAAAAAAAAAAAAAAAAAAAAAAAAAAAAAAAAAAAAAAAAAAAAAAAAAAAAAAAAAAAAAAA
[16612:1108:0317/142832.125:VERBOSE1:network_delegate.cc(36)] NetworkDelegate::NotifyBeforeURLRequest: https://doh-01.spectrum.com/dns-query?dns=AAABAAABAAAAAAABFG9wdGltaXphdGlvbmd1aWRlLXBhCmdvb2dsZWFwaXMDY29tAABBAAEAACkQAAAAAAAAQAAMADwAAAAAAAAAAAAAAAAAAAAAAAAAAAAAAAAAAAAAAAAAAAAAAAAAAAAAAAAAAAAAAAAAAAAAAAAAAAAAAAA
[16612:1108:0317/142832.201:VERBOSE1:tls_handshaker.cc(105)] TlsClient: Continuing handshake
[16612:1108:0317/142832.201:VERBOSE1:tls_handshaker.cc(126)] TlsClient: SSL_do_handshake returned when entering early data. After retry, rv=-1, SSL_in_early_data=1
[16612:1108:0317/142832.242:VERBOSE1:tls_handshaker.cc(105)] TlsClient: Continuing handshake
[16612:1108:0317/142832.246:VERBOSE1:tls_handshaker.cc(105)] TlsClient: Continuing handshake
[16612:1108:0317/142832.246:VERBOSE1:tls_client_handshaker.cc(625)] 0-RTT handshake attempted but was rejected by the server
[16612:1108:0317/142832.246:VERBOSE1:tls_handshaker.cc(105)] TlsClient: Continuing handshake
[16612:1108:0317/142832.246:VERBOSE1:tls_handshaker.cc(105)] TlsClient: Continuing handshake
[16612:1108:0317/142832.247:VERBOSE1:tls_handshaker.cc(105)] TlsClient: Continuing handshake
[16612:1108:0317/142832.790:VERBOSE1:tls_handshaker.cc(105)] TlsClient: Continuing handshake
[16612:1108:0317/142832.790:VERBOSE1:tls_client_handshaker.cc(528)] Client: handshake finished
[16612:1108:0317/143103.480:VERBOSE1:network_delegate.cc(36)] NetworkDelegate::NotifyBeforeURLRequest: https://optimizationguide-pa.googleapis.com/v1:GetModels?key=dummytoken
[16612:1108:0317/143103.480:VERBOSE1:network_delegate.cc(36)] NetworkDelegate::NotifyBeforeURLRequest: https://doh-01.spectrum.com/dns-query?dns=AAABAAABAAAAAAABFG9wdGltaXphdGlvbmd1aWRlLXBhCmdvb2dsZWFwaXMDY29tAAAcAAEAACkQAAAAAAAAQAAMADwAAAAAAAAAAAAAAAAAAAAAAAAAAAAAAAAAAAAAAAAAAAAAAAAAAAAAAAAAAAAAAAAAAAAAAAAAAAAAAAA
[16612:1108:0317/143103.481:VERBOSE1:network_delegate.cc(36)] NetworkDelegate::NotifyBeforeURLRequest: https://doh-01.spectrum.com/dns-query?dns=AAABAAABAAAAAAABFG9wdGltaXphdGlvbmd1aWRlLXBhCmdvb2dsZWFwaXMDY29tAAABAAEAACkQAAAAAAAAQAAMADwAAAAAAAAAAAAAAAAAAAAAAAAAAAAAAAAAAAAAAAAAAAAAAAAAAAAAAAAAAAAAAAAAAAAAAAAAAAAAAAA
[16612:1108:0317/143103.481:VERBOSE1:network_delegate.cc(36)] NetworkDelegate::NotifyBeforeURLRequest: https://doh-01.spectrum.com/dns-query?dns=AAABAAABAAAAAAABFG9wdGltaXphdGlvbmd1aWRlLXBhCmdvb2dsZWFwaXMDY29tAABBAAEAACkQAAAAAAAAQAAMADwAAAAAAAAAAAAAAAAAAAAAAAAAAAAAAAAAAAAAAAAAAAAAAAAAAAAAAAAAAAAAAAAAAAAAAAAAAAAAAAA
[16612:1108:0317/143103.563:VERBOSE1:tls_handshaker.cc(105)] TlsClient: Continuing handshake
[16612:1108:0317/143103.564:VERBOSE1:tls_handshaker.cc(126)] TlsClient: SSL_do_handshake returned when entering early data. After retry, rv=-1, SSL_in_early_data=1
[16612:1108:0317/143103.599:VERBOSE1:tls_handshaker.cc(105)] TlsClient: Continuing handshake
[16612:1108:0317/143103.613:VERBOSE1:tls_handshaker.cc(105)] TlsClient: Continuing handshake
[16612:1108:0317/143103.613:VERBOSE1:tls_client_handshaker.cc(625)] 0-RTT handshake attempted but was rejected by the server
[16612:1108:0317/143103.613:VERBOSE1:tls_handshaker.cc(105)] TlsClient: Continuing handshake
[16612:1108:0317/143103.613:VERBOSE1:tls_handshaker.cc(105)] TlsClient: Continuing handshake
[16612:1108:0317/143103.613:VERBOSE1:tls_handshaker.cc(105)] TlsClient: Continuing handshake
[16612:1108:0317/143103.613:VERBOSE1:tls_handshaker.cc(105)] TlsClient: Continuing handshake
[16612:1108:0317/143103.613:VERBOSE1:tls_client_handshaker.cc(528)] Client: handshake finished
[16612:1108:0317/143350.834:VERBOSE1:network_delegate.cc(36)] NetworkDelegate::NotifyBeforeURLRequest: https://optimizationguide-pa.googleapis.com/v1:GetModels?key=dummytoken
[16612:1108:0317/143350.834:VERBOSE1:network_delegate.cc(36)] NetworkDelegate::NotifyBeforeURLRequest: https://doh-01.spectrum.com/dns-query?dns=AAABAAABAAAAAAABFG9wdGltaXphdGlvbmd1aWRlLXBhCmdvb2dsZWFwaXMDY29tAAAcAAEAACkQAAAAAAAAQAAMADwAAAAAAAAAAAAAAAAAAAAAAAAAAAAAAAAAAAAAAAAAAAAAAAAAAAAAAAAAAAAAAAAAAAAAAAAAAAAAAAA
[16612:1108:0317/143350.834:VERBOSE1:network_delegate.cc(36)] NetworkDelegate::NotifyBeforeURLRequest: https://doh-01.spectrum.com/dns-query?dns=AAABAAABAAAAAAABFG9wdGltaXphdGlvbmd1aWRlLXBhCmdvb2dsZWFwaXMDY29tAAABAAEAACkQAAAAAAAAQAAMADwAAAAAAAAAAAAAAAAAAAAAAAAAAAAAAAAAAAAAAAAAAAAAAAAAAAAAAAAAAAAAAAAAAAAAAAAAAAAAAAA
[16612:1108:0317/143350.834:VERBOSE1:network_delegate.cc(36)] NetworkDelegate::NotifyBeforeURLRequest: https://doh-01.spectrum.com/dns-query?dns=AAABAAABAAAAAAABFG9wdGltaXphdGlvbmd1aWRlLXBhCmdvb2dsZWFwaXMDY29tAABBAAEAACkQAAAAAAAAQAAMADwAAAAAAAAAAAAAAAAAAAAAAAAAAAAAAAAAAAAAAAAAAAAAAAAAAAAAAAAAAAAAAAAAAAAAAAAAAAAAAAA
[16612:1108:0317/143350.902:VERBOSE1:tls_handshaker.cc(105)] TlsClient: Continuing handshake
[16612:1108:0317/143350.902:VERBOSE1:tls_handshaker.cc(126)] TlsClient: SSL_do_handshake returned when entering early data. After retry, rv=-1, SSL_in_early_data=1
[16612:1108:0317/143350.947:VERBOSE1:tls_handshaker.cc(105)] TlsClient: Continuing handshake
[16612:1108:0317/143350.951:VERBOSE1:tls_handshaker.cc(105)] TlsClient: Continuing handshake
[16612:1108:0317/143350.951:VERBOSE1:tls_client_handshaker.cc(625)] 0-RTT handshake attempted but was rejected by the server
[16612:1108:0317/143350.951:VERBOSE1:tls_handshaker.cc(105)] TlsClient: Continuing handshake
[16612:1108:0317/143350.951:VERBOSE1:tls_handshaker.cc(105)] TlsClient: Continuing handshake
[16612:1108:0317/143350.951:VERBOSE1:tls_handshaker.cc(105)] TlsClient: Continuing handshake
[16612:1108:0317/143350.952:VERBOSE1:tls_client_handshaker.cc(528)] Client: handshake finished
[16612:1108:0317/143641.854:VERBOSE1:network_delegate.cc(36)] NetworkDelegate::NotifyBeforeURLRequest: https://optimizationguide-pa.googleapis.com/v1:GetModels?key=dummytoken
[16612:1108:0317/143641.854:VERBOSE1:network_delegate.cc(36)] NetworkDelegate::NotifyBeforeURLRequest: https://doh-01.spectrum.com/dns-query?dns=AAABAAABAAAAAAABFG9wdGltaXphdGlvbmd1aWRlLXBhCmdvb2dsZWFwaXMDY29tAAAcAAEAACkQAAAAAAAAQAAMADwAAAAAAAAAAAAAAAAAAAAAAAAAAAAAAAAAAAAAAAAAAAAAAAAAAAAAAAAAAAAAAAAAAAAAAAAAAAAAAAA
[16612:1108:0317/143641.854:VERBOSE1:network_delegate.cc(36)] NetworkDelegate::NotifyBeforeURLRequest: https://doh-01.spectrum.com/dns-query?dns=AAABAAABAAAAAAABFG9wdGltaXphdGlvbmd1aWRlLXBhCmdvb2dsZWFwaXMDY29tAAABAAEAACkQAAAAAAAAQAAMADwAAAAAAAAAAAAAAAAAAAAAAAAAAAAAAAAAAAAAAAAAAAAAAAAAAAAAAAAAAAAAAAAAAAAAAAAAAAAAAAA
[16612:1108:0317/143641.854:VERBOSE1:network_delegate.cc(36)] NetworkDelegate::NotifyBeforeURLRequest: https://doh-01.spectrum.com/dns-query?dns=AAABAAABAAAAAAABFG9wdGltaXphdGlvbmd1aWRlLXBhCmdvb2dsZWFwaXMDY29tAABBAAEAACkQAAAAAAAAQAAMADwAAAAAAAAAAAAAAAAAAAAAAAAAAAAAAAAAAAAAAAAAAAAAAAAAAAAAAAAAAAAAAAAAAAAAAAAAAAAAAAA
[16612:1108:0317/143641.921:VERBOSE1:tls_handshaker.cc(105)] TlsClient: Continuing handshake
[16612:1108:0317/143641.922:VERBOSE1:tls_handshaker.cc(126)] TlsClient: SSL_do_handshake returned when entering early data. After retry, rv=-1, SSL_in_early_data=1
[16612:1108:0317/143641.952:VERBOSE1:tls_handshaker.cc(105)] TlsClient: Continuing handshake
[16612:1108:0317/143641.965:VERBOSE1:tls_handshaker.cc(105)] TlsClient: Continuing handshake
[16612:1108:0317/143641.965:VERBOSE1:tls_client_handshaker.cc(625)] 0-RTT handshake attempted but was rejected by the server
[16612:1108:0317/143641.965:VERBOSE1:tls_handshaker.cc(105)] TlsClient: Continuing handshake
[16612:1108:0317/143641.965:VERBOSE1:tls_handshaker.cc(105)] TlsClient: Continuing handshake
[16612:1108:0317/143641.965:VERBOSE1:tls_handshaker.cc(105)] TlsClient: Continuing handshake
[16612:1108:0317/143641.965:VERBOSE1:tls_handshaker.cc(105)] TlsClient: Continuing handshake
[16612:1108:0317/143641.965:VERBOSE1:tls_client_handshaker.cc(528)] Client: handshake finished
[16612:1108:0317/143918.545:VERBOSE1:network_delegate.cc(36)] NetworkDelegate::NotifyBeforeURLRequest: https://optimizationguide-pa.googleapis.com/v1:GetModels?key=dummytoken
[16612:1108:0317/143918.545:VERBOSE1:network_delegate.cc(36)] NetworkDelegate::NotifyBeforeURLRequest: https://doh-01.spectrum.com/dns-query?dns=AAABAAABAAAAAAABFG9wdGltaXphdGlvbmd1aWRlLXBhCmdvb2dsZWFwaXMDY29tAAAcAAEAACkQAAAAAAAAQAAMADwAAAAAAAAAAAAAAAAAAAAAAAAAAAAAAAAAAAAAAAAAAAAAAAAAAAAAAAAAAAAAAAAAAAAAAAAAAAAAAAA
[16612:1108:0317/143918.546:VERBOSE1:network_delegate.cc(36)] NetworkDelegate::NotifyBeforeURLRequest: https://doh-01.spectrum.com/dns-query?dns=AAABAAABAAAAAAABFG9wdGltaXphdGlvbmd1aWRlLXBhCmdvb2dsZWFwaXMDY29tAAABAAEAACkQAAAAAAAAQAAMADwAAAAAAAAAAAAAAAAAAAAAAAAAAAAAAAAAAAAAAAAAAAAAAAAAAAAAAAAAAAAAAAAAAAAAAAAAAAAAAAA
[16612:1108:0317/143918.546:VERBOSE1:network_delegate.cc(36)] NetworkDelegate::NotifyBeforeURLRequest: https://doh-01.spectrum.com/dns-query?dns=AAABAAABAAAAAAABFG9wdGltaXphdGlvbmd1aWRlLXBhCmdvb2dsZWFwaXMDY29tAABBAAEAACkQAAAAAAAAQAAMADwAAAAAAAAAAAAAAAAAAAAAAAAAAAAAAAAAAAAAAAAAAAAAAAAAAAAAAAAAAAAAAAAAAAAAAAAAAAAAAAA
[16612:1108:0317/143918.623:VERBOSE1:tls_handshaker.cc(105)] TlsClient: Continuing handshake
[16612:1108:0317/143918.624:VERBOSE1:tls_handshaker.cc(126)] TlsClient: SSL_do_handshake returned when entering early data. After retry, rv=-1, SSL_in_early_data=1
[16612:1108:0317/143918.669:VERBOSE1:tls_handshaker.cc(105)] TlsClient: Continuing handshake
[16612:1108:0317/143918.669:VERBOSE1:tls_handshaker.cc(105)] TlsClient: Continuing handshake
[16612:1108:0317/143918.670:VERBOSE1:tls_client_handshaker.cc(528)] Client: handshake finished
[16612:1108:0317/144209.908:VERBOSE1:network_delegate.cc(36)] NetworkDelegate::NotifyBeforeURLRequest: https://optimizationguide-pa.googleapis.com/v1:GetModels?key=dummytoken
[16612:1108:0317/144209.909:VERBOSE1:network_delegate.cc(36)] NetworkDelegate::NotifyBeforeURLRequest: https://doh-01.spectrum.com/dns-query?dns=AAABAAABAAAAAAABFG9wdGltaXphdGlvbmd1aWRlLXBhCmdvb2dsZWFwaXMDY29tAAAcAAEAACkQAAAAAAAAQAAMADwAAAAAAAAAAAAAAAAAAAAAAAAAAAAAAAAAAAAAAAAAAAAAAAAAAAAAAAAAAAAAAAAAAAAAAAAAAAAAAAA
[16612:1108:0317/144209.909:VERBOSE1:network_delegate.cc(36)] NetworkDelegate::NotifyBeforeURLRequest: https://doh-01.spectrum.com/dns-query?dns=AAABAAABAAAAAAABFG9wdGltaXphdGlvbmd1aWRlLXBhCmdvb2dsZWFwaXMDY29tAAABAAEAACkQAAAAAAAAQAAMADwAAAAAAAAAAAAAAAAAAAAAAAAAAAAAAAAAAAAAAAAAAAAAAAAAAAAAAAAAAAAAAAAAAAAAAAAAAAAAAAA
[16612:1108:0317/144209.909:VERBOSE1:network_delegate.cc(36)] NetworkDelegate::NotifyBeforeURLRequest: https://doh-01.spectrum.com/dns-query?dns=AAABAAABAAAAAAABFG9wdGltaXphdGlvbmd1aWRlLXBhCmdvb2dsZWFwaXMDY29tAABBAAEAACkQAAAAAAAAQAAMADwAAAAAAAAAAAAAAAAAAAAAAAAAAAAAAAAAAAAAAAAAAAAAAAAAAAAAAAAAAAAAAAAAAAAAAAAAAAAAAAA
[16612:1108:0317/144210.589:VERBOSE1:tls_handshaker.cc(105)] TlsClient: Continuing handshake
[16612:1108:0317/144210.633:VERBOSE1:tls_handshaker.cc(105)] TlsClient: Continuing handshake
[16612:1108:0317/144211.234:VERBOSE1:tls_handshaker.cc(105)] TlsClient: Continuing handshake
[16612:1108:0317/144211.234:VERBOSE1:tls_handshaker.cc(126)] TlsClient: SSL_do_handshake returned when entering early data. After retry, rv=-1, SSL_in_early_data=1
[16612:1108:0317/144211.234:VERBOSE1:tls_handshaker.cc(105)] TlsClient: Continuing handshake
[16612:1108:0317/144211.234:VERBOSE1:tls_client_handshaker.cc(528)] Client: handshake finished
[16612:1108:0317/144450.920:VERBOSE1:network_delegate.cc(36)] NetworkDelegate::NotifyBeforeURLRequest: https://optimizationguide-pa.googleapis.com/v1:GetModels?key=dummytoken
[16612:1108:0317/144450.920:VERBOSE1:network_delegate.cc(36)] NetworkDelegate::NotifyBeforeURLRequest: https://doh-01.spectrum.com/dns-query?dns=AAABAAABAAAAAAABFG9wdGltaXphdGlvbmd1aWRlLXBhCmdvb2dsZWFwaXMDY29tAAAcAAEAACkQAAAAAAAAQAAMADwAAAAAAAAAAAAAAAAAAAAAAAAAAAAAAAAAAAAAAAAAAAAAAAAAAAAAAAAAAAAAAAAAAAAAAAAAAAAAAAA
[16612:1108:0317/144450.920:VERBOSE1:network_delegate.cc(36)] NetworkDelegate::NotifyBeforeURLRequest: https://doh-01.spectrum.com/dns-query?dns=AAABAAABAAAAAAABFG9wdGltaXphdGlvbmd1aWRlLXBhCmdvb2dsZWFwaXMDY29tAAABAAEAACkQAAAAAAAAQAAMADwAAAAAAAAAAAAAAAAAAAAAAAAAAAAAAAAAAAAAAAAAAAAAAAAAAAAAAAAAAAAAAAAAAAAAAAAAAAAAAAA
[16612:1108:0317/144450.920:VERBOSE1:network_delegate.cc(36)] NetworkDelegate::NotifyBeforeURLRequest: https://doh-01.spectrum.com/dns-query?dns=AAABAAABAAAAAAABFG9wdGltaXphdGlvbmd1aWRlLXBhCmdvb2dsZWFwaXMDY29tAABBAAEAACkQAAAAAAAAQAAMADwAAAAAAAAAAAAAAAAAAAAAAAAAAAAAAAAAAAAAAAAAAAAAAAAAAAAAAAAAAAAAAAAAAAAAAAAAAAAAAAA
[16612:1108:0317/144451.019:VERBOSE1:tls_handshaker.cc(105)] TlsClient: Continuing handshake
[16612:1108:0317/144451.020:VERBOSE1:tls_handshaker.cc(126)] TlsClient: SSL_do_handshake returned when entering early data. After retry, rv=-1, SSL_in_early_data=1
[16612:1108:0317/144451.070:VERBOSE1:tls_handshaker.cc(105)] TlsClient: Continuing handshake
[16612:1108:0317/144451.070:VERBOSE1:tls_handshaker.cc(105)] TlsClient: Continuing handshake
[16612:1108:0317/144451.070:VERBOSE1:tls_client_handshaker.cc(528)] Client: handshake finished
[16612:1108:0317/144721.938:VERBOSE1:network_delegate.cc(36)] NetworkDelegate::NotifyBeforeURLRequest: https://optimizationguide-pa.googleapis.com/v1:GetModels?key=dummytoken
[16612:1108:0317/144721.939:VERBOSE1:network_delegate.cc(36)] NetworkDelegate::NotifyBeforeURLRequest: https://doh-01.spectrum.com/dns-query?dns=AAABAAABAAAAAAABFG9wdGltaXphdGlvbmd1aWRlLXBhCmdvb2dsZWFwaXMDY29tAAAcAAEAACkQAAAAAAAAQAAMADwAAAAAAAAAAAAAAAAAAAAAAAAAAAAAAAAAAAAAAAAAAAAAAAAAAAAAAAAAAAAAAAAAAAAAAAAAAAAAAAA
[16612:1108:0317/144721.939:VERBOSE1:network_delegate.cc(36)] NetworkDelegate::NotifyBeforeURLRequest: https://doh-01.spectrum.com/dns-query?dns=AAABAAABAAAAAAABFG9wdGltaXphdGlvbmd1aWRlLXBhCmdvb2dsZWFwaXMDY29tAAABAAEAACkQAAAAAAAAQAAMADwAAAAAAAAAAAAAAAAAAAAAAAAAAAAAAAAAAAAAAAAAAAAAAAAAAAAAAAAAAAAAAAAAAAAAAAAAAAAAAAA
[16612:1108:0317/144721.939:VERBOSE1:network_delegate.cc(36)] NetworkDelegate::NotifyBeforeURLRequest: https://doh-01.spectrum.com/dns-query?dns=AAABAAABAAAAAAABFG9wdGltaXphdGlvbmd1aWRlLXBhCmdvb2dsZWFwaXMDY29tAABBAAEAACkQAAAAAAAAQAAMADwAAAAAAAAAAAAAAAAAAAAAAAAAAAAAAAAAAAAAAAAAAAAAAAAAAAAAAAAAAAAAAAAAAAAAAAAAAAAAAAA
[16612:1108:0317/144722.025:VERBOSE1:tls_handshaker.cc(105)] TlsClient: Continuing handshake
[16612:1108:0317/144722.026:VERBOSE1:tls_handshaker.cc(126)] TlsClient: SSL_do_handshake returned when entering early data. After retry, rv=-1, SSL_in_early_data=1
[16612:1108:0317/144722.065:VERBOSE1:tls_handshaker.cc(105)] TlsClient: Continuing handshake
[16612:1108:0317/144722.070:VERBOSE1:tls_handshaker.cc(105)] TlsClient: Continuing handshake
[16612:1108:0317/144722.070:VERBOSE1:tls_client_handshaker.cc(625)] 0-RTT handshake attempted but was rejected by the server
[16612:1108:0317/144722.070:VERBOSE1:tls_handshaker.cc(105)] TlsClient: Continuing handshake
[16612:1108:0317/144722.070:VERBOSE1:tls_handshaker.cc(105)] TlsClient: Continuing handshake
[16612:1108:0317/144722.070:VERBOSE1:tls_handshaker.cc(105)] TlsClient: Continuing handshake
[16612:1108:0317/144722.070:VERBOSE1:tls_client_handshaker.cc(528)] Client: handshake finished
[16612:1108:0317/144956.299:VERBOSE1:network_delegate.cc(36)] NetworkDelegate::NotifyBeforeURLRequest: https://optimizationguide-pa.googleapis.com/v1:GetModels?key=dummytoken
[16612:1108:0317/144956.299:VERBOSE1:network_delegate.cc(36)] NetworkDelegate::NotifyBeforeURLRequest: https://doh-01.spectrum.com/dns-query?dns=AAABAAABAAAAAAABFG9wdGltaXphdGlvbmd1aWRlLXBhCmdvb2dsZWFwaXMDY29tAAAcAAEAACkQAAAAAAAAQAAMADwAAAAAAAAAAAAAAAAAAAAAAAAAAAAAAAAAAAAAAAAAAAAAAAAAAAAAAAAAAAAAAAAAAAAAAAAAAAAAAAA
[16612:1108:0317/144956.299:VERBOSE1:network_delegate.cc(36)] NetworkDelegate::NotifyBeforeURLRequest: https://doh-01.spectrum.com/dns-query?dns=AAABAAABAAAAAAABFG9wdGltaXphdGlvbmd1aWRlLXBhCmdvb2dsZWFwaXMDY29tAAABAAEAACkQAAAAAAAAQAAMADwAAAAAAAAAAAAAAAAAAAAAAAAAAAAAAAAAAAAAAAAAAAAAAAAAAAAAAAAAAAAAAAAAAAAAAAAAAAAAAAA
[16612:1108:0317/144956.299:VERBOSE1:network_delegate.cc(36)] NetworkDelegate::NotifyBeforeURLRequest: https://doh-01.spectrum.com/dns-query?dns=AAABAAABAAAAAAABFG9wdGltaXphdGlvbmd1aWRlLXBhCmdvb2dsZWFwaXMDY29tAABBAAEAACkQAAAAAAAAQAAMADwAAAAAAAAAAAAAAAAAAAAAAAAAAAAAAAAAAAAAAAAAAAAAAAAAAAAAAAAAAAAAAAAAAAAAAAAAAAAAAAA
[16612:1108:0317/144956.367:VERBOSE1:tls_handshaker.cc(105)] TlsClient: Continuing handshake
[16612:1108:0317/144956.367:VERBOSE1:tls_handshaker.cc(126)] TlsClient: SSL_do_handshake returned when entering early data. After retry, rv=-1, SSL_in_early_data=1
[16612:1108:0317/144956.404:VERBOSE1:tls_handshaker.cc(105)] TlsClient: Continuing handshake
[16612:1108:0317/144956.422:VERBOSE1:tls_handshaker.cc(105)] TlsClient: Continuing handshake
[16612:1108:0317/144956.422:VERBOSE1:tls_client_handshaker.cc(625)] 0-RTT handshake attempted but was rejected by the server
[16612:1108:0317/144956.422:VERBOSE1:tls_handshaker.cc(105)] TlsClient: Continuing handshake
[16612:1108:0317/144956.423:VERBOSE1:tls_handshaker.cc(105)] TlsClient: Continuing handshake
[16612:1108:0317/144956.423:VERBOSE1:tls_handshaker.cc(105)] TlsClient: Continuing handshake
[16612:1108:0317/144956.423:VERBOSE1:tls_handshaker.cc(105)] TlsClient: Continuing handshake
[16612:1108:0317/144956.423:VERBOSE1:tls_client_handshaker.cc(528)] Client: handshake finished
[16612:1108:0317/145044.970:VERBOSE1:network_delegate.cc(36)] NetworkDelegate::NotifyBeforeURLRequest: https://safebrowsing.googleapis.com/v4/threatListUpdates:fetch?$req=ChoKCGNocm9taXVtEg4xMjguMC42NjEzLjEzOBoMCAUQASIEIAEgAigBGgwIARABIgQgASACKAEaDAgDEAEiBCABIAIoARoMCAcQASIEIAEgAigBGgwIARAIIgQgASACKAQaDAgPEAEiBCABIAIoARoMCAkQASIEIAEgAigBIgIIAQ==&$ct=application/x-protobuf&key=dummytoken
[16612:1108:0317/145044.970:VERBOSE1:network_delegate.cc(36)] NetworkDelegate::NotifyBeforeURLRequest: https://doh-01.spectrum.com/dns-query?dns=AAABAAABAAAAAAABDHNhZmVicm93c2luZwpnb29nbGVhcGlzA2NvbQAAHAABAAApEAAAAAAAAEgADABEAAAAAAAAAAAAAAAAAAAAAAAAAAAAAAAAAAAAAAAAAAAAAAAAAAAAAAAAAAAAAAAAAAAAAAAAAAAAAAAAAAAAAAAAAAA
[16612:1108:0317/145044.970:VERBOSE1:network_delegate.cc(36)] NetworkDelegate::NotifyBeforeURLRequest: https://doh-01.spectrum.com/dns-query?dns=AAABAAABAAAAAAABDHNhZmVicm93c2luZwpnb29nbGVhcGlzA2NvbQAAAQABAAApEAAAAAAAAEgADABEAAAAAAAAAAAAAAAAAAAAAAAAAAAAAAAAAAAAAAAAAAAAAAAAAAAAAAAAAAAAAAAAAAAAAAAAAAAAAAAAAAAAAAAAAAA
[16612:1108:0317/145044.970:VERBOSE1:network_delegate.cc(36)] NetworkDelegate::NotifyBeforeURLRequest: https://doh-01.spectrum.com/dns-query?dns=AAABAAABAAAAAAABDHNhZmVicm93c2luZwpnb29nbGVhcGlzA2NvbQAAQQABAAApEAAAAAAAAEgADABEAAAAAAAAAAAAAAAAAAAAAAAAAAAAAAAAAAAAAAAAAAAAAAAAAAAAAAAAAAAAAAAAAAAAAAAAAAAAAAAAAAAAAAAAAAA
[16612:1108:0317/145045.665:VERBOSE1:tls_handshaker.cc(105)] TlsClient: Continuing handshake
[16612:1108:0317/145045.705:VERBOSE1:tls_handshaker.cc(105)] TlsClient: Continuing handshake
[16612:1108:0317/145046.304:VERBOSE1:tls_handshaker.cc(105)] TlsClient: Continuing handshake
[16612:1108:0317/145046.304:VERBOSE1:tls_handshaker.cc(126)] TlsClient: SSL_do_handshake returned when entering early data. After retry, rv=-1, SSL_in_early_data=1
[16612:1108:0317/145046.304:VERBOSE1:tls_handshaker.cc(105)] TlsClient: Continuing handshake
[16612:1108:0317/145046.304:VERBOSE1:tls_client_handshaker.cc(528)] Client: handshake finished
[16612:1108:0317/145228.314:VERBOSE1:network_delegate.cc(36)] NetworkDelegate::NotifyBeforeURLRequest: https://optimizationguide-pa.googleapis.com/v1:GetModels?key=dummytoken
[16612:1108:0317/145228.315:VERBOSE1:network_delegate.cc(36)] NetworkDelegate::NotifyBeforeURLRequest: https://doh-01.spectrum.com/dns-query?dns=AAABAAABAAAAAAABFG9wdGltaXphdGlvbmd1aWRlLXBhCmdvb2dsZWFwaXMDY29tAAAcAAEAACkQAAAAAAAAQAAMADwAAAAAAAAAAAAAAAAAAAAAAAAAAAAAAAAAAAAAAAAAAAAAAAAAAAAAAAAAAAAAAAAAAAAAAAAAAAAAAAA
[16612:1108:0317/145228.315:VERBOSE1:network_delegate.cc(36)] NetworkDelegate::NotifyBeforeURLRequest: https://doh-01.spectrum.com/dns-query?dns=AAABAAABAAAAAAABFG9wdGltaXphdGlvbmd1aWRlLXBhCmdvb2dsZWFwaXMDY29tAAABAAEAACkQAAAAAAAAQAAMADwAAAAAAAAAAAAAAAAAAAAAAAAAAAAAAAAAAAAAAAAAAAAAAAAAAAAAAAAAAAAAAAAAAAAAAAAAAAAAAAA
[16612:1108:0317/145228.315:VERBOSE1:network_delegate.cc(36)] NetworkDelegate::NotifyBeforeURLRequest: https://doh-01.spectrum.com/dns-query?dns=AAABAAABAAAAAAABFG9wdGltaXphdGlvbmd1aWRlLXBhCmdvb2dsZWFwaXMDY29tAABBAAEAACkQAAAAAAAAQAAMADwAAAAAAAAAAAAAAAAAAAAAAAAAAAAAAAAAAAAAAAAAAAAAAAAAAAAAAAAAAAAAAAAAAAAAAAAAAAAAAAA
[16612:1108:0317/145228.415:VERBOSE1:tls_handshaker.cc(105)] TlsClient: Continuing handshake
[16612:1108:0317/145228.415:VERBOSE1:tls_handshaker.cc(126)] TlsClient: SSL_do_handshake returned when entering early data. After retry, rv=-1, SSL_in_early_data=1
[16612:1108:0317/145228.461:VERBOSE1:tls_handshaker.cc(105)] TlsClient: Continuing handshake
[16612:1108:0317/145228.461:VERBOSE1:tls_handshaker.cc(105)] TlsClient: Continuing handshake
[16612:1108:0317/145228.461:VERBOSE1:tls_client_handshaker.cc(528)] Client: handshake finished
[16612:1108:0317/145500.004:VERBOSE1:network_delegate.cc(36)] NetworkDelegate::NotifyBeforeURLRequest: https://optimizationguide-pa.googleapis.com/v1:GetModels?key=dummytoken
[16612:1108:0317/145500.004:VERBOSE1:network_delegate.cc(36)] NetworkDelegate::NotifyBeforeURLRequest: https://doh-01.spectrum.com/dns-query?dns=AAABAAABAAAAAAABFG9wdGltaXphdGlvbmd1aWRlLXBhCmdvb2dsZWFwaXMDY29tAAAcAAEAACkQAAAAAAAAQAAMADwAAAAAAAAAAAAAAAAAAAAAAAAAAAAAAAAAAAAAAAAAAAAAAAAAAAAAAAAAAAAAAAAAAAAAAAAAAAAAAAA
[16612:1108:0317/145500.005:VERBOSE1:network_delegate.cc(36)] NetworkDelegate::NotifyBeforeURLRequest: https://doh-01.spectrum.com/dns-query?dns=AAABAAABAAAAAAABFG9wdGltaXphdGlvbmd1aWRlLXBhCmdvb2dsZWFwaXMDY29tAAABAAEAACkQAAAAAAAAQAAMADwAAAAAAAAAAAAAAAAAAAAAAAAAAAAAAAAAAAAAAAAAAAAAAAAAAAAAAAAAAAAAAAAAAAAAAAAAAAAAAAA
[16612:1108:0317/145500.005:VERBOSE1:network_delegate.cc(36)] NetworkDelegate::NotifyBeforeURLRequest: https://doh-01.spectrum.com/dns-query?dns=AAABAAABAAAAAAABFG9wdGltaXphdGlvbmd1aWRlLXBhCmdvb2dsZWFwaXMDY29tAABBAAEAACkQAAAAAAAAQAAMADwAAAAAAAAAAAAAAAAAAAAAAAAAAAAAAAAAAAAAAAAAAAAAAAAAAAAAAAAAAAAAAAAAAAAAAAAAAAAAAAA
[16612:1108:0317/145500.101:VERBOSE1:tls_handshaker.cc(105)] TlsClient: Continuing handshake
[16612:1108:0317/145500.101:VERBOSE1:tls_handshaker.cc(126)] TlsClient: SSL_do_handshake returned when entering early data. After retry, rv=-1, SSL_in_early_data=1
[16612:1108:0317/145500.145:VERBOSE1:tls_handshaker.cc(105)] TlsClient: Continuing handshake
[16612:1108:0317/145500.145:VERBOSE1:tls_handshaker.cc(105)] TlsClient: Continuing handshake
[16612:1108:0317/145500.145:VERBOSE1:tls_client_handshaker.cc(528)] Client: handshake finished
[16612:1108:0317/145737.027:VERBOSE1:network_delegate.cc(36)] NetworkDelegate::NotifyBeforeURLRequest: https://optimizationguide-pa.googleapis.com/v1:GetModels?key=dummytoken
[16612:1108:0317/145737.027:VERBOSE1:network_delegate.cc(36)] NetworkDelegate::NotifyBeforeURLRequest: https://doh-01.spectrum.com/dns-query?dns=AAABAAABAAAAAAABFG9wdGltaXphdGlvbmd1aWRlLXBhCmdvb2dsZWFwaXMDY29tAAAcAAEAACkQAAAAAAAAQAAMADwAAAAAAAAAAAAAAAAAAAAAAAAAAAAAAAAAAAAAAAAAAAAAAAAAAAAAAAAAAAAAAAAAAAAAAAAAAAAAAAA
[16612:1108:0317/145737.027:VERBOSE1:network_delegate.cc(36)] NetworkDelegate::NotifyBeforeURLRequest: https://doh-01.spectrum.com/dns-query?dns=AAABAAABAAAAAAABFG9wdGltaXphdGlvbmd1aWRlLXBhCmdvb2dsZWFwaXMDY29tAAABAAEAACkQAAAAAAAAQAAMADwAAAAAAAAAAAAAAAAAAAAAAAAAAAAAAAAAAAAAAAAAAAAAAAAAAAAAAAAAAAAAAAAAAAAAAAAAAAAAAAA
[16612:1108:0317/145737.027:VERBOSE1:network_delegate.cc(36)] NetworkDelegate::NotifyBeforeURLRequest: https://doh-01.spectrum.com/dns-query?dns=AAABAAABAAAAAAABFG9wdGltaXphdGlvbmd1aWRlLXBhCmdvb2dsZWFwaXMDY29tAABBAAEAACkQAAAAAAAAQAAMADwAAAAAAAAAAAAAAAAAAAAAAAAAAAAAAAAAAAAAAAAAAAAAAAAAAAAAAAAAAAAAAAAAAAAAAAAAAAAAAAA
[16612:1108:0317/145737.111:VERBOSE1:tls_handshaker.cc(105)] TlsClient: Continuing handshake
[16612:1108:0317/145737.111:VERBOSE1:tls_handshaker.cc(126)] TlsClient: SSL_do_handshake returned when entering early data. After retry, rv=-1, SSL_in_early_data=1
[16612:1108:0317/145737.154:VERBOSE1:tls_handshaker.cc(105)] TlsClient: Continuing handshake
[16612:1108:0317/145737.155:VERBOSE1:tls_handshaker.cc(105)] TlsClient: Continuing handshake
[16612:1108:0317/145737.155:VERBOSE1:tls_client_handshaker.cc(528)] Client: handshake finished
[16612:1108:0317/150010.043:VERBOSE1:network_delegate.cc(36)] NetworkDelegate::NotifyBeforeURLRequest: https://optimizationguide-pa.googleapis.com/v1:GetModels?key=dummytoken
[16612:1108:0317/150010.044:VERBOSE1:network_delegate.cc(36)] NetworkDelegate::NotifyBeforeURLRequest: https://doh-01.spectrum.com/dns-query?dns=AAABAAABAAAAAAABFG9wdGltaXphdGlvbmd1aWRlLXBhCmdvb2dsZWFwaXMDY29tAAAcAAEAACkQAAAAAAAAQAAMADwAAAAAAAAAAAAAAAAAAAAAAAAAAAAAAAAAAAAAAAAAAAAAAAAAAAAAAAAAAAAAAAAAAAAAAAAAAAAAAAA
[16612:1108:0317/150010.044:VERBOSE1:network_delegate.cc(36)] NetworkDelegate::NotifyBeforeURLRequest: https://doh-01.spectrum.com/dns-query?dns=AAABAAABAAAAAAABFG9wdGltaXphdGlvbmd1aWRlLXBhCmdvb2dsZWFwaXMDY29tAAABAAEAACkQAAAAAAAAQAAMADwAAAAAAAAAAAAAAAAAAAAAAAAAAAAAAAAAAAAAAAAAAAAAAAAAAAAAAAAAAAAAAAAAAAAAAAAAAAAAAAA
[16612:1108:0317/150010.044:VERBOSE1:network_delegate.cc(36)] NetworkDelegate::NotifyBeforeURLRequest: https://doh-01.spectrum.com/dns-query?dns=AAABAAABAAAAAAABFG9wdGltaXphdGlvbmd1aWRlLXBhCmdvb2dsZWFwaXMDY29tAABBAAEAACkQAAAAAAAAQAAMADwAAAAAAAAAAAAAAAAAAAAAAAAAAAAAAAAAAAAAAAAAAAAAAAAAAAAAAAAAAAAAAAAAAAAAAAAAAAAAAAA
[16612:1108:0317/150010.123:VERBOSE1:tls_handshaker.cc(105)] TlsClient: Continuing handshake
[16612:1108:0317/150010.124:VERBOSE1:tls_handshaker.cc(126)] TlsClient: SSL_do_handshake returned when entering early data. After retry, rv=-1, SSL_in_early_data=1
[16612:1108:0317/150010.168:VERBOSE1:tls_handshaker.cc(105)] TlsClient: Continuing handshake
[16612:1108:0317/150010.168:VERBOSE1:tls_handshaker.cc(105)] TlsClient: Continuing handshake
[16612:1108:0317/150010.168:VERBOSE1:tls_client_handshaker.cc(528)] Client: handshake finished
[16612:1108:0317/150304.735:VERBOSE1:network_delegate.cc(36)] NetworkDelegate::NotifyBeforeURLRequest: https://optimizationguide-pa.googleapis.com/v1:GetModels?key=dummytoken
[16612:1108:0317/150304.735:VERBOSE1:network_delegate.cc(36)] NetworkDelegate::NotifyBeforeURLRequest: https://doh-01.spectrum.com/dns-query?dns=AAABAAABAAAAAAABFG9wdGltaXphdGlvbmd1aWRlLXBhCmdvb2dsZWFwaXMDY29tAAAcAAEAACkQAAAAAAAAQAAMADwAAAAAAAAAAAAAAAAAAAAAAAAAAAAAAAAAAAAAAAAAAAAAAAAAAAAAAAAAAAAAAAAAAAAAAAAAAAAAAAA
[16612:1108:0317/150304.735:VERBOSE1:network_delegate.cc(36)] NetworkDelegate::NotifyBeforeURLRequest: https://doh-01.spectrum.com/dns-query?dns=AAABAAABAAAAAAABFG9wdGltaXphdGlvbmd1aWRlLXBhCmdvb2dsZWFwaXMDY29tAAABAAEAACkQAAAAAAAAQAAMADwAAAAAAAAAAAAAAAAAAAAAAAAAAAAAAAAAAAAAAAAAAAAAAAAAAAAAAAAAAAAAAAAAAAAAAAAAAAAAAAA
[16612:1108:0317/150304.735:VERBOSE1:network_delegate.cc(36)] NetworkDelegate::NotifyBeforeURLRequest: https://doh-01.spectrum.com/dns-query?dns=AAABAAABAAAAAAABFG9wdGltaXphdGlvbmd1aWRlLXBhCmdvb2dsZWFwaXMDY29tAABBAAEAACkQAAAAAAAAQAAMADwAAAAAAAAAAAAAAAAAAAAAAAAAAAAAAAAAAAAAAAAAAAAAAAAAAAAAAAAAAAAAAAAAAAAAAAAAAAAAAAA
[16612:1108:0317/150304.830:VERBOSE1:tls_handshaker.cc(105)] TlsClient: Continuing handshake
[16612:1108:0317/150304.831:VERBOSE1:tls_handshaker.cc(126)] TlsClient: SSL_do_handshake returned when entering early data. After retry, rv=-1, SSL_in_early_data=1
[16612:1108:0317/150304.879:VERBOSE1:tls_handshaker.cc(105)] TlsClient: Continuing handshake
[16612:1108:0317/150304.879:VERBOSE1:tls_handshaker.cc(105)] TlsClient: Continuing handshake
[16612:1108:0317/150304.879:VERBOSE1:tls_client_handshaker.cc(528)] Client: handshake finished
[16612:1108:0317/150551.416:VERBOSE1:network_delegate.cc(36)] NetworkDelegate::NotifyBeforeURLRequest: https://optimizationguide-pa.googleapis.com/v1:GetModels?key=dummytoken
[16612:1108:0317/150551.416:VERBOSE1:network_delegate.cc(36)] NetworkDelegate::NotifyBeforeURLRequest: https://doh-01.spectrum.com/dns-query?dns=AAABAAABAAAAAAABFG9wdGltaXphdGlvbmd1aWRlLXBhCmdvb2dsZWFwaXMDY29tAAAcAAEAACkQAAAAAAAAQAAMADwAAAAAAAAAAAAAAAAAAAAAAAAAAAAAAAAAAAAAAAAAAAAAAAAAAAAAAAAAAAAAAAAAAAAAAAAAAAAAAAA
[16612:1108:0317/150551.418:VERBOSE1:network_delegate.cc(36)] NetworkDelegate::NotifyBeforeURLRequest: https://doh-01.spectrum.com/dns-query?dns=AAABAAABAAAAAAABFG9wdGltaXphdGlvbmd1aWRlLXBhCmdvb2dsZWFwaXMDY29tAAABAAEAACkQAAAAAAAAQAAMADwAAAAAAAAAAAAAAAAAAAAAAAAAAAAAAAAAAAAAAAAAAAAAAAAAAAAAAAAAAAAAAAAAAAAAAAAAAAAAAAA
[16612:1108:0317/150551.418:VERBOSE1:network_delegate.cc(36)] NetworkDelegate::NotifyBeforeURLRequest: https://doh-01.spectrum.com/dns-query?dns=AAABAAABAAAAAAABFG9wdGltaXphdGlvbmd1aWRlLXBhCmdvb2dsZWFwaXMDY29tAABBAAEAACkQAAAAAAAAQAAMADwAAAAAAAAAAAAAAAAAAAAAAAAAAAAAAAAAAAAAAAAAAAAAAAAAAAAAAAAAAAAAAAAAAAAAAAAAAAAAAAA
[16612:1108:0317/150551.502:VERBOSE1:tls_handshaker.cc(105)] TlsClient: Continuing handshake
[16612:1108:0317/150551.502:VERBOSE1:tls_handshaker.cc(126)] TlsClient: SSL_do_handshake returned when entering early data. After retry, rv=-1, SSL_in_early_data=1
[16612:1108:0317/150551.557:VERBOSE1:tls_handshaker.cc(105)] TlsClient: Continuing handshake
[16612:1108:0317/150551.557:VERBOSE1:tls_handshaker.cc(105)] TlsClient: Continuing handshake
[16612:1108:0317/150551.557:VERBOSE1:tls_client_handshaker.cc(528)] Client: handshake finished
[16612:1108:0317/150849.106:VERBOSE1:network_delegate.cc(36)] NetworkDelegate::NotifyBeforeURLRequest: https://optimizationguide-pa.googleapis.com/v1:GetModels?key=dummytoken
[16612:1108:0317/150849.107:VERBOSE1:network_delegate.cc(36)] NetworkDelegate::NotifyBeforeURLRequest: https://doh-01.spectrum.com/dns-query?dns=AAABAAABAAAAAAABFG9wdGltaXphdGlvbmd1aWRlLXBhCmdvb2dsZWFwaXMDY29tAAAcAAEAACkQAAAAAAAAQAAMADwAAAAAAAAAAAAAAAAAAAAAAAAAAAAAAAAAAAAAAAAAAAAAAAAAAAAAAAAAAAAAAAAAAAAAAAAAAAAAAAA
[16612:1108:0317/150849.107:VERBOSE1:network_delegate.cc(36)] NetworkDelegate::NotifyBeforeURLRequest: https://doh-01.spectrum.com/dns-query?dns=AAABAAABAAAAAAABFG9wdGltaXphdGlvbmd1aWRlLXBhCmdvb2dsZWFwaXMDY29tAAABAAEAACkQAAAAAAAAQAAMADwAAAAAAAAAAAAAAAAAAAAAAAAAAAAAAAAAAAAAAAAAAAAAAAAAAAAAAAAAAAAAAAAAAAAAAAAAAAAAAAA
[16612:1108:0317/150849.107:VERBOSE1:network_delegate.cc(36)] NetworkDelegate::NotifyBeforeURLRequest: https://doh-01.spectrum.com/dns-query?dns=AAABAAABAAAAAAABFG9wdGltaXphdGlvbmd1aWRlLXBhCmdvb2dsZWFwaXMDY29tAABBAAEAACkQAAAAAAAAQAAMADwAAAAAAAAAAAAAAAAAAAAAAAAAAAAAAAAAAAAAAAAAAAAAAAAAAAAAAAAAAAAAAAAAAAAAAAAAAAAAAAA
[16612:1108:0317/150849.185:VERBOSE1:tls_handshaker.cc(105)] TlsClient: Continuing handshake
[16612:1108:0317/150849.186:VERBOSE1:tls_handshaker.cc(126)] TlsClient: SSL_do_handshake returned when entering early data. After retry, rv=-1, SSL_in_early_data=1
[16612:1108:0317/150849.233:VERBOSE1:tls_handshaker.cc(105)] TlsClient: Continuing handshake
[16612:1108:0317/150849.233:VERBOSE1:tls_handshaker.cc(105)] TlsClient: Continuing handshake
[16612:1108:0317/150849.233:VERBOSE1:tls_client_handshaker.cc(528)] Client: handshake finished
[16612:1108:0317/151147.468:VERBOSE1:network_delegate.cc(36)] NetworkDelegate::NotifyBeforeURLRequest: https://optimizationguide-pa.googleapis.com/v1:GetModels?key=dummytoken
[16612:1108:0317/151147.468:VERBOSE1:network_delegate.cc(36)] NetworkDelegate::NotifyBeforeURLRequest: https://doh-01.spectrum.com/dns-query?dns=AAABAAABAAAAAAABFG9wdGltaXphdGlvbmd1aWRlLXBhCmdvb2dsZWFwaXMDY29tAAAcAAEAACkQAAAAAAAAQAAMADwAAAAAAAAAAAAAAAAAAAAAAAAAAAAAAAAAAAAAAAAAAAAAAAAAAAAAAAAAAAAAAAAAAAAAAAAAAAAAAAA
[16612:1108:0317/151147.469:VERBOSE1:network_delegate.cc(36)] NetworkDelegate::NotifyBeforeURLRequest: https://doh-01.spectrum.com/dns-query?dns=AAABAAABAAAAAAABFG9wdGltaXphdGlvbmd1aWRlLXBhCmdvb2dsZWFwaXMDY29tAAABAAEAACkQAAAAAAAAQAAMADwAAAAAAAAAAAAAAAAAAAAAAAAAAAAAAAAAAAAAAAAAAAAAAAAAAAAAAAAAAAAAAAAAAAAAAAAAAAAAAAA
[16612:1108:0317/151147.469:VERBOSE1:network_delegate.cc(36)] NetworkDelegate::NotifyBeforeURLRequest: https://doh-01.spectrum.com/dns-query?dns=AAABAAABAAAAAAABFG9wdGltaXphdGlvbmd1aWRlLXBhCmdvb2dsZWFwaXMDY29tAABBAAEAACkQAAAAAAAAQAAMADwAAAAAAAAAAAAAAAAAAAAAAAAAAAAAAAAAAAAAAAAAAAAAAAAAAAAAAAAAAAAAAAAAAAAAAAAAAAAAAAA
[16612:1108:0317/151147.554:VERBOSE1:tls_handshaker.cc(105)] TlsClient: Continuing handshake
[16612:1108:0317/151147.554:VERBOSE1:tls_handshaker.cc(126)] TlsClient: SSL_do_handshake returned when entering early data. After retry, rv=-1, SSL_in_early_data=1
[16612:1108:0317/151147.604:VERBOSE1:tls_handshaker.cc(105)] TlsClient: Continuing handshake
[16612:1108:0317/151147.604:VERBOSE1:tls_handshaker.cc(105)] TlsClient: Continuing handshake
[16612:1108:0317/151147.604:VERBOSE1:tls_client_handshaker.cc(528)] Client: handshake finished
[16612:1108:0317/151443.487:VERBOSE1:network_delegate.cc(36)] NetworkDelegate::NotifyBeforeURLRequest: https://optimizationguide-pa.googleapis.com/v1:GetModels?key=dummytoken
[16612:1108:0317/151443.488:VERBOSE1:network_delegate.cc(36)] NetworkDelegate::NotifyBeforeURLRequest: https://doh-01.spectrum.com/dns-query?dns=AAABAAABAAAAAAABFG9wdGltaXphdGlvbmd1aWRlLXBhCmdvb2dsZWFwaXMDY29tAAAcAAEAACkQAAAAAAAAQAAMADwAAAAAAAAAAAAAAAAAAAAAAAAAAAAAAAAAAAAAAAAAAAAAAAAAAAAAAAAAAAAAAAAAAAAAAAAAAAAAAAA
[16612:1108:0317/151443.488:VERBOSE1:network_delegate.cc(36)] NetworkDelegate::NotifyBeforeURLRequest: https://doh-01.spectrum.com/dns-query?dns=AAABAAABAAAAAAABFG9wdGltaXphdGlvbmd1aWRlLXBhCmdvb2dsZWFwaXMDY29tAAABAAEAACkQAAAAAAAAQAAMADwAAAAAAAAAAAAAAAAAAAAAAAAAAAAAAAAAAAAAAAAAAAAAAAAAAAAAAAAAAAAAAAAAAAAAAAAAAAAAAAA
[16612:1108:0317/151443.488:VERBOSE1:network_delegate.cc(36)] NetworkDelegate::NotifyBeforeURLRequest: https://doh-01.spectrum.com/dns-query?dns=AAABAAABAAAAAAABFG9wdGltaXphdGlvbmd1aWRlLXBhCmdvb2dsZWFwaXMDY29tAABBAAEAACkQAAAAAAAAQAAMADwAAAAAAAAAAAAAAAAAAAAAAAAAAAAAAAAAAAAAAAAAAAAAAAAAAAAAAAAAAAAAAAAAAAAAAAAAAAAAAAA
[16612:1108:0317/151444.178:VERBOSE1:tls_handshaker.cc(105)] TlsClient: Continuing handshake
[16612:1108:0317/151444.223:VERBOSE1:tls_handshaker.cc(105)] TlsClient: Continuing handshake
[16612:1108:0317/151444.821:VERBOSE1:tls_handshaker.cc(105)] TlsClient: Continuing handshake
[16612:1108:0317/151444.821:VERBOSE1:tls_handshaker.cc(126)] TlsClient: SSL_do_handshake returned when entering early data. After retry, rv=-1, SSL_in_early_data=1
[16612:1108:0317/151444.821:VERBOSE1:tls_handshaker.cc(105)] TlsClient: Continuing handshake
[16612:1108:0317/151444.821:VERBOSE1:tls_client_handshaker.cc(528)] Client: handshake finished
[16612:1108:0317/151739.174:VERBOSE1:network_delegate.cc(36)] NetworkDelegate::NotifyBeforeURLRequest: https://optimizationguide-pa.googleapis.com/v1:GetModels?key=dummytoken
[16612:1108:0317/151739.174:VERBOSE1:network_delegate.cc(36)] NetworkDelegate::NotifyBeforeURLRequest: https://doh-01.spectrum.com/dns-query?dns=AAABAAABAAAAAAABFG9wdGltaXphdGlvbmd1aWRlLXBhCmdvb2dsZWFwaXMDY29tAAAcAAEAACkQAAAAAAAAQAAMADwAAAAAAAAAAAAAAAAAAAAAAAAAAAAAAAAAAAAAAAAAAAAAAAAAAAAAAAAAAAAAAAAAAAAAAAAAAAAAAAA
[16612:1108:0317/151739.175:VERBOSE1:network_delegate.cc(36)] NetworkDelegate::NotifyBeforeURLRequest: https://doh-01.spectrum.com/dns-query?dns=AAABAAABAAAAAAABFG9wdGltaXphdGlvbmd1aWRlLXBhCmdvb2dsZWFwaXMDY29tAAABAAEAACkQAAAAAAAAQAAMADwAAAAAAAAAAAAAAAAAAAAAAAAAAAAAAAAAAAAAAAAAAAAAAAAAAAAAAAAAAAAAAAAAAAAAAAAAAAAAAAA
[16612:1108:0317/151739.175:VERBOSE1:network_delegate.cc(36)] NetworkDelegate::NotifyBeforeURLRequest: https://doh-01.spectrum.com/dns-query?dns=AAABAAABAAAAAAABFG9wdGltaXphdGlvbmd1aWRlLXBhCmdvb2dsZWFwaXMDY29tAABBAAEAACkQAAAAAAAAQAAMADwAAAAAAAAAAAAAAAAAAAAAAAAAAAAAAAAAAAAAAAAAAAAAAAAAAAAAAAAAAAAAAAAAAAAAAAAAAAAAAAA
[16612:1108:0317/151739.267:VERBOSE1:tls_handshaker.cc(105)] TlsClient: Continuing handshake
[16612:1108:0317/151739.268:VERBOSE1:tls_handshaker.cc(126)] TlsClient: SSL_do_handshake returned when entering early data. After retry, rv=-1, SSL_in_early_data=1
[16612:1108:0317/151739.316:VERBOSE1:tls_handshaker.cc(105)] TlsClient: Continuing handshake
[16612:1108:0317/151739.316:VERBOSE1:tls_handshaker.cc(105)] TlsClient: Continuing handshake
[16612:1108:0317/151739.316:VERBOSE1:tls_client_handshaker.cc(528)] Client: handshake finished
[16612:1108:0317/152037.879:VERBOSE1:network_delegate.cc(36)] NetworkDelegate::NotifyBeforeURLRequest: https://optimizationguide-pa.googleapis.com/v1:GetModels?key=dummytoken
[16612:1108:0317/152037.879:VERBOSE1:network_delegate.cc(36)] NetworkDelegate::NotifyBeforeURLRequest: https://doh-01.spectrum.com/dns-query?dns=AAABAAABAAAAAAABFG9wdGltaXphdGlvbmd1aWRlLXBhCmdvb2dsZWFwaXMDY29tAAAcAAEAACkQAAAAAAAAQAAMADwAAAAAAAAAAAAAAAAAAAAAAAAAAAAAAAAAAAAAAAAAAAAAAAAAAAAAAAAAAAAAAAAAAAAAAAAAAAAAAAA
[16612:1108:0317/152037.879:VERBOSE1:network_delegate.cc(36)] NetworkDelegate::NotifyBeforeURLRequest: https://doh-01.spectrum.com/dns-query?dns=AAABAAABAAAAAAABFG9wdGltaXphdGlvbmd1aWRlLXBhCmdvb2dsZWFwaXMDY29tAAABAAEAACkQAAAAAAAAQAAMADwAAAAAAAAAAAAAAAAAAAAAAAAAAAAAAAAAAAAAAAAAAAAAAAAAAAAAAAAAAAAAAAAAAAAAAAAAAAAAAAA
[16612:1108:0317/152037.879:VERBOSE1:network_delegate.cc(36)] NetworkDelegate::NotifyBeforeURLRequest: https://doh-01.spectrum.com/dns-query?dns=AAABAAABAAAAAAABFG9wdGltaXphdGlvbmd1aWRlLXBhCmdvb2dsZWFwaXMDY29tAABBAAEAACkQAAAAAAAAQAAMADwAAAAAAAAAAAAAAAAAAAAAAAAAAAAAAAAAAAAAAAAAAAAAAAAAAAAAAAAAAAAAAAAAAAAAAAAAAAAAAAA
[16612:1108:0317/152037.965:VERBOSE1:tls_handshaker.cc(105)] TlsClient: Continuing handshake
[16612:1108:0317/152037.966:VERBOSE1:tls_handshaker.cc(126)] TlsClient: SSL_do_handshake returned when entering early data. After retry, rv=-1, SSL_in_early_data=1
[16612:1108:0317/152038.023:VERBOSE1:tls_handshaker.cc(105)] TlsClient: Continuing handshake
[16612:1108:0317/152038.023:VERBOSE1:tls_handshaker.cc(105)] TlsClient: Continuing handshake
[16612:1108:0317/152038.023:VERBOSE1:tls_client_handshaker.cc(528)] Client: handshake finished
[16612:1108:0317/152308.229:VERBOSE1:network_delegate.cc(36)] NetworkDelegate::NotifyBeforeURLRequest: https://optimizationguide-pa.googleapis.com/v1:GetModels?key=dummytoken
[16612:1108:0317/152308.229:VERBOSE1:network_delegate.cc(36)] NetworkDelegate::NotifyBeforeURLRequest: https://doh-01.spectrum.com/dns-query?dns=AAABAAABAAAAAAABFG9wdGltaXphdGlvbmd1aWRlLXBhCmdvb2dsZWFwaXMDY29tAAAcAAEAACkQAAAAAAAAQAAMADwAAAAAAAAAAAAAAAAAAAAAAAAAAAAAAAAAAAAAAAAAAAAAAAAAAAAAAAAAAAAAAAAAAAAAAAAAAAAAAAA
[16612:1108:0317/152308.229:VERBOSE1:network_delegate.cc(36)] NetworkDelegate::NotifyBeforeURLRequest: https://doh-01.spectrum.com/dns-query?dns=AAABAAABAAAAAAABFG9wdGltaXphdGlvbmd1aWRlLXBhCmdvb2dsZWFwaXMDY29tAAABAAEAACkQAAAAAAAAQAAMADwAAAAAAAAAAAAAAAAAAAAAAAAAAAAAAAAAAAAAAAAAAAAAAAAAAAAAAAAAAAAAAAAAAAAAAAAAAAAAAAA
[16612:1108:0317/152308.229:VERBOSE1:network_delegate.cc(36)] NetworkDelegate::NotifyBeforeURLRequest: https://doh-01.spectrum.com/dns-query?dns=AAABAAABAAAAAAABFG9wdGltaXphdGlvbmd1aWRlLXBhCmdvb2dsZWFwaXMDY29tAABBAAEAACkQAAAAAAAAQAAMADwAAAAAAAAAAAAAAAAAAAAAAAAAAAAAAAAAAAAAAAAAAAAAAAAAAAAAAAAAAAAAAAAAAAAAAAAAAAAAAAA
[16612:1108:0317/152308.322:VERBOSE1:tls_handshaker.cc(105)] TlsClient: Continuing handshake
[16612:1108:0317/152308.322:VERBOSE1:tls_handshaker.cc(126)] TlsClient: SSL_do_handshake returned when entering early data. After retry, rv=-1, SSL_in_early_data=1
[16612:1108:0317/152308.368:VERBOSE1:tls_handshaker.cc(105)] TlsClient: Continuing handshake
[16612:1108:0317/152308.368:VERBOSE1:tls_handshaker.cc(105)] TlsClient: Continuing handshake
[16612:1108:0317/152308.368:VERBOSE1:tls_client_handshaker.cc(528)] Client: handshake finished
[16612:1108:0317/152554.915:VERBOSE1:network_delegate.cc(36)] NetworkDelegate::NotifyBeforeURLRequest: https://optimizationguide-pa.googleapis.com/v1:GetModels?key=dummytoken
[16612:1108:0317/152554.916:VERBOSE1:network_delegate.cc(36)] NetworkDelegate::NotifyBeforeURLRequest: https://doh-01.spectrum.com/dns-query?dns=AAABAAABAAAAAAABFG9wdGltaXphdGlvbmd1aWRlLXBhCmdvb2dsZWFwaXMDY29tAAAcAAEAACkQAAAAAAAAQAAMADwAAAAAAAAAAAAAAAAAAAAAAAAAAAAAAAAAAAAAAAAAAAAAAAAAAAAAAAAAAAAAAAAAAAAAAAAAAAAAAAA
[16612:1108:0317/152554.916:VERBOSE1:network_delegate.cc(36)] NetworkDelegate::NotifyBeforeURLRequest: https://doh-01.spectrum.com/dns-query?dns=AAABAAABAAAAAAABFG9wdGltaXphdGlvbmd1aWRlLXBhCmdvb2dsZWFwaXMDY29tAAABAAEAACkQAAAAAAAAQAAMADwAAAAAAAAAAAAAAAAAAAAAAAAAAAAAAAAAAAAAAAAAAAAAAAAAAAAAAAAAAAAAAAAAAAAAAAAAAAAAAAA
[16612:1108:0317/152554.916:VERBOSE1:network_delegate.cc(36)] NetworkDelegate::NotifyBeforeURLRequest: https://doh-01.spectrum.com/dns-query?dns=AAABAAABAAAAAAABFG9wdGltaXphdGlvbmd1aWRlLXBhCmdvb2dsZWFwaXMDY29tAABBAAEAACkQAAAAAAAAQAAMADwAAAAAAAAAAAAAAAAAAAAAAAAAAAAAAAAAAAAAAAAAAAAAAAAAAAAAAAAAAAAAAAAAAAAAAAAAAAAAAAA
[16612:1108:0317/152554.995:VERBOSE1:tls_handshaker.cc(105)] TlsClient: Continuing handshake
[16612:1108:0317/152554.995:VERBOSE1:tls_handshaker.cc(126)] TlsClient: SSL_do_handshake returned when entering early data. After retry, rv=-1, SSL_in_early_data=1
[16612:1108:0317/152555.044:VERBOSE1:tls_handshaker.cc(105)] TlsClient: Continuing handshake
[16612:1108:0317/152555.044:VERBOSE1:tls_handshaker.cc(105)] TlsClient: Continuing handshake
[16612:1108:0317/152555.044:VERBOSE1:tls_client_handshaker.cc(528)] Client: handshake finished
[15440:9852:0317/152818.622:VERBOSE1:device_event_log_impl.cc(198)] [15:28:18.622] Display: EVENT: screen_win.cc:893 Displays updated, count: 3
[15440:9852:0317/152818.622:VERBOSE1:device_event_log_impl.cc(198)] [15:28:18.622] Display: EVENT: screen_win.cc:895 Display[3834969428] bounds=[0,0 1920x1080], workarea=[0,0 1920x1032], scale=1, rotation=0, panel_rotation=0 external detected
[15440:9852:0317/152818.622:VERBOSE1:device_event_log_impl.cc(198)] [15:28:18.622] Display: EVENT: screen_win.cc:895 Display[3164466571] bounds=[1920,360 1280x720], workarea=[1920,360 1280x672], scale=1.5, rotation=0, panel_rotation=0 external detected
[15440:9852:0317/152818.622:VERBOSE1:device_event_log_impl.cc(198)] [15:28:18.622] Display: EVENT: screen_win.cc:895 Display[3152145694] bounds=[-1360,134 1360x768], workarea=[-1360,134 1360x720], scale=1, rotation=0, panel_rotation=0 external detected
[15440:9852:0317/152832.814:VERBOSE1:mutable_profile_oauth2_token_service_delegate.cc(312)] MutablePO2TS::RefreshTokenIsAvailable
[15440:9852:0317/152833.133:VERBOSE1:frame_host_impl.cc(515)] frame 5-63F42027935EA9A9DA0C6C7B98D333E8 (main) detached (reason=NEW_MAIN_FRAME, is_connected=1)
[15440:9852:0317/152834.020:VERBOSE1:account_reconcilor.cc(264)] AccountReconcilor::Shutdown
[15440:9852:0317/152834.020:VERBOSE1:account_reconcilor.cc(718)] AccountReconcilor::AbortReconcile: try again later
[15440:9852:0317/152834.020:VERBOSE1:account_reconcilor.cc(827)] AccountReconcilor::CalculateIfMultiloginReconcileIsDone: Error was 
[15440:9852:0317/152834.020:VERBOSE1:account_reconcilor.cc(313)] AccountReconcilor::UnregisterWithIdentityManager
[15440:9852:0317/152834.020:VERBOSE1:account_reconcilor.cc(286)] AccountReconcilor::UnregisterWithContentSettings
[15440:9852:0317/152834.044:VERBOSE1:gaia_cookie_manager_service.cc(628)] GaiaCookieManagerService::CancelAll
[15440:9852:0317/152834.044:VERBOSE1:mutable_profile_oauth2_token_service_delegate.cc(752)] MutablePO2TS::Shutdown
[15440:9852:0317/152834.044:VERBOSE1:mutable_profile_oauth2_token_service_delegate.cc(235)] MutablePO2TS::~MutablePO2TS
[15440:9852:0317/152834.064:VERBOSE1:device_event_log_impl.cc(198)] [15:28:34.064] Bluetooth: EVENT: bluetooth_api.cc:109 BluetoothAPI: Shutdown
[15440:9852:0317/152834.366:VERBOSE1:account_reconcilor.cc(193)] AccountReconcilor::~AccountReconcilor
[15440:9852:0317/152834.431:VERBOSE1:device_event_log_impl.cc(198)] [15:28:34.431] Bluetooth: EVENT: bluetooth_api.cc:95 ~BluetoothAPI: 0000037C00332200
[15440:9852:0317/152834.843:VERBOSE1:component_updater_service.cc(180)] CrxUpdateService stopping
[15440:9852:0317/152834.844:WARNING:pref_notifier_impl.cc(41)] Pref observer for media_router.cast_allow_all_ips found at shutdown.
[15440:9852:0317/152834.932:VERBOSE1:statistics_recorder.cc(607)] Collections of all histograms
Histogram: API.StorageAccess.AllowedRequests2 recorded 12 samples, mean = 0.2 (flags = 0x41)
0  ----------O                                                               (10 = 83.3%)
1  --O                                                                       (2 = 16.7%) {83.3%}
2  ... 

Histogram: API.StorageAccess.DocumentInheritedStorageAccess recorded 1 samples, mean = 0.0 (flags = 0x41)
0  -O                                                                        (1 = 100.0%)
1  ... 

Histogram: API.StorageAccess.DocumentLoadedWithStorageAccess recorded 1 samples, mean = 0.0 (flags = 0x41)
0  -O                                                                        (1 = 100.0%)
1  ... 

Histogram: Accessibility.CaptionSettingsLoadedFromSystemSettings recorded 1 samples, mean = 0.0 (flags = 0x41)
0  -O                                                                        (1 = 100.0%)
1  ... 

Histogram: Accessibility.ImageLabels2 recorded 1 samples, mean = 0.0 (flags = 0x41)
0  -O                                                                        (1 = 100.0%)
1  ... 

Histogram: Accessibility.LiveCaption.FeatureEnabled2 recorded 1 samples, mean = 1.0 (flags = 0x41)
0  O                                                                         (0 = 0.0%)
1  -O                                                                        (1 = 100.0%) {0.0%}
2  O                                                                         (0 = 0.0%) {100.0%}

Histogram: Accessibility.LiveCaption2 recorded 1 samples, mean = 0.0 (flags = 0x41)
0  -O                                                                        (1 = 100.0%)
1  ... 

Histogram: Accessibility.ManuallyEnabled recorded 1 samples, mean = 0.0 (flags = 0x41)
0  -O                                                                        (1 = 100.0%)
1  ... 

Histogram: Accessibility.WinJAWS recorded 1 samples, mean = 0.0 (flags = 0x41)
0  -O                                                                        (1 = 100.0%)
1  ... 

Histogram: Accessibility.WinNVDA recorded 1 samples, mean = 0.0 (flags = 0x41)
0  -O                                                                        (1 = 100.0%)
1  ... 

Histogram: Accessibility.WinSAToGo recorded 1 samples, mean = 0.0 (flags = 0x41)
0  -O                                                                        (1 = 100.0%)
1  ... 

Histogram: Accessibility.WinScreenReader2 recorded 1 samples, mean = 0.0 (flags = 0x41)
0  -O                                                                        (1 = 100.0%)
1  ... 

Histogram: Accessibility.WinStickyKeys recorded 1 samples, mean = 0.0 (flags = 0x41)
0  -O                                                                        (1 = 100.0%)
1  ... 

Histogram: Accessibility.WinSupernova recorded 1 samples, mean = 0.0 (flags = 0x41)
0  -O                                                                        (1 = 100.0%)
1  ... 

Histogram: Accessibility.WinZoomText recorded 1 samples, mean = 0.0 (flags = 0x41)
0  -O                                                                        (1 = 100.0%)
1  ... 

Histogram: Apps.PreferredApps.EntryCount recorded 1 samples, mean = 0.0 (flags = 0x41)
0  -O                                                                        (1 = 100.0%)
1  ... 

Histogram: Autofill.Address.IsEnabled.Startup recorded 1 samples, mean = 1.0 (flags = 0x41)
0  O                                                                         (0 = 0.0%)
1  -O                                                                        (1 = 100.0%) {0.0%}
2  O                                                                         (0 = 0.0%) {100.0%}

Histogram: Autofill.CreditCard.IsEnabled.Startup recorded 1 samples, mean = 1.0 (flags = 0x41)
0  O                                                                         (0 = 0.0%)
1  -O                                                                        (1 = 100.0%) {0.0%}
2  O                                                                         (0 = 0.0%) {100.0%}

Histogram: Autofill.IsEnabled.Startup recorded 1 samples, mean = 1.0 (flags = 0x41)
0  O                                                                         (0 = 0.0%)
1  -O                                                                        (1 = 100.0%) {0.0%}
2  O                                                                         (0 = 0.0%) {100.0%}

Histogram: Autofill.Leipzig.Duplication.NumberOfLocalSupersetProfilesOnStartup recorded 1 samples, mean = 0.0 (flags = 0x41)
0  -O                                                                        (1 = 100.0%)
1  ... 

Histogram: Autofill.NumberOfDriversPerFactory recorded 1 samples, mean = 0.0 (flags = 0x41)
0  -O                                                                        (1 = 100.0%)
1  ... 

Histogram: Autofill.Offer.StoredOfferCount2.CardLinkedOffer recorded 1 samples, mean = 0.0 (flags = 0x41)
0  -O                                                                        (1 = 100.0%)
1  ... 

Histogram: Autofill.Offer.StoredOfferCount2.GPayPromoCodeOffer recorded 1 samples, mean = 0.0 (flags = 0x41)
0  -O                                                                        (1 = 100.0%)
1  ... 

Histogram: Autofill.PaymentMethods.CvcStorageIsEnabled.Startup recorded 1 samples, mean = 0.0 (flags = 0x41)
0  -O                                                                        (1 = 100.0%)
1  ... 

Histogram: Autofill.StoredCreditCardCount recorded 1 samples, mean = 0.0 (flags = 0x41)
0  -O                                                                        (1 = 100.0%)
1  ... 

Histogram: Autofill.StoredCreditCardCount.Local recorded 1 samples, mean = 0.0 (flags = 0x41)
0  -O                                                                        (1 = 100.0%)
1  ... 

Histogram: Autofill.StoredCreditCardCount.Local.WithInvalidCardNumber recorded 1 samples, mean = 0.0 (flags = 0x41)
0  -O                                                                        (1 = 100.0%)
1  ... 

Histogram: Autofill.StoredCreditCardCount.Local.WithNickname recorded 1 samples, mean = 0.0 (flags = 0x41)
0  -O                                                                        (1 = 100.0%)
1  ... 

Histogram: Autofill.StoredCreditCardCount.Server recorded 1 samples, mean = 0.0 (flags = 0x41)
0  -O                                                                        (1 = 100.0%)
1  ... 

Histogram: Autofill.StoredCreditCardCount.Server.Masked recorded 1 samples, mean = 0.0 (flags = 0x41)
0  -O                                                                        (1 = 100.0%)
1  ... 

Histogram: Autofill.StoredCreditCardCount.Server.Masked.WithNickname recorded 1 samples, mean = 0.0 (flags = 0x41)
0  -O                                                                        (1 = 100.0%)
1  ... 

Histogram: Autofill.StoredCreditCardCount.Server.Unmasked recorded 1 samples, mean = 0.0 (flags = 0x41)
0  -O                                                                        (1 = 100.0%)
1  ... 

Histogram: Autofill.StoredCreditCardCount.Server.WithCardArtImage recorded 1 samples, mean = 0.0 (flags = 0x41)
0  -O                                                                        (1 = 100.0%)
1  ... 

Histogram: Autofill.StoredCreditCardCount.Server.WithVirtualCardMetadata recorded 1 samples, mean = 0.0 (flags = 0x41)
0  -O                                                                        (1 = 100.0%)
1  ... 

Histogram: Autofill.StoredIbanCount recorded 1 samples, mean = 0.0 (flags = 0x41)
0  -O                                                                        (1 = 100.0%)
1  ... 

Histogram: Autofill.StoredProfileCount.AccountChrome recorded 1 samples, mean = 0.0 (flags = 0x41)
0  -O                                                                        (1 = 100.0%)
1  ... 

Histogram: Autofill.StoredProfileCount.AccountNonChrome recorded 1 samples, mean = 0.0 (flags = 0x41)
0  -O                                                                        (1 = 100.0%)
1  ... 

Histogram: Autofill.StoredProfileCount.Legacy recorded 1 samples, mean = 0.0 (flags = 0x41)
0  -O                                                                        (1 = 100.0%)
1  ... 

Histogram: Autofill.StoredProfileCount.Total recorded 1 samples, mean = 0.0 (flags = 0x41)
0  -O                                                                        (1 = 100.0%)
1  ... 

Histogram: Autofill.VirtualCardUsageData.StoredUsageDataCount recorded 1 samples, mean = 0.0 (flags = 0x41)
0  -O                                                                        (1 = 100.0%)
1  ... 

Histogram: Blink.CommitDocumentLoaderTime recorded 1 samples, mean = 798.0 (flags = 0x41)
0    ... 
752  -O                                                                        (1 = 100.0%) {0.0%}
894  ... 

Histogram: Blink.ForcedStyleAndLayout.UpdateTime.PreFCP recorded 1 samples, mean = 9.0 (flags = 0x41)
0  ... 
8  -O                                                                        (1 = 100.0%) {0.0%}
11 ... 

Histogram: Blink.PrepareToStopParsingTime recorded 1 samples, mean = 4.0 (flags = 0x41)
0  ... 
4  -O                                                                        (1 = 100.0%) {0.0%}
5  ... 

Histogram: Blink.PumpTokenizerTime recorded 1 samples, mean = 3.0 (flags = 0x41)
0  ... 
3  -O                                                                        (1 = 100.0%) {0.0%}
4  ... 

Histogram: Blink.UseCounter.AnimatedCSSProperties recorded 0 samples (flags = 0x41)
0 ... 

Histogram: Blink.UseCounter.CSSProperties recorded 0 samples (flags = 0x41)
0 ... 

Histogram: Blink.UseCounter.Features recorded 0 samples (flags = 0x41)
0 ... 

Histogram: Blink.UseCounter.MainFrame.Features recorded 0 samples (flags = 0x41)
0 ... 

Histogram: Blink.UseCounter.PermissionsPolicy.Allow2 recorded 0 samples (flags = 0x41)
0 ... 

Histogram: Blink.UseCounter.PermissionsPolicy.Header2 recorded 0 samples (flags = 0x41)
0 ... 

Histogram: Blink.UseCounter.PermissionsPolicy.Violation.Enforce recorded 0 samples (flags = 0x41)
0 ... 

Histogram: Blink.UseCounter.WebDXFeatures recorded 0 samples (flags = 0x41)
0 ... 

Histogram: Blink.UserDrivenDocumentUpdate.UpdateTime.PreFCP recorded 1 samples, mean = 9.0 (flags = 0x41)
0  ... 
8  -O                                                                        (1 = 100.0%) {0.0%}
11 ... 

Histogram: Bookmarks.BookmarkBar.Shown recorded 1 samples, mean = 0.0 (flags = 0x41)
0  -O                                                                        (1 = 100.0%)
1  ... 

Histogram: Bookmarks.Count.OnProfileLoad3 recorded 1 samples, mean = 0.0 (flags = 0x41)
0  -O                                                                        (1 = 100.0%)
1  ... 

Histogram: Bookmarks.Storage.TimeToLoadAtStartup2 recorded 1 samples, mean = 53861.0 (flags = 0x41)
0      ... 
10000  -O                                                                        (1 = 100.0%) {0.0%}

Histogram: Bookmarks.Times.OnProfileLoad.TimeSinceAdded3 recorded 1 samples, mean = 0.0 (flags = 0x41)
0  -O                                                                        (1 = 100.0%)
1  ... 

Histogram: Bookmarks.Utilization.OnProfileLoad.PercentageUsed recorded 1 samples, mean = 0.0 (flags = 0x41)
0  -O                                                                        (1 = 100.0%)
1  ... 

Histogram: Bookmarks.Utilization.OnProfileLoad.TotalUnused recorded 1 samples, mean = 0.0 (flags = 0x41)
0  -O                                                                        (1 = 100.0%)
1  ... 

Histogram: Bookmarks.Utilization.OnProfileLoad.TotalUsed recorded 1 samples, mean = 0.0 (flags = 0x41)
0  -O                                                                        (1 = 100.0%)
1  ... 

Histogram: Browser.ERP.RequestPayloadSizePerHour recorded 3 samples, mean = 0.0 (flags = 0x41)
0  ---O                                                                      (3 = 100.0%)
1  ... 

Histogram: Browser.ERP.ResponsePayloadSizePerHour recorded 3 samples, mean = 0.0 (flags = 0x41)
0  ---O                                                                      (3 = 100.0%)
1  ... 

Histogram: Browser.MainThreadsCongestion.RunningOnly recorded 414 samples, mean = 0.1 (flags = 0x41)
0   ------------------------------------------------------------------------O (411 = 99.3%)
1   ... 
12  O                                                                         (1 = 0.2%) {99.3%}
14  O                                                                         (0 = 0.0%) {99.5%}
16  O                                                                         (1 = 0.2%) {99.5%}
18  O                                                                         (1 = 0.2%) {99.8%}
20  ... 

Histogram: Browser.MainThreadsCongestion.RunningOnly.Initial recorded 1 samples, mean = 18.0 (flags = 0x41)
0   ... 
18  -O                                                                        (1 = 100.0%) {0.0%}
20  ... 

Histogram: Browser.Responsiveness.IOJanksTotalPerMinute recorded 208 samples, mean = 0.0 (flags = 0x41)
0  ------------------------------------------------------------------------O (208 = 100.0%)
1  ... 

Histogram: Browser.Responsiveness.IOJankyIntervalsPerMinute recorded 208 samples, mean = 0.0 (flags = 0x41)
0  ------------------------------------------------------------------------O (208 = 100.0%)
1  ... 

Histogram: BrowserRenderProcessHost.Cleanup.DelayReason recorded 3 samples, mean = 3.0 (flags = 0x41)
0  --O                                                                       (2 = 66.7%)
1  ... 
9  -O                                                                        (1 = 33.3%) {66.7%}
10 ... 

Histogram: BrowserRenderProcessHost.Cleanup.Total recorded 3 samples, mean = 1.0 (flags = 0x41)
0  O                                                                         (0 = 0.0%)
1  ---O                                                                      (3 = 100.0%) {0.0%}
2  O                                                                         (0 = 0.0%) {100.0%}

Histogram: BrowserRenderProcessHost.FastShutdownIfPossible.DelayReason recorded 1 samples, mean = 0.0 (flags = 0x41)
0  -O                                                                        (1 = 100.0%)
1  ... 

Histogram: BrowserRenderProcessHost.FastShutdownIfPossible.Total recorded 1 samples, mean = 1.0 (flags = 0x41)
0  O                                                                         (0 = 0.0%)
1  -O                                                                        (1 = 100.0%) {0.0%}
2  O                                                                         (0 = 0.0%) {100.0%}

Histogram: BrowserRenderProcessHost.SpareProcessEvictedOtherSpare recorded 1 samples, mean = 0.0 (flags = 0x41)
0  -O                                                                        (1 = 100.0%)
1  ... 

Histogram: BrowserRenderProcessHost.SpareProcessMaybeTakeAction recorded 1 samples, mean = 0.0 (flags = 0x41)
0  -O                                                                        (1 = 100.0%)
1  ... 

Histogram: BrowserRenderProcessHost.SpareProcessStartupTime recorded 1 samples, mean = 62072.0 (flags = 0x41)
0      ... 
10000  -O                                                                        (1 = 100.0%) {0.0%}

Histogram: BrowserSwitcher.ExternalGreylistSize recorded 1 samples, mean = 0.0 (flags = 0x41)
0  -O                                                                        (1 = 100.0%)
1  ... 

Histogram: BrowserSwitcher.ExternalSitelistSize recorded 1 samples, mean = 0.0 (flags = 0x41)
0  -O                                                                        (1 = 100.0%)
1  ... 

Histogram: BrowserSwitcher.IeemSitelistSize recorded 1 samples, mean = 0.0 (flags = 0x41)
0  -O                                                                        (1 = 100.0%)
1  ... 

Histogram: BrowsingTopics.BrowsingTopicsState.LoadFinishStatus recorded 1 samples, mean = 1.0 (flags = 0x41)
0  O                                                                         (0 = 0.0%)
1  -O                                                                        (1 = 100.0%) {0.0%}
2  O                                                                         (0 = 0.0%) {100.0%}

Histogram: BrowsingTopics.SiteDataStorage.FileSize.KB recorded 1 samples, mean = 28.0 (flags = 0x41)
0   ... 
28  -O                                                                        (1 = 100.0%) {0.0%}
37  ... 

Histogram: BrowsingTopics.SiteDataStorage.InitStatus recorded 1 samples, mean = 1.0 (flags = 0x41)
0  O                                                                         (0 = 0.0%)
1  -O                                                                        (1 = 100.0%) {0.0%}
2  O                                                                         (0 = 0.0%) {100.0%}

Histogram: CPU.Experimental.CpuEstimationTaskMigrated recorded 41 samples, mean = 0.0 (flags = 0x41)
0  -----------------------------------------O                                (41 = 100.0%)
1  ... 

Histogram: CPU.Experimental.CpuEstimationTaskQueuedTime.Performance recorded 41 samples, mean = 9.6 (flags = 0x41)
0   ... 
7   -------------O                                                            (13 = 31.7%) {0.0%}
9   --------------------------O                                               (26 = 63.4%) {31.7%}
12  -O                                                                        (1 = 2.4%) {95.1%}
16  ... 
28  -O                                                                        (1 = 2.4%) {97.6%}
37  ... 

Histogram: CPU.Experimental.CpuEstimationTaskThreadTime.Performance recorded 41 samples, mean = 107.4 (flags = 0x41)
0    ... 
86   ---------------------------------------O                                  (39 = 95.1%) {0.0%}
113  -O                                                                        (1 = 2.4%) {95.1%}
149  -O                                                                        (1 = 2.4%) {97.6%}
196  ... 

Histogram: CPU.Experimental.CpuEstimationTaskTotalTime.Performance recorded 41 samples, mean = 117.9 (flags = 0x41)
0    ... 
86   --O                                                                       (2 = 4.9%) {0.0%}
113  -------------------------------------O                                    (37 = 90.2%) {4.9%}
149  --O                                                                       (2 = 4.9%) {95.1%}
196  ... 

Histogram: CPU.Experimental.CpuEstimationTaskWallTime.Performance recorded 41 samples, mean = 108.3 (flags = 0x41)
0    ... 
86   ---------------------------------------O                                  (39 = 95.1%) {0.0%}
113  -O                                                                        (1 = 2.4%) {95.1%}
149  -O                                                                        (1 = 2.4%) {97.6%}
196  ... 

Histogram: CPU.Experimental.CpuEstimationThreadTimePercent.Performance recorded 41 samples, mean = 99.1 (flags = 0x41)
0    ... 
98   ------O                                                                   (6 = 14.6%) {0.0%}
99   -------------------------O                                                (25 = 61.0%) {14.6%}
100  ----------O                                                               (10 = 24.4%) {75.6%}
101  O                                                                         (0 = 0.0%) {100.0%}

Histogram: CPU.Experimental.EstimatedFrequencyAsPercentOfLimit.Performance recorded 41 samples, mean = 122.0 (flags = 0x41)
0    ... 
84   -O                                                                        (1 = 2.4%) {0.0%}
85   ... 
94   -O                                                                        (1 = 2.4%) {2.4%}
95   ... 
101  ---------------------------------------O                                  (39 = 95.1%) {4.9%}

Histogram: CPU.Experimental.EstimatedFrequencyAsPercentOfMax.Performance recorded 41 samples, mean = 122.0 (flags = 0x41)
0    ... 
84   -O                                                                        (1 = 2.4%) {0.0%}
85   ... 
94   -O                                                                        (1 = 2.4%) {2.4%}
95   ... 
101  ---------------------------------------O                                  (39 = 95.1%) {4.9%}

Histogram: CertificateType2.BR.Intermediate.ECDSA recorded 8 samples, mean = 256.0 (flags = 0x41)
0    ... 
256  --------O                                                                 (8 = 100.0%) {0.0%}
257  ... 

Histogram: CertificateType2.BR.Intermediate.RSA recorded 37 samples, mean = 2048.0 (flags = 0x41)
0     ... 
2048  -------------------------------------O                                    (37 = 100.0%) {0.0%}
2049  ... 

Histogram: CertificateType2.BR.Leaf.ECDSA recorded 26 samples, mean = 256.0 (flags = 0x41)
0    ... 
256  --------------------------O                                               (26 = 100.0%) {0.0%}
257  ... 

Histogram: CertificateType2.BR.Leaf.RSA recorded 19 samples, mean = 2048.0 (flags = 0x41)
0     ... 
2048  -------------------O                                                      (19 = 100.0%) {0.0%}
2049  ... 

Histogram: CertificateType2.BR.Root.ECDSA recorded 8 samples, mean = 384.0 (flags = 0x41)
0    ... 
384  --------O                                                                 (8 = 100.0%) {0.0%}
385  ... 

Histogram: CertificateType2.BR.Root.RSA recorded 37 samples, mean = 3044.3 (flags = 0x41)
0     ... 
2048  -------------------O                                                      (19 = 51.4%) {0.0%}
2049  ... 
4096  ------------------O                                                       (18 = 48.6%) {51.4%}
4097  ... 

Histogram: ChildProcess.Launched.UtilityProcessHash recorded 11 samples (flags = 0x41)
-2043041185 --O                                                                       (2 = 18.2%)
-1706449158 ---O                                                                      (3 = 27.3%)
-1468742076 --O                                                                       (2 = 18.2%)
1411170475  -O                                                                        (1 = 9.1%)
1882216268  ---O                                                                      (3 = 27.3%)

Histogram: ChildProcess.ProcessLifetime.Utility recorded 11 samples, mean = 2260185.2 (flags = 0x41)
0        -----O                                                                    (5 = 45.5%)
1        ... 
539      -O                                                                        (1 = 9.1%) {45.5%}
730      O                                                                         (0 = 0.0%) {54.5%}
989      -O                                                                        (1 = 9.1%) {54.5%}
1340     ... 
15215    -O                                                                        (1 = 9.1%) {63.6%}
20614    -O                                                                        (1 = 9.1%) {72.7%}
27929    ... 
3600000  --O                                                                       (2 = 18.2%) {81.8%}

Histogram: Chrome.ProcessSingleton.NotifyResult recorded 1 samples, mean = 0.0 (flags = 0x41)
0  -O                                                                        (1 = 100.0%)
1  ... 

Histogram: Chrome.ProcessSingleton.TimeToCreate recorded 1 samples, mean = 29.0 (flags = 0x41)
0   ... 
27  -O                                                                        (1 = 100.0%) {0.0%}
33  ... 

Histogram: Chrome.SystemNetworkContextManager.NetworkSandboxState recorded 7 samples, mean = 0.0 (flags = 0x41)
0  -------O                                                                  (7 = 100.0%)
1  ... 

Histogram: ChromeElf.Beacon.RetryAttemptsBeforeSuccess recorded 1 samples, mean = 0.0 (flags = 0x41)
0  -O                                                                        (1 = 100.0%)
1  ... 

Histogram: ChromeElf.Beacon.SetupStatus recorded 1 samples, mean = 1.0 (flags = 0x41)
0  O                                                                         (0 = 0.0%)
1  -O                                                                        (1 = 100.0%) {0.0%}
2  ... 

Histogram: ChromeElf.ExtensionPoint.EnableState recorded 1 samples, mean = 1.0 (flags = 0x41)
0  O                                                                         (0 = 0.0%)
1  -O                                                                        (1 = 100.0%) {0.0%}
2  O                                                                         (0 = 0.0%) {100.0%}

Histogram: ClientHints.CriticalCHRestart recorded 1 samples, mean = 0.0 (flags = 0x41)
0  -O                                                                        (1 = 100.0%)
1  ... 

Histogram: ClientHints.FetchLatency_PrefRead recorded 3 samples, mean = 11.0 (flags = 0x41)
0   ... 
6   -O                                                                        (1 = 33.3%) {0.0%}
8   -O                                                                        (1 = 33.3%) {33.3%}
11  O                                                                         (0 = 0.0%) {66.7%}
15  -O                                                                        (1 = 33.3%) {66.7%}
21  ... 

Histogram: ClientHints.FetchLatency_PrerenderHost recorded 3 samples, mean = 55.3 (flags = 0x41)
0    --O                                                                       (2 = 66.7%)
1    ... 
146  -O                                                                        (1 = 33.3%) {66.7%}
203  ... 

Histogram: ClientHints.FetchLatency_Total recorded 3 samples, mean = 66.3 (flags = 0x41)
0    ... 
6    -O                                                                        (1 = 33.3%) {0.0%}
8    -O                                                                        (1 = 33.3%) {33.3%}
11   ... 
146  -O                                                                        (1 = 33.3%) {66.7%}
203  ... 

Histogram: Commerce.PDPNavigation.ShoppingList.IneligibilityReason recorded 6 samples, mean = 4.0 (flags = 0x41)
0  ... 
3  --O                                                                       (2 = 33.3%) {0.0%}
4  --O                                                                       (2 = 33.3%) {33.3%}
5  --O                                                                       (2 = 33.3%) {66.7%}
6  ... 

Histogram: Commerce.PriceTracking.DanglingUserSubscriptionCountAtStartup recorded 1 samples, mean = 0.0 (flags = 0x41)
0  -O                                                                        (1 = 100.0%)
1  ... 

Histogram: ComponentUpdater.Calls recorded 1 samples, mean = 1.0 (flags = 0x41)
0  O                                                                         (0 = 0.0%)
1  -O                                                                        (1 = 100.0%) {0.0%}
2  O                                                                         (0 = 0.0%) {100.0%}

Histogram: ComponentUpdater.UpdateCompleteError recorded 1 samples, mean = 0.0 (flags = 0x41)
0  -O                                                                        (1 = 100.0%)
1  ... 

Histogram: ComponentUpdater.UpdateCompleteResult recorded 1 samples, mean = 0.0 (flags = 0x41)
0  -O                                                                        (1 = 100.0%)
1  ... 

Histogram: ComponentUpdater.UpdateCompleteTime recorded 1 samples, mean = 149338.0 (flags = 0x41)
0       ... 
132874  -O                                                                        (1 = 100.0%) {0.0%}
153369  ... 

Histogram: Compositing.Browser.CompositorFrame.Quads recorded 1 samples, mean = 1.0 (flags = 0x41)
0  O                                                                         (0 = 0.0%)
1  -O                                                                        (1 = 100.0%) {0.0%}
2  ... 

Histogram: Compositing.Browser.LayerTreeImpl.CalculateDrawPropertiesUs recorded 1 samples, mean = 5842.0 (flags = 0x41)
0     ... 
5338  -O                                                                        (1 = 100.0%) {0.0%}
7031  ... 

Histogram: Compositing.Browser.LayersUpdateTime recorded 1 samples, mean = 40572.0 (flags = 0x41)
0      ... 
38240  -O                                                                        (1 = 100.0%) {0.0%}
53055  ... 

Histogram: Compositing.ColorGamut recorded 1 samples, mean = 0.0 (flags = 0x41)
0  -O                                                                        (1 = 100.0%)
1  ... 

Histogram: Compositing.DirectRenderer.OverlayProcessingUs recorded 1 samples, mean = 0.0 (flags = 0x41)
0  -O                                                                        (1 = 100.0%)
5  ... 

Histogram: Compositing.DirectRenderer.PartialSwap.ExtraDamage recorded 1 samples, mean = 0.0 (flags = 0x41)
0  -O                                                                        (1 = 100.0%)
1  ... 

Histogram: Compositing.DirectRenderer.PartialSwap.FrameBufferDamage recorded 1 samples, mean = 0.0 (flags = 0x41)
0  -O                                                                        (1 = 100.0%)
1  ... 

Histogram: Compositing.DirectRenderer.PartialSwap.RootDamage recorded 1 samples, mean = 100.0 (flags = 0x41)
0    ... 
100  -O                                                                        (1 = 100.0%) {0.0%}
101  O                                                                         (0 = 0.0%) {100.0%}

Histogram: Compositing.DirectRenderer.PartialSwap.TotalDamage recorded 1 samples, mean = 100.0 (flags = 0x41)
0    ... 
100  -O                                                                        (1 = 100.0%) {0.0%}
101  O                                                                         (0 = 0.0%) {100.0%}

Histogram: Compositing.DirectRenderer.TotalPixelsRendered recorded 1 samples, mean = 1.0 (flags = 0x41)
0  O                                                                         (0 = 0.0%)
1  -O                                                                        (1 = 100.0%) {0.0%}
2  ... 

Histogram: Compositing.Display.Draw.Occlusion.Calculation.Time recorded 1 samples, mean = 12.0 (flags = 0x41)
0   ... 
12  -O                                                                        (1 = 100.0%) {0.0%}
14  ... 

Histogram: Compositing.Display.Draw.Quads recorded 1 samples, mean = 1.0 (flags = 0x41)
0  O                                                                         (0 = 0.0%)
1  -O                                                                        (1 = 100.0%) {0.0%}
2  ... 

Histogram: Compositing.Display.DrawToSwapUs recorded 1 samples, mean = 644846.0 (flags = 0x41)
0      ... 
50000  -O                                                                        (1 = 100.0%) {0.0%}

Histogram: Compositing.Display.FlattenedRenderPassCount recorded 1 samples, mean = 1.0 (flags = 0x41)
0  O                                                                         (0 = 0.0%)
1  -O                                                                        (1 = 100.0%) {0.0%}
2  ... 

Histogram: Compositing.Display.PendingSwaps recorded 1 samples, mean = 1.0 (flags = 0x41)
0  O                                                                         (0 = 0.0%)
1  -O                                                                        (1 = 100.0%) {0.0%}
2  ... 

Histogram: Compositing.Display.VizDependencyResolvedToGpuStartedDrawUs recorded 1 samples, mean = 28.0 (flags = 0x41)
0   ... 
27  -O                                                                        (1 = 100.0%) {0.0%}
33  ... 

Histogram: Compositing.Display.VizScheduledDrawToDependencyResolvedUs recorded 1 samples, mean = 2.0 (flags = 0x41)
0  -O                                                                        (1 = 100.0%)
5  ... 

Histogram: Compositing.Display.VizScheduledDrawToGpuStartedDrawUs recorded 1 samples, mean = 30.0 (flags = 0x41)
0   ... 
27  -O                                                                        (1 = 100.0%) {0.0%}
33  ... 

Histogram: Compositing.SurfaceAggregator.AggregateUs recorded 1 samples, mean = 27306.0 (flags = 0x41)
0      ... 
21156  -O                                                                        (1 = 100.0%) {0.0%}
27864  ... 

Histogram: Compositing.SurfaceAggregator.CopiedSurfaceCount recorded 1 samples, mean = 1.0 (flags = 0x41)
0  O                                                                         (0 = 0.0%)
1  -O                                                                        (1 = 100.0%) {0.0%}
2  ... 

Histogram: Compositing.SurfaceAggregator.CopyUs recorded 1 samples, mean = 203.0 (flags = 0x41)
0    ... 
194  -O                                                                        (1 = 100.0%) {0.0%}
227  ... 

Histogram: Compositing.SurfaceAggregator.HasCopyRequestsPerFrame recorded 1 samples, mean = 0.0 (flags = 0x41)
0  -O                                                                        (1 = 100.0%)
1  ... 

Histogram: Compositing.SurfaceAggregator.HasPixelMovingBackdropFiltersPerFrame recorded 1 samples, mean = 0.0 (flags = 0x41)
0  -O                                                                        (1 = 100.0%)
1  ... 

Histogram: Compositing.SurfaceAggregator.HasPixelMovingFiltersPerFrame recorded 1 samples, mean = 0.0 (flags = 0x41)
0  -O                                                                        (1 = 100.0%)
1  ... 

Histogram: Compositing.SurfaceAggregator.HasUnembeddedRenderPassesPerFrame recorded 1 samples, mean = 0.0 (flags = 0x41)
0  -O                                                                        (1 = 100.0%)
1  ... 

Histogram: Compositing.SurfaceAggregator.PrewalkUs recorded 1 samples, mean = 4749.0 (flags = 0x41)
0     ... 
4543  -O                                                                        (1 = 100.0%) {0.0%}
5320  ... 

Histogram: Compositing.SurfaceAggregator.PrewalkedSurfaceCount recorded 1 samples, mean = 1.0 (flags = 0x41)
0  O                                                                         (0 = 0.0%)
1  -O                                                                        (1 = 100.0%) {0.0%}
2  ... 

Histogram: ContentSettings.GetContentSetting.Network.Duration recorded 4 samples, mean = 1.8 (flags = 0x41)
0  O                                                                         (0 = 0.0%)
1  -O                                                                        (1 = 25.0%) {0.0%}
2  ---O                                                                      (3 = 75.0%) {25.0%}
3  ... 

Histogram: ContentSettings.GetCookieSettingInternal.Duration recorded 12 samples, mean = 10.1 (flags = 0x41)
0   O                                                                         (0 = 0.0%)
1   -O                                                                        (1 = 8.3%) {0.0%}
2   ---O                                                                      (3 = 25.0%) {8.3%}
3   ... 
7   -O                                                                        (1 = 8.3%) {33.3%}
9   -O                                                                        (1 = 8.3%) {41.7%}
12  ---O                                                                      (3 = 25.0%) {50.0%}
16  ---O                                                                      (3 = 25.0%) {75.0%}
21  ... 

Histogram: ContentSettings.NumberOfExceptions recorded 1 samples, mean = 4.0 (flags = 0x41)
0  ... 
4  -O                                                                        (1 = 100.0%) {0.0%}
5  ... 

Histogram: ContentSettings.RegularProfile.DefaultAutoVerifySetting recorded 1 samples, mean = 1.0 (flags = 0x41)
0  O                                                                         (0 = 0.0%)
1  -O                                                                        (1 = 100.0%) {0.0%}
2  ... 

Histogram: ContentSettings.RegularProfile.DefaultAutoplaySetting recorded 1 samples, mean = 1.0 (flags = 0x41)
0  O                                                                         (0 = 0.0%)
1  -O                                                                        (1 = 100.0%) {0.0%}
2  ... 

Histogram: ContentSettings.RegularProfile.DefaultBackgroundSyncSetting recorded 1 samples, mean = 1.0 (flags = 0x41)
0  O                                                                         (0 = 0.0%)
1  -O                                                                        (1 = 100.0%) {0.0%}
2  ... 

Histogram: ContentSettings.RegularProfile.DefaultCookiesSetting recorded 1 samples, mean = 1.0 (flags = 0x41)
0  O                                                                         (0 = 0.0%)
1  -O                                                                        (1 = 100.0%) {0.0%}
2  ... 

Histogram: ContentSettings.RegularProfile.DefaultIdleDetectionSetting recorded 1 samples, mean = 3.0 (flags = 0x41)
0  ... 
3  -O                                                                        (1 = 100.0%) {0.0%}
4  ... 

Histogram: ContentSettings.RegularProfile.DefaultImagesSetting recorded 1 samples, mean = 1.0 (flags = 0x41)
0  O                                                                         (0 = 0.0%)
1  -O                                                                        (1 = 100.0%) {0.0%}
2  ... 

Histogram: ContentSettings.RegularProfile.DefaultJavaScriptSetting recorded 1 samples, mean = 1.0 (flags = 0x41)
0  O                                                                         (0 = 0.0%)
1  -O                                                                        (1 = 100.0%) {0.0%}
2  ... 

Histogram: ContentSettings.RegularProfile.DefaultLocationSetting recorded 1 samples, mean = 3.0 (flags = 0x41)
0  ... 
3  -O                                                                        (1 = 100.0%) {0.0%}
4  ... 

Histogram: ContentSettings.RegularProfile.DefaultMIDISysExSetting recorded 1 samples, mean = 3.0 (flags = 0x41)
0  ... 
3  -O                                                                        (1 = 100.0%) {0.0%}
4  ... 

Histogram: ContentSettings.RegularProfile.DefaultMediaStreamCameraSetting recorded 1 samples, mean = 3.0 (flags = 0x41)
0  ... 
3  -O                                                                        (1 = 100.0%) {0.0%}
4  ... 

Histogram: ContentSettings.RegularProfile.DefaultMediaStreamMicSetting recorded 1 samples, mean = 3.0 (flags = 0x41)
0  ... 
3  -O                                                                        (1 = 100.0%) {0.0%}
4  ... 

Histogram: ContentSettings.RegularProfile.DefaultNotificationsSetting recorded 1 samples, mean = 3.0 (flags = 0x41)
0  ... 
3  -O                                                                        (1 = 100.0%) {0.0%}
4  ... 

Histogram: ContentSettings.RegularProfile.DefaultPopupsSetting recorded 1 samples, mean = 2.0 (flags = 0x41)
0  ... 
2  -O                                                                        (1 = 100.0%) {0.0%}
3  ... 

Histogram: ContentSettings.RegularProfile.DefaultSoundSetting recorded 1 samples, mean = 1.0 (flags = 0x41)
0  O                                                                         (0 = 0.0%)
1  -O                                                                        (1 = 100.0%) {0.0%}
2  ... 

Histogram: ContentSettings.RegularProfile.DefaultStorageAccessSetting recorded 1 samples, mean = 3.0 (flags = 0x41)
0  ... 
3  -O                                                                        (1 = 100.0%) {0.0%}
4  ... 

Histogram: ContentSettings.RegularProfile.DefaultSubresourceFilterSetting recorded 1 samples, mean = 2.0 (flags = 0x41)
0  ... 
2  -O                                                                        (1 = 100.0%) {0.0%}
3  ... 

Histogram: ContentSettings.RegularProfile.DefaultUsbGuardSetting recorded 1 samples, mean = 3.0 (flags = 0x41)
0  ... 
3  -O                                                                        (1 = 100.0%) {0.0%}
4  ... 

Histogram: ContentSettings.RegularProfile.DefaultWebBluetoothGuardSetting recorded 1 samples, mean = 3.0 (flags = 0x41)
0  ... 
3  -O                                                                        (1 = 100.0%) {0.0%}
4  ... 

Histogram: ContentSettings.RegularProfile.Exceptions.3pcd-heuristics-grants recorded 1 samples, mean = 0.0 (flags = 0x41)
0  -O                                                                        (1 = 100.0%)
1  ... 

Histogram: ContentSettings.RegularProfile.Exceptions.3pcd-support recorded 1 samples, mean = 0.0 (flags = 0x41)
0  -O                                                                        (1 = 100.0%)
1  ... 

Histogram: ContentSettings.RegularProfile.Exceptions.abusive-notification-permissions recorded 1 samples, mean = 0.0 (flags = 0x41)
0  -O                                                                        (1 = 100.0%)
1  ... 

Histogram: ContentSettings.RegularProfile.Exceptions.access-to-get-all-screens-media-in-session recorded 1 samples, mean = 0.0 (flags = 0x41)
0  -O                                                                        (1 = 100.0%)
1  ... 

Histogram: ContentSettings.RegularProfile.Exceptions.accessibility-events recorded 1 samples, mean = 0.0 (flags = 0x41)
0  -O                                                                        (1 = 100.0%)
1  ... 

Histogram: ContentSettings.RegularProfile.Exceptions.anti-abuse recorded 1 samples, mean = 0.0 (flags = 0x41)
0  -O                                                                        (1 = 100.0%)
1  ... 

Histogram: ContentSettings.RegularProfile.Exceptions.app-banner recorded 1 samples, mean = 0.0 (flags = 0x41)
0  -O                                                                        (1 = 100.0%)
1  ... 

Histogram: ContentSettings.RegularProfile.Exceptions.ar recorded 1 samples, mean = 0.0 (flags = 0x41)
0  -O                                                                        (1 = 100.0%)
1  ... 

Histogram: ContentSettings.RegularProfile.Exceptions.auto-picture-in-picture recorded 1 samples, mean = 0.0 (flags = 0x41)
0  -O                                                                        (1 = 100.0%)
1  ... 

Histogram: ContentSettings.RegularProfile.Exceptions.auto-select-certificate recorded 1 samples, mean = 0.0 (flags = 0x41)
0  -O                                                                        (1 = 100.0%)
1  ... 

Histogram: ContentSettings.RegularProfile.Exceptions.automatic-downloads recorded 1 samples, mean = 0.0 (flags = 0x41)
0  -O                                                                        (1 = 100.0%)
1  ... 

Histogram: ContentSettings.RegularProfile.Exceptions.automatic-fullscreen recorded 1 samples, mean = 0.0 (flags = 0x41)
0  -O                                                                        (1 = 100.0%)
1  ... 

Histogram: ContentSettings.RegularProfile.Exceptions.autoplay recorded 1 samples, mean = 0.0 (flags = 0x41)
0  -O                                                                        (1 = 100.0%)
1  ... 

Histogram: ContentSettings.RegularProfile.Exceptions.background-sync recorded 1 samples, mean = 0.0 (flags = 0x41)
0  -O                                                                        (1 = 100.0%)
1  ... 

Histogram: ContentSettings.RegularProfile.Exceptions.bluetooth-chooser-data recorded 1 samples, mean = 0.0 (flags = 0x41)
0  -O                                                                        (1 = 100.0%)
1  ... 

Histogram: ContentSettings.RegularProfile.Exceptions.bluetooth-guard recorded 1 samples, mean = 0.0 (flags = 0x41)
0  -O                                                                        (1 = 100.0%)
1  ... 

Histogram: ContentSettings.RegularProfile.Exceptions.bluetooth-scanning recorded 1 samples, mean = 0.0 (flags = 0x41)
0  -O                                                                        (1 = 100.0%)
1  ... 

Histogram: ContentSettings.RegularProfile.Exceptions.camera-pan-tilt-zoom recorded 1 samples, mean = 0.0 (flags = 0x41)
0  -O                                                                        (1 = 100.0%)
1  ... 

Histogram: ContentSettings.RegularProfile.Exceptions.captured-surface-control recorded 1 samples, mean = 0.0 (flags = 0x41)
0  -O                                                                        (1 = 100.0%)
1  ... 

Histogram: ContentSettings.RegularProfile.Exceptions.client-hints recorded 1 samples, mean = 1.0 (flags = 0x41)
0  O                                                                         (0 = 0.0%)
1  -O                                                                        (1 = 100.0%) {0.0%}
2  ... 

Histogram: ContentSettings.RegularProfile.Exceptions.clipboard recorded 1 samples, mean = 0.0 (flags = 0x41)
0  -O                                                                        (1 = 100.0%)
1  ... 

Histogram: ContentSettings.RegularProfile.Exceptions.cookie-controls-metadata recorded 1 samples, mean = 0.0 (flags = 0x41)
0  -O                                                                        (1 = 100.0%)
1  ... 

Histogram: ContentSettings.RegularProfile.Exceptions.cookies recorded 1 samples, mean = 0.0 (flags = 0x41)
0  -O                                                                        (1 = 100.0%)
1  ... 

Histogram: ContentSettings.RegularProfile.Exceptions.cookies.Allow recorded 1 samples, mean = 0.0 (flags = 0x41)
0  -O                                                                        (1 = 100.0%)
1  ... 

Histogram: ContentSettings.RegularProfile.Exceptions.cookies.AllowThirdParty recorded 1 samples, mean = 0.0 (flags = 0x41)
0  -O                                                                        (1 = 100.0%)
1  ... 

Histogram: ContentSettings.RegularProfile.Exceptions.cookies.Block recorded 1 samples, mean = 0.0 (flags = 0x41)
0  -O                                                                        (1 = 100.0%)
1  ... 

Histogram: ContentSettings.RegularProfile.Exceptions.cookies.DomainWildcardAllowThirdParty recorded 1 samples, mean = 0.0 (flags = 0x41)
0  -O                                                                        (1 = 100.0%)
1  ... 

Histogram: ContentSettings.RegularProfile.Exceptions.cookies.SessionOnly recorded 1 samples, mean = 0.0 (flags = 0x41)
0  -O                                                                        (1 = 100.0%)
1  ... 

Histogram: ContentSettings.RegularProfile.Exceptions.cookies.TemporaryAllowThirdParty recorded 1 samples, mean = 0.0 (flags = 0x41)
0  -O                                                                        (1 = 100.0%)
1  ... 

Histogram: ContentSettings.RegularProfile.Exceptions.direct-sockets recorded 1 samples, mean = 0.0 (flags = 0x41)
0  -O                                                                        (1 = 100.0%)
1  ... 

Histogram: ContentSettings.RegularProfile.Exceptions.display-media-system-audio recorded 1 samples, mean = 0.0 (flags = 0x41)
0  -O                                                                        (1 = 100.0%)
1  ... 

Histogram: ContentSettings.RegularProfile.Exceptions.durable-storage recorded 1 samples, mean = 0.0 (flags = 0x41)
0  -O                                                                        (1 = 100.0%)
1  ... 

Histogram: ContentSettings.RegularProfile.Exceptions.fedcm-idp-registration recorded 1 samples, mean = 0.0 (flags = 0x41)
0  -O                                                                        (1 = 100.0%)
1  ... 

Histogram: ContentSettings.RegularProfile.Exceptions.fedcm-idp-signin recorded 1 samples, mean = 1.0 (flags = 0x41)
0  O                                                                         (0 = 0.0%)
1  -O                                                                        (1 = 100.0%) {0.0%}
2  ... 

Histogram: ContentSettings.RegularProfile.Exceptions.fedcm-share recorded 1 samples, mean = 0.0 (flags = 0x41)
0  -O                                                                        (1 = 100.0%)
1  ... 

Histogram: ContentSettings.RegularProfile.Exceptions.file-system-access-chooser-data recorded 1 samples, mean = 0.0 (flags = 0x41)
0  -O                                                                        (1 = 100.0%)
1  ... 

Histogram: ContentSettings.RegularProfile.Exceptions.file-system-access-extended-permission recorded 1 samples, mean = 0.0 (flags = 0x41)
0  -O                                                                        (1 = 100.0%)
1  ... 

Histogram: ContentSettings.RegularProfile.Exceptions.file-system-access-restore-permission recorded 1 samples, mean = 0.0 (flags = 0x41)
0  -O                                                                        (1 = 100.0%)
1  ... 

Histogram: ContentSettings.RegularProfile.Exceptions.file-system-last-picked-directory recorded 1 samples, mean = 0.0 (flags = 0x41)
0  -O                                                                        (1 = 100.0%)
1  ... 

Histogram: ContentSettings.RegularProfile.Exceptions.file-system-read-guard recorded 1 samples, mean = 0.0 (flags = 0x41)
0  -O                                                                        (1 = 100.0%)
1  ... 

Histogram: ContentSettings.RegularProfile.Exceptions.file-system-write-guard recorded 1 samples, mean = 0.0 (flags = 0x41)
0  -O                                                                        (1 = 100.0%)
1  ... 

Histogram: ContentSettings.RegularProfile.Exceptions.formfill-metadata recorded 1 samples, mean = 0.0 (flags = 0x41)
0  -O                                                                        (1 = 100.0%)
1  ... 

Histogram: ContentSettings.RegularProfile.Exceptions.geolocation recorded 1 samples, mean = 0.0 (flags = 0x41)
0  -O                                                                        (1 = 100.0%)
1  ... 

Histogram: ContentSettings.RegularProfile.Exceptions.hid-chooser-data recorded 1 samples, mean = 0.0 (flags = 0x41)
0  -O                                                                        (1 = 100.0%)
1  ... 

Histogram: ContentSettings.RegularProfile.Exceptions.hid-guard recorded 1 samples, mean = 0.0 (flags = 0x41)
0  -O                                                                        (1 = 100.0%)
1  ... 

Histogram: ContentSettings.RegularProfile.Exceptions.http-allowed recorded 1 samples, mean = 0.0 (flags = 0x41)
0  -O                                                                        (1 = 100.0%)
1  ... 

Histogram: ContentSettings.RegularProfile.Exceptions.https-enforced recorded 1 samples, mean = 0.0 (flags = 0x41)
0  -O                                                                        (1 = 100.0%)
1  ... 

Histogram: ContentSettings.RegularProfile.Exceptions.idle-detection recorded 1 samples, mean = 0.0 (flags = 0x41)
0  -O                                                                        (1 = 100.0%)
1  ... 

Histogram: ContentSettings.RegularProfile.Exceptions.images recorded 1 samples, mean = 0.0 (flags = 0x41)
0  -O                                                                        (1 = 100.0%)
1  ... 

Histogram: ContentSettings.RegularProfile.Exceptions.important-site-info recorded 1 samples, mean = 0.0 (flags = 0x41)
0  -O                                                                        (1 = 100.0%)
1  ... 

Histogram: ContentSettings.RegularProfile.Exceptions.insecure-private-network recorded 1 samples, mean = 0.0 (flags = 0x41)
0  -O                                                                        (1 = 100.0%)
1  ... 

Histogram: ContentSettings.RegularProfile.Exceptions.intent-picker-auto-display recorded 1 samples, mean = 0.0 (flags = 0x41)
0  -O                                                                        (1 = 100.0%)
1  ... 

Histogram: ContentSettings.RegularProfile.Exceptions.javascript recorded 1 samples, mean = 0.0 (flags = 0x41)
0  -O                                                                        (1 = 100.0%)
1  ... 

Histogram: ContentSettings.RegularProfile.Exceptions.javascript-jit recorded 1 samples, mean = 0.0 (flags = 0x41)
0  -O                                                                        (1 = 100.0%)
1  ... 

Histogram: ContentSettings.RegularProfile.Exceptions.javascript-optimizer recorded 1 samples, mean = 0.0 (flags = 0x41)
0  -O                                                                        (1 = 100.0%)
1  ... 

Histogram: ContentSettings.RegularProfile.Exceptions.keyboard-lock recorded 1 samples, mean = 0.0 (flags = 0x41)
0  -O                                                                        (1 = 100.0%)
1  ... 

Histogram: ContentSettings.RegularProfile.Exceptions.legacy-cookie-access recorded 1 samples, mean = 0.0 (flags = 0x41)
0  -O                                                                        (1 = 100.0%)
1  ... 

Histogram: ContentSettings.RegularProfile.Exceptions.local-fonts recorded 1 samples, mean = 0.0 (flags = 0x41)
0  -O                                                                        (1 = 100.0%)
1  ... 

Histogram: ContentSettings.RegularProfile.Exceptions.media-engagement recorded 1 samples, mean = 1.0 (flags = 0x41)
0  O                                                                         (0 = 0.0%)
1  -O                                                                        (1 = 100.0%) {0.0%}
2  ... 

Histogram: ContentSettings.RegularProfile.Exceptions.media-stream-camera recorded 1 samples, mean = 0.0 (flags = 0x41)
0  -O                                                                        (1 = 100.0%)
1  ... 

Histogram: ContentSettings.RegularProfile.Exceptions.media-stream-mic recorded 1 samples, mean = 0.0 (flags = 0x41)
0  -O                                                                        (1 = 100.0%)
1  ... 

Histogram: ContentSettings.RegularProfile.Exceptions.midi-sysex recorded 1 samples, mean = 0.0 (flags = 0x41)
0  -O                                                                        (1 = 100.0%)
1  ... 

Histogram: ContentSettings.RegularProfile.Exceptions.mixed-script recorded 1 samples, mean = 0.0 (flags = 0x41)
0  -O                                                                        (1 = 100.0%)
1  ... 

Histogram: ContentSettings.RegularProfile.Exceptions.nfc-devices recorded 1 samples, mean = 0.0 (flags = 0x41)
0  -O                                                                        (1 = 100.0%)
1  ... 

Histogram: ContentSettings.RegularProfile.Exceptions.notification-interactions recorded 1 samples, mean = 0.0 (flags = 0x41)
0  -O                                                                        (1 = 100.0%)
1  ... 

Histogram: ContentSettings.RegularProfile.Exceptions.notification-permission-review recorded 1 samples, mean = 0.0 (flags = 0x41)
0  -O                                                                        (1 = 100.0%)
1  ... 

Histogram: ContentSettings.RegularProfile.Exceptions.notifications recorded 1 samples, mean = 0.0 (flags = 0x41)
0  -O                                                                        (1 = 100.0%)
1  ... 

Histogram: ContentSettings.RegularProfile.Exceptions.password-protection recorded 1 samples, mean = 0.0 (flags = 0x41)
0  -O                                                                        (1 = 100.0%)
1  ... 

Histogram: ContentSettings.RegularProfile.Exceptions.payment-handler recorded 1 samples, mean = 0.0 (flags = 0x41)
0  -O                                                                        (1 = 100.0%)
1  ... 

Histogram: ContentSettings.RegularProfile.Exceptions.permission-autoblocking-data recorded 1 samples, mean = 0.0 (flags = 0x41)
0  -O                                                                        (1 = 100.0%)
1  ... 

Histogram: ContentSettings.RegularProfile.Exceptions.permission-autorevocation-data recorded 1 samples, mean = 0.0 (flags = 0x41)
0  -O                                                                        (1 = 100.0%)
1  ... 

Histogram: ContentSettings.RegularProfile.Exceptions.pointer-lock recorded 1 samples, mean = 0.0 (flags = 0x41)
0  -O                                                                        (1 = 100.0%)
1  ... 

Histogram: ContentSettings.RegularProfile.Exceptions.popups recorded 1 samples, mean = 0.0 (flags = 0x41)
0  -O                                                                        (1 = 100.0%)
1  ... 

Histogram: ContentSettings.RegularProfile.Exceptions.popups.Allow recorded 1 samples, mean = 0.0 (flags = 0x41)
0  -O                                                                        (1 = 100.0%)
1  ... 

Histogram: ContentSettings.RegularProfile.Exceptions.popups.Block recorded 1 samples, mean = 0.0 (flags = 0x41)
0  -O                                                                        (1 = 100.0%)
1  ... 

Histogram: ContentSettings.RegularProfile.Exceptions.private-network-chooser-data recorded 1 samples, mean = 0.0 (flags = 0x41)
0  -O                                                                        (1 = 100.0%)
1  ... 

Histogram: ContentSettings.RegularProfile.Exceptions.private-network-guard recorded 1 samples, mean = 0.0 (flags = 0x41)
0  -O                                                                        (1 = 100.0%)
1  ... 

Histogram: ContentSettings.RegularProfile.Exceptions.protected-media-identifier recorded 1 samples, mean = 0.0 (flags = 0x41)
0  -O                                                                        (1 = 100.0%)
1  ... 

Histogram: ContentSettings.RegularProfile.Exceptions.protocol-handler recorded 1 samples, mean = 0.0 (flags = 0x41)
0  -O                                                                        (1 = 100.0%)
1  ... 

Histogram: ContentSettings.RegularProfile.Exceptions.reduced-accept-language recorded 1 samples, mean = 0.0 (flags = 0x41)
0  -O                                                                        (1 = 100.0%)
1  ... 

Histogram: ContentSettings.RegularProfile.Exceptions.safe-browsing-url-check-data recorded 1 samples, mean = 0.0 (flags = 0x41)
0  -O                                                                        (1 = 100.0%)
1  ... 

Histogram: ContentSettings.RegularProfile.Exceptions.sensors recorded 1 samples, mean = 0.0 (flags = 0x41)
0  -O                                                                        (1 = 100.0%)
1  ... 

Histogram: ContentSettings.RegularProfile.Exceptions.serial-chooser-data recorded 1 samples, mean = 0.0 (flags = 0x41)
0  -O                                                                        (1 = 100.0%)
1  ... 

Histogram: ContentSettings.RegularProfile.Exceptions.serial-guard recorded 1 samples, mean = 0.0 (flags = 0x41)
0  -O                                                                        (1 = 100.0%)
1  ... 

Histogram: ContentSettings.RegularProfile.Exceptions.site-engagement recorded 1 samples, mean = 1.0 (flags = 0x41)
0  O                                                                         (0 = 0.0%)
1  -O                                                                        (1 = 100.0%) {0.0%}
2  ... 

Histogram: ContentSettings.RegularProfile.Exceptions.sound recorded 1 samples, mean = 0.0 (flags = 0x41)
0  -O                                                                        (1 = 100.0%)
1  ... 

Histogram: ContentSettings.RegularProfile.Exceptions.speaker-selection recorded 1 samples, mean = 0.0 (flags = 0x41)
0  -O                                                                        (1 = 100.0%)
1  ... 

Histogram: ContentSettings.RegularProfile.Exceptions.ssl-cert-decisions recorded 1 samples, mean = 0.0 (flags = 0x41)
0  -O                                                                        (1 = 100.0%)
1  ... 

Histogram: ContentSettings.RegularProfile.Exceptions.storage-access recorded 1 samples, mean = 0.0 (flags = 0x41)
0  -O                                                                        (1 = 100.0%)
1  ... 

Histogram: ContentSettings.RegularProfile.Exceptions.storage-access-header-origin-trial recorded 1 samples, mean = 0.0 (flags = 0x41)
0  -O                                                                        (1 = 100.0%)
1  ... 

Histogram: ContentSettings.RegularProfile.Exceptions.storage-access.Allow recorded 1 samples, mean = 0.0 (flags = 0x41)
0  -O                                                                        (1 = 100.0%)
1  ... 

Histogram: ContentSettings.RegularProfile.Exceptions.storage-access.Ask recorded 1 samples, mean = 0.0 (flags = 0x41)
0  -O                                                                        (1 = 100.0%)
1  ... 

Histogram: ContentSettings.RegularProfile.Exceptions.storage-access.Block recorded 1 samples, mean = 0.0 (flags = 0x41)
0  -O                                                                        (1 = 100.0%)
1  ... 

Histogram: ContentSettings.RegularProfile.Exceptions.storage-access.MaxRequester recorded 1 samples, mean = 0.0 (flags = 0x41)
0  -O                                                                        (1 = 100.0%)
1  ... 

Histogram: ContentSettings.RegularProfile.Exceptions.storage-access.MaxTopLevel recorded 1 samples, mean = 0.0 (flags = 0x41)
0  -O                                                                        (1 = 100.0%)
1  ... 

Histogram: ContentSettings.RegularProfile.Exceptions.subresource-filter recorded 1 samples, mean = 0.0 (flags = 0x41)
0  -O                                                                        (1 = 100.0%)
1  ... 

Histogram: ContentSettings.RegularProfile.Exceptions.subresource-filter-data recorded 1 samples, mean = 0.0 (flags = 0x41)
0  -O                                                                        (1 = 100.0%)
1  ... 

Histogram: ContentSettings.RegularProfile.Exceptions.subresource-filter.Allow recorded 1 samples, mean = 0.0 (flags = 0x41)
0  -O                                                                        (1 = 100.0%)
1  ... 

Histogram: ContentSettings.RegularProfile.Exceptions.subresource-filter.Block recorded 1 samples, mean = 0.0 (flags = 0x41)
0  -O                                                                        (1 = 100.0%)
1  ... 

Histogram: ContentSettings.RegularProfile.Exceptions.third-party-storage-partitioning recorded 1 samples, mean = 0.0 (flags = 0x41)
0  -O                                                                        (1 = 100.0%)
1  ... 

Histogram: ContentSettings.RegularProfile.Exceptions.top-level-3pcd-origin-trial recorded 1 samples, mean = 0.0 (flags = 0x41)
0  -O                                                                        (1 = 100.0%)
1  ... 

Histogram: ContentSettings.RegularProfile.Exceptions.top-level-3pcd-support recorded 1 samples, mean = 0.0 (flags = 0x41)
0  -O                                                                        (1 = 100.0%)
1  ... 

Histogram: ContentSettings.RegularProfile.Exceptions.top-level-storage-access recorded 1 samples, mean = 0.0 (flags = 0x41)
0  -O                                                                        (1 = 100.0%)
1  ... 

Histogram: ContentSettings.RegularProfile.Exceptions.tracking-protection recorded 1 samples, mean = 0.0 (flags = 0x41)
0  -O                                                                        (1 = 100.0%)
1  ... 

Histogram: ContentSettings.RegularProfile.Exceptions.tracking-protection.Allow recorded 1 samples, mean = 0.0 (flags = 0x41)
0  -O                                                                        (1 = 100.0%)
1  ... 

Histogram: ContentSettings.RegularProfile.Exceptions.tracking-protection.Block recorded 1 samples, mean = 0.0 (flags = 0x41)
0  -O                                                                        (1 = 100.0%)
1  ... 

Histogram: ContentSettings.RegularProfile.Exceptions.unused-site-permissions recorded 1 samples, mean = 0.0 (flags = 0x41)
0  -O                                                                        (1 = 100.0%)
1  ... 

Histogram: ContentSettings.RegularProfile.Exceptions.usb-chooser-data recorded 1 samples, mean = 0.0 (flags = 0x41)
0  -O                                                                        (1 = 100.0%)
1  ... 

Histogram: ContentSettings.RegularProfile.Exceptions.usb-guard recorded 1 samples, mean = 0.0 (flags = 0x41)
0  -O                                                                        (1 = 100.0%)
1  ... 

Histogram: ContentSettings.RegularProfile.Exceptions.vr recorded 1 samples, mean = 0.0 (flags = 0x41)
0  -O                                                                        (1 = 100.0%)
1  ... 

Histogram: ContentSettings.RegularProfile.Exceptions.webid-api recorded 1 samples, mean = 0.0 (flags = 0x41)
0  -O                                                                        (1 = 100.0%)
1  ... 

Histogram: ContentSettings.RegularProfile.Exceptions.webid-auto-reauthn recorded 1 samples, mean = 0.0 (flags = 0x41)
0  -O                                                                        (1 = 100.0%)
1  ... 

Histogram: ContentSettings.RegularProfile.Exceptions.window-placement recorded 1 samples, mean = 0.0 (flags = 0x41)
0  -O                                                                        (1 = 100.0%)
1  ... 

Histogram: Conversions.DelayOnAttestationsLoaded recorded 1 samples, mean = 72043.0 (flags = 0x41)
0      ... 
66610  -O                                                                        (1 = 100.0%) {0.0%}
85599  ... 

Histogram: Cookie.DaysSinceRefreshForRetrieval recorded 4 samples, mean = 22.8 (flags = 0x41)
0   O                                                                         (0 = 0.0%)
1   ---O                                                                      (3 = 75.0%) {0.0%}
2   ... 
86  -O                                                                        (1 = 25.0%) {75.0%}
89  ... 

Histogram: Cookie.FirstPartySets.Browser.DelayedQueriesCount recorded 1 samples, mean = 3.0 (flags = 0x41)
0  ... 
3  -O                                                                        (1 = 100.0%) {0.0%}
4  ... 

Histogram: Cookie.FirstPartySets.Browser.MostDelayedQueryDelta recorded 1 samples, mean = 86851.0 (flags = 0x41)
0      ... 
10000  -O                                                                        (1 = 100.0%) {0.0%}

Histogram: Cookie.FirstPartySets.ComponentSetsNonfatalErrors recorded 1 samples, mean = 0.0 (flags = 0x41)
0  -O                                                                        (1 = 100.0%)
1  ... 

Histogram: Cookie.FirstPartySets.ComponentSetsParsedSuccessfully recorded 1 samples, mean = 70.0 (flags = 0x41)
0   ... 
67  -O                                                                        (1 = 100.0%) {0.0%}
75  ... 

Histogram: Cookie.FirstPartySets.ContextDelayedQueriesCount recorded 1 samples, mean = 0.0 (flags = 0x41)
0  -O                                                                        (1 = 100.0%)
1  ... 

Histogram: Cookie.FirstPartySets.ContextMostDelayedQueryDelta recorded 1 samples, mean = 0.0 (flags = 0x41)
0  -O                                                                        (1 = 100.0%)
1  ... 

Histogram: Cookie.FirstPartySets.EnqueueingDelay.ContextConfig2 recorded 1 samples, mean = 83495.0 (flags = 0x41)
0      ... 
10000  -O                                                                        (1 = 100.0%) {0.0%}

Histogram: Cookie.FirstPartySets.InitializationDuration.ContextReadyToServeQueries2 recorded 1 samples, mean = 9377.0 (flags = 0x41)
0     ... 
8416  -O                                                                        (1 = 100.0%) {0.0%}
10000 O                                                                         (0 = 0.0%) {100.0%}

Histogram: Cookie.FirstPartySets.InitializationDuration.ReadCommandLineSet2 recorded 1 samples, mean = 6368.0 (flags = 0x41)
0     ... 
5961  -O                                                                        (1 = 100.0%) {0.0%}
7083  ... 

Histogram: Cookie.FirstPartySets.InitializationDuration.ReadComponentSets2 recorded 1 samples, mean = 86851.0 (flags = 0x41)
0      ... 
10000  -O                                                                        (1 = 100.0%) {0.0%}

Histogram: Cookie.FirstPartySets.InitializationDuration.ReadyToServeQueries2 recorded 1 samples, mean = 11585.0 (flags = 0x41)
0      ... 
10000  -O                                                                        (1 = 100.0%) {0.0%}

Histogram: Cookie.FirstPartySets.Network.DelayedQueriesCount recorded 1 samples, mean = 0.0 (flags = 0x41)
0  -O                                                                        (1 = 100.0%)
1  ... 

Histogram: Cookie.FirstPartySets.Network.MostDelayedQueryDelta recorded 1 samples, mean = 0.0 (flags = 0x41)
0  -O                                                                        (1 = 100.0%)
1  ... 

Histogram: Cookie.FirstPartySets.ProcessedEntireComponent recorded 1 samples, mean = 1.0 (flags = 0x41)
0  O                                                                         (0 = 0.0%)
1  -O                                                                        (1 = 100.0%) {0.0%}
2  O                                                                         (0 = 0.0%) {100.0%}

Histogram: Cookie.FromStorageWithValidLength recorded 4 samples, mean = 1.0 (flags = 0x41)
0  O                                                                         (0 = 0.0%)
1  ----O                                                                     (4 = 100.0%) {0.0%}
2  O                                                                         (0 = 0.0%) {100.0%}

Histogram: Cookie.SessionAgeInHoursGTOneWeek2 recorded 1 samples, mean = 2126.0 (flags = 0x41)
0     ... 
2054  -O                                                                        (1 = 100.0%) {0.0%}
2138  ... 

Histogram: Cookie.SessionAgeSinceLastUpdateInHoursGTOneWeek recorded 1 samples, mean = 2126.0 (flags = 0x41)
0     ... 
2054  -O                                                                        (1 = 100.0%) {0.0%}
2138  ... 

Histogram: Cookie.SourceType recorded 4 samples, mean = 1.0 (flags = 0x41)
0  O                                                                         (0 = 0.0%)
1  ----O                                                                     (4 = 100.0%) {0.0%}
2  ... 

Histogram: Cookie.TimeBlockedOnLoad recorded 1 samples, mean = 1747.0 (flags = 0x41)
0     ... 
1556  -O                                                                        (1 = 100.0%) {0.0%}
1929  ... 

Histogram: Cookie.TimeInitializeDB recorded 1 samples, mean = 85.0 (flags = 0x41)
0   ... 
77  -O                                                                        (1 = 100.0%) {0.0%}
95  ... 

Histogram: Cookie.TimeOpsBlockedDueToGlobalOp recorded 1 samples, mean = 0.0 (flags = 0x41)
0  -O                                                                        (1 = 100.0%)
1  ... 

Histogram: Cookie.Type2 recorded 4 samples, mean = 11.5 (flags = 0x41)
0   ... 
4   -O                                                                        (1 = 25.0%) {0.0%}
5   ... 
14  ---O                                                                      (3 = 75.0%) {25.0%}
15  ... 

Histogram: Crypto.TPMDuration.MessageSigningECDSA recorded 1 samples, mean = 216.0 (flags = 0x41)
0    ... 
173  -O                                                                        (1 = 100.0%) {0.0%}
220  ... 

Histogram: Crypto.TPMDuration.NewKeyCreationECDSA recorded 1 samples, mean = 524.0 (flags = 0x41)
0    ... 
452  -O                                                                        (1 = 100.0%) {0.0%}
574  ... 

Histogram: Crypto.TPMDuration.WrappedKeyCreationECDSA recorded 1 samples, mean = 144.0 (flags = 0x41)
0    ... 
136  -O                                                                        (1 = 100.0%) {0.0%}
173  ... 

Histogram: Crypto.TPMOperation.MessageSigningECDSA recorded 1 samples, mean = 1.0 (flags = 0x41)
0  O                                                                         (0 = 0.0%)
1  -O                                                                        (1 = 100.0%) {0.0%}
2  O                                                                         (0 = 0.0%) {100.0%}

Histogram: Crypto.TPMOperation.MessageVerifyECDSA recorded 1 samples, mean = 1.0 (flags = 0x41)
0  O                                                                         (0 = 0.0%)
1  -O                                                                        (1 = 100.0%) {0.0%}
2  O                                                                         (0 = 0.0%) {100.0%}

Histogram: Crypto.TPMOperation.NewKeyCreationECDSA recorded 1 samples, mean = 1.0 (flags = 0x41)
0  O                                                                         (0 = 0.0%)
1  -O                                                                        (1 = 100.0%) {0.0%}
2  O                                                                         (0 = 0.0%) {100.0%}

Histogram: Crypto.TPMOperation.Virtual.NewKeyCreationECDSA recorded 1 samples, mean = 0.0 (flags = 0x41)
0  -O                                                                        (1 = 100.0%)
1  ... 

Histogram: Crypto.TPMOperation.WrappedKeyCreationECDSA recorded 1 samples, mean = 1.0 (flags = 0x41)
0  O                                                                         (0 = 0.0%)
1  -O                                                                        (1 = 100.0%) {0.0%}
2  O                                                                         (0 = 0.0%) {100.0%}

Histogram: Crypto.TPMSupport2 recorded 1 samples, mean = 2.0 (flags = 0x41)
0  ... 
2  -O                                                                        (1 = 100.0%) {0.0%}
3  O                                                                         (0 = 0.0%) {100.0%}

Histogram: Crypto.TPMSupportType recorded 1 samples, mean = 1.0 (flags = 0x41)
0  O                                                                         (0 = 0.0%)
1  -O                                                                        (1 = 100.0%) {0.0%}
2  ... 

Histogram: Crypto.TpmError.VirtualCreateKey recorded 1 samples (flags = 0x41)
-2146893767-O                                                                        (1 = 100.0%)

Histogram: Crypto.VirtualKeySupport recorded 1 samples, mean = 2.0 (flags = 0x41)
0  ... 
2  -O                                                                        (1 = 100.0%) {0.0%}
3  O                                                                         (0 = 0.0%) {100.0%}

Histogram: DataUse.BytesReceived3.Delegate recorded 85 samples, mean = 258.8 (flags = 0x41)
0     ... 
107   -O                                                                        (1 = 1.2%) {0.0%}
138   O                                                                         (0 = 0.0%) {1.2%}
178   ------------------------------------------------------------------------O (77 = 90.6%) {1.2%}
230   ---O                                                                      (3 = 3.5%) {91.8%}
297   O                                                                         (0 = 0.0%) {95.3%}
383   --O                                                                       (2 = 2.4%) {95.3%}
494   ... 
1366  -O                                                                        (1 = 1.2%) {97.6%}
1761  O                                                                         (0 = 0.0%) {98.8%}
2271  -O                                                                        (1 = 1.2%) {98.8%}
2928  ... 

Histogram: DataUse.BytesSent3.Delegate recorded 85 samples, mean = 1149.5 (flags = 0x41)
0     ... 
12    --O                                                                       (2 = 2.4%) {0.0%}
16    ... 
340   --O                                                                       (2 = 2.4%) {2.4%}
448   --O                                                                       (2 = 2.4%) {4.7%}
590   ... 
1023  ------------------------------------------------------------------------O (75 = 88.2%) {7.1%}
1347  --O                                                                       (2 = 2.4%) {95.3%}
1774  -O                                                                        (1 = 1.2%) {97.6%}
2336  ... 
7031  -O                                                                        (1 = 1.2%) {98.8%}
9260  ... 

Histogram: DefaultBrowser.State recorded 1 samples, mean = 0.0 (flags = 0x41)
0  -O                                                                        (1 = 100.0%)
1  ... 

Histogram: DiskCache.0.Error recorded 1 samples, mean = 0.0 (flags = 0x41)
0  -O                                                                        (1 = 100.0%)
1  ... 

Histogram: DiskCache.0.TotalIOTimeWrite recorded 2 samples, mean = 19.0 (flags = 0x41)
0   -O                                                                        (1 = 50.0%)
1   ... 
34  -O                                                                        (1 = 50.0%) {50.0%}
40  ... 

Histogram: Download.Database.IsAvailable recorded 1 samples, mean = 1.0 (flags = 0x41)
0  O                                                                         (0 = 0.0%)
1  -O                                                                        (1 = 100.0%) {0.0%}
2  O                                                                         (0 = 0.0%) {100.0%}

Histogram: Download.Service.Db.Operation.Success recorded 1 samples, mean = 0.0 (flags = 0x41)
0  -O                                                                        (1 = 100.0%)
1  ... 

Histogram: Download.Service.Db.Records recorded 1 samples, mean = 0.0 (flags = 0x41)
0  -O                                                                        (1 = 100.0%)
1  ... 

Histogram: Download.Service.Db.Records.Active recorded 1 samples, mean = 0.0 (flags = 0x41)
0  -O                                                                        (1 = 100.0%)
1  ... 

Histogram: Download.Service.Db.Records.Available recorded 1 samples, mean = 0.0 (flags = 0x41)
0  -O                                                                        (1 = 100.0%)
1  ... 

Histogram: Download.Service.Db.Records.Complete recorded 1 samples, mean = 0.0 (flags = 0x41)
0  -O                                                                        (1 = 100.0%)
1  ... 

Histogram: Download.Service.Db.Records.New recorded 1 samples, mean = 0.0 (flags = 0x41)
0  -O                                                                        (1 = 100.0%)
1  ... 

Histogram: Download.Service.Db.Records.Paused recorded 1 samples, mean = 0.0 (flags = 0x41)
0  -O                                                                        (1 = 100.0%)
1  ... 

Histogram: Download.Service.Files.CleanUp.External recorded 3 samples, mean = 0.0 (flags = 0x41)
0  ---O                                                                      (3 = 100.0%)
1  ... 

Histogram: Download.Service.Files.CleanUp.External.Orphaned recorded 1 samples, mean = 0.0 (flags = 0x41)
0  -O                                                                        (1 = 100.0%)
1  ... 

Histogram: Download.Service.Files.CleanUp.External.Timeout recorded 1 samples, mean = 0.0 (flags = 0x41)
0  -O                                                                        (1 = 100.0%)
1  ... 

Histogram: Download.Service.Files.CleanUp.External.Unknown recorded 1 samples, mean = 0.0 (flags = 0x41)
0  -O                                                                        (1 = 100.0%)
1  ... 

Histogram: Download.Service.Files.CleanUp.Failure recorded 3 samples, mean = 0.0 (flags = 0x41)
0  ---O                                                                      (3 = 100.0%)
1  ... 

Histogram: Download.Service.Files.CleanUp.Failure.Orphaned recorded 1 samples, mean = 0.0 (flags = 0x41)
0  -O                                                                        (1 = 100.0%)
1  ... 

Histogram: Download.Service.Files.CleanUp.Failure.Timeout recorded 1 samples, mean = 0.0 (flags = 0x41)
0  -O                                                                        (1 = 100.0%)
1  ... 

Histogram: Download.Service.Files.CleanUp.Failure.Unknown recorded 1 samples, mean = 0.0 (flags = 0x41)
0  -O                                                                        (1 = 100.0%)
1  ... 

Histogram: Download.Service.Files.CleanUp.Success recorded 3 samples, mean = 0.0 (flags = 0x41)
0  ---O                                                                      (3 = 100.0%)
1  ... 

Histogram: Download.Service.Files.CleanUp.Success.Orphaned recorded 1 samples, mean = 0.0 (flags = 0x41)
0  -O                                                                        (1 = 100.0%)
1  ... 

Histogram: Download.Service.Files.CleanUp.Success.Timeout recorded 1 samples, mean = 0.0 (flags = 0x41)
0  -O                                                                        (1 = 100.0%)
1  ... 

Histogram: Download.Service.Files.CleanUp.Success.Unknown recorded 1 samples, mean = 0.0 (flags = 0x41)
0  -O                                                                        (1 = 100.0%)
1  ... 

Histogram: Download.Service.StartUpStatus.Initialization recorded 1 samples, mean = 0.0 (flags = 0x41)
0  -O                                                                        (1 = 100.0%)
1  ... 

Histogram: Enterprise.TimeToFirstPolicyLoad.Profile.Unmanaged recorded 1 samples, mean = 0.0 (flags = 0x41)
0  -O                                                                        (1 = 100.0%)
1  ... 

Histogram: EnterpriseCheck.AzureADJoinStatusCheckTime recorded 1 samples, mean = 2.0 (flags = 0x41)
0  ... 
2  -O                                                                        (1 = 100.0%) {0.0%}
3  ... 

Histogram: Event.GestureCreated recorded 1 samples, mean = 12.0 (flags = 0x41)
0   ... 
12  -O                                                                        (1 = 100.0%) {0.0%}
13  ... 

Histogram: Extension.Toolbar.BrowserActionsCount2 recorded 1 samples, mean = 0.0 (flags = 0x41)
0  -O                                                                        (1 = 100.0%)
1  ... 

Histogram: ExtensionToolbarModel.BrowserActionsCount recorded 1 samples, mean = 0.0 (flags = 0x41)
0  -O                                                                        (1 = 100.0%)
1  ... 

Histogram: Extensions.AppLocation2 recorded 1 samples, mean = 5.0 (flags = 0x41)
0  ... 
5  -O                                                                        (1 = 100.0%) {0.0%}
6  ... 

Histogram: Extensions.CorruptExtensionTotalDisables recorded 1 samples, mean = 0.0 (flags = 0x41)
0  -O                                                                        (1 = 100.0%)
1  ... 

Histogram: Extensions.CorruptExtensionTotalDisables2 recorded 1 samples, mean = 0.0 (flags = 0x41)
0  -O                                                                        (1 = 100.0%)
1  ... 

Histogram: Extensions.Database.Open.State recorded 1 samples, mean = 0.0 (flags = 0x41)
0  -O                                                                        (1 = 100.0%)
1  ... 

Histogram: Extensions.DeveloperModeEnabled recorded 2 samples, mean = 0.0 (flags = 0x41)
0  --O                                                                       (2 = 100.0%)
1  ... 

Histogram: Extensions.Disabled recorded 1 samples, mean = 0.0 (flags = 0x41)
0  -O                                                                        (1 = 100.0%)
1  ... 

Histogram: Extensions.Disabled2 recorded 1 samples, mean = 0.0 (flags = 0x41)
0  -O                                                                        (1 = 100.0%)
1  ... 

Histogram: Extensions.DisabledForPermissions recorded 1 samples, mean = 0.0 (flags = 0x41)
0  -O                                                                        (1 = 100.0%)
1  ... 

Histogram: Extensions.DisabledForPermissions2 recorded 1 samples, mean = 0.0 (flags = 0x41)
0  -O                                                                        (1 = 100.0%)
1  ... 

Histogram: Extensions.EventlessEventPages2 recorded 1 samples, mean = 0.0 (flags = 0x41)
0  -O                                                                        (1 = 100.0%)
1  ... 

Histogram: Extensions.ExtensionLocation recorded 1 samples, mean = 5.0 (flags = 0x41)
0  ... 
5  -O                                                                        (1 = 100.0%) {0.0%}
6  ... 

Histogram: Extensions.ExtensionLocation2 recorded 1 samples, mean = 5.0 (flags = 0x41)
0  ... 
5  -O                                                                        (1 = 100.0%) {0.0%}
6  ... 

Histogram: Extensions.ExtensionsWithPageActions recorded 1 samples, mean = 0.0 (flags = 0x41)
0  -O                                                                        (1 = 100.0%)
1  ... 

Histogram: Extensions.ExternalRegistryLoaderWin recorded 1 samples, mean = 0.0 (flags = 0x40)
0  -O                                                                        (1 = 100.0%)
1  ... 

Histogram: Extensions.HomepageOverrides recorded 1 samples, mean = 0.0 (flags = 0x41)
0  -O                                                                        (1 = 100.0%)
1  ... 

Histogram: Extensions.HomepageOverrides2 recorded 1 samples, mean = 0.0 (flags = 0x41)
0  -O                                                                        (1 = 100.0%)
1  ... 

Histogram: Extensions.LoadAll recorded 1 samples, mean = 2.0 (flags = 0x41)
0  ... 
2  -O                                                                        (1 = 100.0%) {0.0%}
3  ... 

Histogram: Extensions.LoadAll2 recorded 1 samples, mean = 2.0 (flags = 0x41)
0  ... 
2  -O                                                                        (1 = 100.0%) {0.0%}
3  ... 

Histogram: Extensions.LoadAllComponentTime recorded 1 samples, mean = 115.0 (flags = 0x41)
0    ... 
114  -O                                                                        (1 = 100.0%) {0.0%}
135  ... 

Histogram: Extensions.LoadAllComponentTime.User recorded 1 samples, mean = 115.0 (flags = 0x41)
0    ... 
114  -O                                                                        (1 = 100.0%) {0.0%}
135  ... 

Histogram: Extensions.LoadAllTime2 recorded 1 samples, mean = 0.0 (flags = 0x41)
0  -O                                                                        (1 = 100.0%)
1  ... 

Histogram: Extensions.LoadAllTime2.User recorded 1 samples, mean = 0.0 (flags = 0x41)
0  -O                                                                        (1 = 100.0%)
1  ... 

Histogram: Extensions.LoadApp recorded 1 samples, mean = 0.0 (flags = 0x41)
0  -O                                                                        (1 = 100.0%)
1  ... 

Histogram: Extensions.LoadApp2 recorded 1 samples, mean = 0.0 (flags = 0x41)
0  -O                                                                        (1 = 100.0%)
1  ... 

Histogram: Extensions.LoadAppExternal recorded 1 samples, mean = 0.0 (flags = 0x41)
0  -O                                                                        (1 = 100.0%)
1  ... 

Histogram: Extensions.LoadAppExternal2 recorded 1 samples, mean = 0.0 (flags = 0x41)
0  -O                                                                        (1 = 100.0%)
1  ... 

Histogram: Extensions.LoadAppUser recorded 1 samples, mean = 0.0 (flags = 0x41)
0  -O                                                                        (1 = 100.0%)
1  ... 

Histogram: Extensions.LoadAppUser2 recorded 1 samples, mean = 0.0 (flags = 0x41)
0  -O                                                                        (1 = 100.0%)
1  ... 

Histogram: Extensions.LoadBrowserAction recorded 1 samples, mean = 0.0 (flags = 0x41)
0  -O                                                                        (1 = 100.0%)
1  ... 

Histogram: Extensions.LoadBrowserAction2 recorded 1 samples, mean = 0.0 (flags = 0x41)
0  -O                                                                        (1 = 100.0%)
1  ... 

Histogram: Extensions.LoadExtension recorded 1 samples, mean = 0.0 (flags = 0x41)
0  -O                                                                        (1 = 100.0%)
1  ... 

Histogram: Extensions.LoadExtension2 recorded 1 samples, mean = 0.0 (flags = 0x41)
0  -O                                                                        (1 = 100.0%)
1  ... 

Histogram: Extensions.LoadExtensionExternal recorded 1 samples, mean = 0.0 (flags = 0x41)
0  -O                                                                        (1 = 100.0%)
1  ... 

Histogram: Extensions.LoadExtensionExternal2 recorded 1 samples, mean = 0.0 (flags = 0x41)
0  -O                                                                        (1 = 100.0%)
1  ... 

Histogram: Extensions.LoadExtensionUser2 recorded 1 samples, mean = 0.0 (flags = 0x41)
0  -O                                                                        (1 = 100.0%)
1  ... 

Histogram: Extensions.LoadHostedApp recorded 1 samples, mean = 0.0 (flags = 0x41)
0  -O                                                                        (1 = 100.0%)
1  ... 

Histogram: Extensions.LoadHostedApp2 recorded 1 samples, mean = 0.0 (flags = 0x41)
0  -O                                                                        (1 = 100.0%)
1  ... 

Histogram: Extensions.LoadNoExtensionAction recorded 1 samples, mean = 0.0 (flags = 0x41)
0  -O                                                                        (1 = 100.0%)
1  ... 

Histogram: Extensions.LoadNoExtensionAction2 recorded 1 samples, mean = 0.0 (flags = 0x41)
0  -O                                                                        (1 = 100.0%)
1  ... 

Histogram: Extensions.LoadOffStoreItems recorded 1 samples, mean = 0.0 (flags = 0x41)
0  -O                                                                        (1 = 100.0%)
1  ... 

Histogram: Extensions.LoadOffStoreItems2 recorded 1 samples, mean = 0.0 (flags = 0x41)
0  -O                                                                        (1 = 100.0%)
1  ... 

Histogram: Extensions.LoadPackagedApp recorded 1 samples, mean = 0.0 (flags = 0x41)
0  -O                                                                        (1 = 100.0%)
1  ... 

Histogram: Extensions.LoadPackagedApp2 recorded 1 samples, mean = 0.0 (flags = 0x41)
0  -O                                                                        (1 = 100.0%)
1  ... 

Histogram: Extensions.LoadPlatformApp recorded 1 samples, mean = 0.0 (flags = 0x41)
0  -O                                                                        (1 = 100.0%)
1  ... 

Histogram: Extensions.LoadPlatformApp2 recorded 1 samples, mean = 0.0 (flags = 0x41)
0  -O                                                                        (1 = 100.0%)
1  ... 

Histogram: Extensions.LoadTheme recorded 1 samples, mean = 0.0 (flags = 0x41)
0  -O                                                                        (1 = 100.0%)
1  ... 

Histogram: Extensions.LoadTheme2 recorded 1 samples, mean = 0.0 (flags = 0x41)
0  -O                                                                        (1 = 100.0%)
1  ... 

Histogram: Extensions.LoadUserScript recorded 1 samples, mean = 0.0 (flags = 0x41)
0  -O                                                                        (1 = 100.0%)
1  ... 

Histogram: Extensions.LoadUserScript2 recorded 1 samples, mean = 0.0 (flags = 0x41)
0  -O                                                                        (1 = 100.0%)
1  ... 

Histogram: Extensions.Management_Refresh recorded 1 samples, mean = 0.0 (flags = 0x41)
0  -O                                                                        (1 = 100.0%)
1  ... 

Histogram: Extensions.ManifestVersion2Count.Component recorded 1 samples, mean = 1.0 (flags = 0x41)
0  O                                                                         (0 = 0.0%)
1  -O                                                                        (1 = 100.0%) {0.0%}
2  ... 

Histogram: Extensions.ManifestVersion2Count.External recorded 1 samples, mean = 0.0 (flags = 0x41)
0  -O                                                                        (1 = 100.0%)
1  ... 

Histogram: Extensions.ManifestVersion2Count.Internal recorded 1 samples, mean = 0.0 (flags = 0x41)
0  -O                                                                        (1 = 100.0%)
1  ... 

Histogram: Extensions.ManifestVersion2Count.Policy recorded 1 samples, mean = 0.0 (flags = 0x41)
0  -O                                                                        (1 = 100.0%)
1  ... 

Histogram: Extensions.ManifestVersion2Count.Unpacked recorded 1 samples, mean = 0.0 (flags = 0x41)
0  -O                                                                        (1 = 100.0%)
1  ... 

Histogram: Extensions.ManifestVersion3Count.Component recorded 1 samples, mean = 0.0 (flags = 0x41)
0  -O                                                                        (1 = 100.0%)
1  ... 

Histogram: Extensions.ManifestVersion3Count.External recorded 1 samples, mean = 0.0 (flags = 0x41)
0  -O                                                                        (1 = 100.0%)
1  ... 

Histogram: Extensions.ManifestVersion3Count.Internal recorded 1 samples, mean = 0.0 (flags = 0x41)
0  -O                                                                        (1 = 100.0%)
1  ... 

Histogram: Extensions.ManifestVersion3Count.Policy recorded 1 samples, mean = 0.0 (flags = 0x41)
0  -O                                                                        (1 = 100.0%)
1  ... 

Histogram: Extensions.ManifestVersion3Count.Unpacked recorded 1 samples, mean = 0.0 (flags = 0x41)
0  -O                                                                        (1 = 100.0%)
1  ... 

Histogram: Extensions.ManifestVersionByLocation.Component recorded 1 samples, mean = 2.0 (flags = 0x41)
0  ... 
2  -O                                                                        (1 = 100.0%) {0.0%}
3  ... 

Histogram: Extensions.ManifestVersionPopulationSplit.Component recorded 1 samples, mean = 1.0 (flags = 0x41)
0  O                                                                         (0 = 0.0%)
1  -O                                                                        (1 = 100.0%) {0.0%}
2  ... 

Histogram: Extensions.ManifestVersionPopulationSplit.External recorded 1 samples, mean = 0.0 (flags = 0x41)
0  -O                                                                        (1 = 100.0%)
1  ... 

Histogram: Extensions.ManifestVersionPopulationSplit.Internal recorded 1 samples, mean = 0.0 (flags = 0x41)
0  -O                                                                        (1 = 100.0%)
1  ... 

Histogram: Extensions.ManifestVersionPopulationSplit.InternalAndExternal recorded 1 samples, mean = 0.0 (flags = 0x41)
0  -O                                                                        (1 = 100.0%)
1  ... 

Histogram: Extensions.ManifestVersionPopulationSplit.Unpacked recorded 1 samples, mean = 0.0 (flags = 0x41)
0  -O                                                                        (1 = 100.0%)
1  ... 

Histogram: Extensions.NewTabPageOverrides recorded 1 samples, mean = 0.0 (flags = 0x41)
0  -O                                                                        (1 = 100.0%)
1  ... 

Histogram: Extensions.NewTabPageOverrides2 recorded 1 samples, mean = 0.0 (flags = 0x41)
0  -O                                                                        (1 = 100.0%)
1  ... 

Histogram: Extensions.NonWebStoreNewTabPageOverrides recorded 1 samples, mean = 0.0 (flags = 0x41)
0  -O                                                                        (1 = 100.0%)
1  ... 

Histogram: Extensions.NonWebStoreNewTabPageOverrides2 recorded 1 samples, mean = 0.0 (flags = 0x41)
0  -O                                                                        (1 = 100.0%)
1  ... 

Histogram: Extensions.NonWebstoreLocation recorded 2 samples, mean = 5.0 (flags = 0x41)
0  ... 
5  --O                                                                       (2 = 100.0%) {0.0%}
6  ... 

Histogram: Extensions.NonWebstoreLocation2 recorded 2 samples, mean = 5.0 (flags = 0x41)
0  ... 
5  --O                                                                       (2 = 100.0%) {0.0%}
6  ... 

Histogram: Extensions.NonWebstoreLocationWithDeveloperModeOff.Enabled3 recorded 2 samples, mean = 5.0 (flags = 0x41)
0  ... 
5  --O                                                                       (2 = 100.0%) {0.0%}
6  ... 

Histogram: Extensions.NotAllowlistedDisabled recorded 1 samples, mean = 0.0 (flags = 0x41)
0  -O                                                                        (1 = 100.0%)
1  ... 

Histogram: Extensions.NotAllowlistedDisabled2 recorded 1 samples, mean = 0.0 (flags = 0x41)
0  -O                                                                        (1 = 100.0%)
1  ... 

Histogram: Extensions.NotAllowlistedEnabled recorded 1 samples, mean = 0.0 (flags = 0x41)
0  -O                                                                        (1 = 100.0%)
1  ... 

Histogram: Extensions.NotAllowlistedEnabled2 recorded 1 samples, mean = 0.0 (flags = 0x41)
0  -O                                                                        (1 = 100.0%)
1  ... 

Histogram: Extensions.ProcessManagerStartupHostsTime2 recorded 1 samples, mean = 0.0 (flags = 0x41)
0  -O                                                                        (1 = 100.0%)
1  ... 

Histogram: Extensions.SearchEngineOverrides recorded 1 samples, mean = 0.0 (flags = 0x41)
0  -O                                                                        (1 = 100.0%)
1  ... 

Histogram: Extensions.SearchEngineOverrides2 recorded 1 samples, mean = 0.0 (flags = 0x41)
0  -O                                                                        (1 = 100.0%)
1  ... 

Histogram: Extensions.StartupPagesOverrides recorded 1 samples, mean = 0.0 (flags = 0x41)
0  -O                                                                        (1 = 100.0%)
1  ... 

Histogram: Extensions.StartupPagesOverrides2 recorded 1 samples, mean = 0.0 (flags = 0x41)
0  -O                                                                        (1 = 100.0%)
1  ... 

Histogram: Extensions.WebRequestBlockingCount recorded 1 samples, mean = 0.0 (flags = 0x41)
0  -O                                                                        (1 = 100.0%)
1  ... 

Histogram: Extensions.WebRequestBlockingCount2 recorded 1 samples, mean = 0.0 (flags = 0x41)
0  -O                                                                        (1 = 100.0%)
1  ... 

Histogram: Extensions.WebRequestCount recorded 1 samples, mean = 0.0 (flags = 0x41)
0  -O                                                                        (1 = 100.0%)
1  ... 

Histogram: Extensions.WebRequestCount2 recorded 1 samples, mean = 0.0 (flags = 0x41)
0  -O                                                                        (1 = 100.0%)
1  ... 

Histogram: FirstPartySets.Database.InitStatus recorded 1 samples, mean = 1.0 (flags = 0x41)
0  O                                                                         (0 = 0.0%)
1  -O                                                                        (1 = 100.0%) {0.0%}
2  ... 

Histogram: FirstPartySets.Database.TransactionFailed recorded 8 samples, mean = 0.0 (flags = 0x41)
0  --------O                                                                 (8 = 100.0%)
1  ... 

Histogram: FirstPartySets.Initialization.ClearSiteDataOutcome recorded 1 samples, mean = 1.0 (flags = 0x41)
0  O                                                                         (0 = 0.0%)
1  -O                                                                        (1 = 100.0%) {0.0%}
2  O                                                                         (0 = 0.0%) {100.0%}

Histogram: FirstPartySets.Initialization.SitesToClear.Count recorded 1 samples, mean = 0.0 (flags = 0x41)
0  -O                                                                        (1 = 100.0%)
1  ... 

Histogram: GCM.DelayedTaskControlledReadyTime recorded 1 samples, mean = 81140.0 (flags = 0x41)
0      ... 
69059  -O                                                                        (1 = 100.0%) {0.0%}
87747  ... 

Histogram: GPU.ANGLE.D3DShaderBlobSizeKB recorded 2 samples, mean = 0.5 (flags = 0x41)
0  --O                                                                       (2 = 100.0%)
1000... 

Histogram: GPU.ANGLE.D3DShaderCompilationTimeUs recorded 2 samples, mean = 24705.0 (flags = 0x41)
0      ... 
21156  --O                                                                       (2 = 100.0%) {0.0%}
27864  ... 

Histogram: GPU.BlocklistFeatureTestResults.Accelerated2dCanvas recorded 1 samples, mean = 0.0 (flags = 0x41)
0  -O                                                                        (1 = 100.0%)
1  ... 

Histogram: GPU.BlocklistFeatureTestResults.GpuCompositing recorded 1 samples, mean = 0.0 (flags = 0x41)
0  -O                                                                        (1 = 100.0%)
1  ... 

Histogram: GPU.BlocklistFeatureTestResults.GpuRasterization recorded 1 samples, mean = 0.0 (flags = 0x41)
0  -O                                                                        (1 = 100.0%)
1  ... 

Histogram: GPU.BlocklistFeatureTestResults.Webgl recorded 1 samples, mean = 0.0 (flags = 0x41)
0  -O                                                                        (1 = 100.0%)
1  ... 

Histogram: GPU.BlocklistFeatureTestResults.Webgl2 recorded 1 samples, mean = 0.0 (flags = 0x41)
0  -O                                                                        (1 = 100.0%)
1  ... 

Histogram: GPU.BlocklistFeatureTestResults.Webgpu recorded 1 samples, mean = 2.0 (flags = 0x41)
0  ... 
2  -O                                                                        (1 = 100.0%) {0.0%}
3  ... 

Histogram: GPU.BlocklistTestResultsPerEntry recorded 1 samples, mean = 0.0 (flags = 0x41)
0  -O                                                                        (1 = 100.0%)
1  ... 

Histogram: GPU.CanvasOopRaster.OopRasterAndGpuAcceleration recorded 1 samples, mean = 0.0 (flags = 0x41)
0  -O                                                                        (1 = 100.0%)
1  ... 

Histogram: GPU.CompositingMode recorded 41 samples, mean = 1.0 (flags = 0x41)
0  O                                                                         (0 = 0.0%)
1  -----------------------------------------O                                (41 = 100.0%) {0.0%}
2  ... 

Histogram: GPU.D3D12FeatureLevel recorded 1 samples, mean = 5.0 (flags = 0x41)
0  ... 
5  -O                                                                        (1 = 100.0%) {0.0%}
6  O                                                                         (0 = 0.0%) {100.0%}

Histogram: GPU.D3D12HighestShaderModel2 recorded 1 samples, mean = 9.0 (flags = 0x41)
0  ... 
9  -O                                                                        (1 = 100.0%) {0.0%}
10 O                                                                         (0 = 0.0%) {100.0%}

Histogram: GPU.DriverBugTestResultsPerEntry recorded 9 samples (flags = 0x41)
0    -O                                                                        (1 = 11.1%)
17   -O                                                                        (1 = 11.1%)
165  -O                                                                        (1 = 11.1%)
206  -O                                                                        (1 = 11.1%)
256  -O                                                                        (1 = 11.1%)
315  -O                                                                        (1 = 11.1%)
403  -O                                                                        (1 = 11.1%)
426  -O                                                                        (1 = 11.1%)
430  -O                                                                        (1 = 11.1%)

Histogram: GPU.EstablishGpuChannelSyncTime recorded 1 samples, mean = 9536.0 (flags = 0x41)
0     ... 
8416  -O                                                                        (1 = 100.0%) {0.0%}
10000 O                                                                         (0 = 0.0%) {100.0%}

Histogram: GPU.EstablishGpuChannelSyncTime.FirstRun recorded 1 samples, mean = 9536.0 (flags = 0x41)
0     ... 
8416  -O                                                                        (1 = 100.0%) {0.0%}
10000 O                                                                         (0 = 0.0%) {100.0%}

Histogram: GPU.GPUProcessLaunchTime recorded 2 samples, mean = 26569.5 (flags = 0x41)
0      ... 
8      -O                                                                        (1 = 50.0%) {0.0%}
10     ... 
10000  -O                                                                        (1 = 50.0%) {50.0%}

Histogram: GPU.GPUProcessTerminationStatus2 recorded 1 samples, mean = 4.0 (flags = 0x41)
0  ... 
4  -O                                                                        (1 = 100.0%) {0.0%}
5  ... 

Histogram: GPU.HardwareAccelerationModeEnabled recorded 1 samples, mean = 1.0 (flags = 0x41)
0  O                                                                         (0 = 0.0%)
1  -O                                                                        (1 = 100.0%) {0.0%}
2  O                                                                         (0 = 0.0%) {100.0%}

Histogram: GPU.MultiGpu.Nvidia recorded 2 samples (flags = 0x41)
9351  --O                                                                       (2 = 100.0%)

Histogram: GPU.ProcessLifetimeEvents.HardwareAccelerated recorded 1 samples, mean = 0.0 (flags = 0x41)
0  -O                                                                        (1 = 100.0%)
1  ... 

Histogram: GPU.SkiaBackendType recorded 1 samples, mean = 2.0 (flags = 0x41)
0  ... 
2  -O                                                                        (1 = 100.0%) {0.0%}
3  ... 

Histogram: GPU.SupportsDX12 recorded 1 samples, mean = 1.0 (flags = 0x41)
0  O                                                                         (0 = 0.0%)
1  -O                                                                        (1 = 100.0%) {0.0%}
2  O                                                                         (0 = 0.0%) {100.0%}

Histogram: GPU.WatchdogThread.Event recorded 1 samples, mean = 0.0 (flags = 0x41)
0  -O                                                                        (1 = 100.0%)
1  ... 

Histogram: GPU.WatchdogThread.Event.main recorded 1 samples, mean = 0.0 (flags = 0x41)
0  -O                                                                        (1 = 100.0%)
1  ... 

Histogram: GPU.WatchdogThread.Timeout recorded 623 samples, mean = 0.0 (flags = 0x41)
0  ------------------------------------------------------------------------O (623 = 100.0%)
1  ... 

Histogram: GPU.WatchdogThread.Timeout.Normal recorded 623 samples, mean = 0.0 (flags = 0x41)
0  ------------------------------------------------------------------------O (623 = 100.0%)
1  ... 

Histogram: GPU.WatchdogThread.Timeout.Normal.main recorded 623 samples, mean = 0.0 (flags = 0x41)
0  ------------------------------------------------------------------------O (623 = 100.0%)
1  ... 

Histogram: GPU.WatchdogThread.Timeout.main recorded 623 samples, mean = 0.0 (flags = 0x41)
0  ------------------------------------------------------------------------O (623 = 100.0%)
1  ... 

Histogram: Gaia.AuthFetcher.ListAccounts.NetErrorCodes recorded 2 samples (flags = 0x41)
0  -O                                                                        (1 = 50.0%)
2  -O                                                                        (1 = 50.0%)

Histogram: Gpu.FenceHandle.CloneCountsPerSubmit recorded 1 samples, mean = 0.0 (flags = 0x41)
0  -O                                                                        (1 = 100.0%)
1  ... 

Histogram: Gpu.GrCompileShaderUs recorded 2 samples, mean = 18497.0 (flags = 0x41)
0      ... 
1774   -O                                                                        (1 = 50.0%) {0.0%}
2336   ... 
27864  -O                                                                        (1 = 50.0%) {50.0%}
36699  ... 

Histogram: Gpu.GrLinkProgramUs recorded 1 samples, mean = 47544.0 (flags = 0x41)
0      ... 
36699  -O                                                                        (1 = 100.0%) {0.0%}
48336  ... 

Histogram: Gpu.PassthroughProgramCacheLoadHitInCache recorded 1 samples, mean = 0.0 (flags = 0x41)
0  -O                                                                        (1 = 100.0%)
1  ... 

Histogram: HangWatcher.IsThreadHung.BrowserProcess.IOThread.Normal recorded 1249 samples, mean = 0.0 (flags = 0x41)
0  ------------------------------------------------------------------------O (1249 = 100.0%)
1  ... 

Histogram: HangWatcher.IsThreadHung.BrowserProcess.UIThread.Normal recorded 1249 samples, mean = 0.0 (flags = 0x41)
0  ------------------------------------------------------------------------O (1249 = 100.0%)
1  ... 

Histogram: HangWatcher.IsThreadHung.RendererProcess.IOThread.BestEffort recorded 1241 samples, mean = 0.0 (flags = 0x41)
0  ------------------------------------------------------------------------O (1241 = 100.0%)
1  ... 

Histogram: HangWatcher.IsThreadHung.RendererProcess.MainThread.BestEffort recorded 1241 samples, mean = 0.0 (flags = 0x41)
0  ------------------------------------------------------------------------O (1241 = 100.0%)
1  ... 

Histogram: HangWatcher.IsThreadHung.UtilityProcess.IOThread recorded 2490 samples, mean = 0.0 (flags = 0x41)
0  ------------------------------------------------------------------------O (2490 = 100.0%)
1  ... 

Histogram: HangWatcher.IsThreadHung.UtilityProcess.MainThread recorded 2490 samples, mean = 0.0 (flags = 0x41)
0  ------------------------------------------------------------------------O (2490 = 100.0%)
1  ... 

Histogram: HangWatcher.SleepDrift.BrowserProcess recorded 3739 samples, mean = 5.0 (flags = 0x41)
0   ------------------------------------------------------------------------O (1214 = 32.5%)
1   -------------------O                                                      (328 = 8.8%) {32.5%}
2   ---------O                                                                (155 = 4.1%) {41.2%}
3   ---------O                                                                (159 = 4.3%) {45.4%}
4   -----------O                                                              (189 = 5.1%) {49.6%}
5   ---------O                                                                (160 = 4.3%) {54.7%}
6   ----------O                                                               (168 = 4.5%) {59.0%}
7   ---------O                                                                (151 = 4.0%) {63.5%}
8   ------------------O                                                       (300 = 8.0%) {67.5%}
10  -----------------O                                                        (288 = 7.7%) {75.5%}
12  ---------------------O                                                    (356 = 9.5%) {83.2%}
14  ----------------O                                                         (271 = 7.2%) {92.8%}
17  ... 

Histogram: Hardware.Display.Count.OnStartup recorded 1 samples, mean = 3.0 (flags = 0x41)
0  ... 
3  -O                                                                        (1 = 100.0%) {0.0%}
4  ... 

Histogram: Hardware.Display.SupportsHDR recorded 3 samples, mean = 0.0 (flags = 0x41)
0  ---O                                                                      (3 = 100.0%)
1  ... 

Histogram: HeapProfiling.InProcess.Enabled recorded 1 samples, mean = 0.0 (flags = 0x41)
0  -O                                                                        (1 = 100.0%)
1  ... 

Histogram: HeapProfiling.InProcess.Enabled.Browser recorded 1 samples, mean = 0.0 (flags = 0x41)
0  -O                                                                        (1 = 100.0%)
1  ... 

Histogram: Histogram.TooManyBuckets.1000 recorded 4 samples (flags = 0x41)
-2140283801 --O                                                                       (2 = 50.0%)
1721222685  --O                                                                       (2 = 50.0%)

Histogram: History.Backend.TransactionCommitSuccess recorded 2 samples, mean = 1.0 (flags = 0x41)
0  O                                                                         (0 = 0.0%)
1  --O                                                                       (2 = 100.0%) {0.0%}
2  O                                                                         (0 = 0.0%) {100.0%}

Histogram: History.ClearBrowsingData.TaskQueueAtShutdown recorded 1 samples, mean = 0.0 (flags = 0x41)
0  -O                                                                        (1 = 100.0%)
1  ... 

Histogram: History.Clusters.ContextClusterer.ClusterCleanedUpBeforePersistence recorded 1 samples, mean = 0.0 (flags = 0x41)
0  -O                                                                        (1 = 100.0%)
1  ... 

Histogram: History.Clusters.ContextClusterer.DbLatency.ReserveNextClusterId recorded 1 samples, mean = 141.0 (flags = 0x41)
0    ... 
135  -O                                                                        (1 = 100.0%) {0.0%}
160  ... 

Histogram: History.Clusters.ContextClusterer.VisitProcessingLatency.CleanUpTimer recorded 20 samples, mean = 0.0 (flags = 0x41)
0  --------------------O                                                     (20 = 100.0%)
1  ... 

Histogram: History.Clusters.ContextClusterer.VisitProcessingLatency.UrlVisited recorded 2 samples, mean = 52.5 (flags = 0x41)
0   ... 
48  --O                                                                       (2 = 100.0%) {0.0%}
57  ... 

Histogram: History.Clusters.ContextClusterer.VisitProcessingLatency.UrlsDeleted recorded 2 samples, mean = 0.0 (flags = 0x41)
0  --O                                                                       (2 = 100.0%)
1  ... 

Histogram: History.Clusters.JourneysEligibleAndEnabledAtSessionStart recorded 1 samples, mean = 1.0 (flags = 0x41)
0  O                                                                         (0 = 0.0%)
1  -O                                                                        (1 = 100.0%) {0.0%}
2  O                                                                         (0 = 0.0%) {100.0%}

Histogram: History.Clusters.KeywordCache.LoadCachesFromPrefs.Latency recorded 1 samples, mean = 0.0 (flags = 0x41)
0  -O                                                                        (1 = 100.0%)
1  ... 

Histogram: History.Clusters.KeywordCache.WriteCache.All.Latency recorded 2 samples, mean = 0.0 (flags = 0x41)
0  --O                                                                       (2 = 100.0%)
1  ... 

Histogram: History.Clusters.KeywordCache.WriteCache.Short.Latency recorded 2 samples, mean = 0.0 (flags = 0x41)
0  --O                                                                       (2 = 100.0%)
1  ... 

Histogram: History.DomainCount1Day_V2 recorded 2 samples, mean = 0.5 (flags = 0x41)
0  -O                                                                        (1 = 50.0%)
1  -O                                                                        (1 = 50.0%) {50.0%}
2  ... 

Histogram: History.DomainCount1Day_V3 recorded 2 samples, mean = 0.5 (flags = 0x41)
0  -O                                                                        (1 = 50.0%)
1  -O                                                                        (1 = 50.0%) {50.0%}
2  ... 

Histogram: History.DomainCount28Day_V2 recorded 2 samples, mean = 1.0 (flags = 0x41)
0  O                                                                         (0 = 0.0%)
1  --O                                                                       (2 = 100.0%) {0.0%}
2  ... 

Histogram: History.DomainCount28Day_V3 recorded 2 samples, mean = 1.0 (flags = 0x41)
0  O                                                                         (0 = 0.0%)
1  --O                                                                       (2 = 100.0%) {0.0%}
2  ... 

Histogram: History.DomainCount7Day_V2 recorded 2 samples, mean = 1.0 (flags = 0x41)
0  O                                                                         (0 = 0.0%)
1  --O                                                                       (2 = 100.0%) {0.0%}
2  ... 

Histogram: History.DomainCount7Day_V3 recorded 2 samples, mean = 1.0 (flags = 0x41)
0  O                                                                         (0 = 0.0%)
1  --O                                                                       (2 = 100.0%) {0.0%}
2  ... 

Histogram: History.InMemoryDBItemCount recorded 1 samples, mean = 3.0 (flags = 0x41)
0  ... 
3  -O                                                                        (1 = 100.0%) {0.0%}
4  ... 

Histogram: History.TopSites.QueryFromHistoryTime recorded 2 samples, mean = 5313.0 (flags = 0x41)
0     ... 
2990  -O                                                                        (1 = 50.0%) {0.0%}
3553  ... 
7083  -O                                                                        (1 = 50.0%) {50.0%}
8416  ... 

Histogram: History.VisitedLinks.HashTableLengthOnReaderInit recorded 2 samples, mean = 16381.0 (flags = 0x41)
0      ... 
14319  --O                                                                       (2 = 100.0%) {0.0%}
19866  ... 

Histogram: History.VisitedLinks.HashTableSizeOnTableCreate recorded 2 samples, mean = 0.0 (flags = 0x41)
0  --O                                                                       (2 = 100.0%)
1  ... 

Histogram: History.VisitedLinks.HashTableUsageOnLinkAdded recorded 2 samples, mean = 18.5 (flags = 0x41)
0   -O                                                                        (1 = 50.0%)
1   ... 
29  -O                                                                        (1 = 50.0%) {50.0%}
40  ... 

Histogram: History.VisitedLinks.TryToAddFingerprint recorded 3 samples, mean = 0.7 (flags = 0x41)
0  -O                                                                        (1 = 33.3%)
1  --O                                                                       (2 = 66.7%) {33.3%}
2  ... 

Histogram: History.VisitedLinks.VisitLoggedFromMainFrame recorded 2 samples, mean = 1.0 (flags = 0x41)
0  O                                                                         (0 = 0.0%)
1  --O                                                                       (2 = 100.0%) {0.0%}
2  O                                                                         (0 = 0.0%) {100.0%}

Histogram: History.VisitedLinks.VisitLoggedFromTransition recorded 2 samples, mean = 2.0 (flags = 0x41)
0  ... 
2  --O                                                                       (2 = 100.0%) {0.0%}
3  ... 

Histogram: HttpCache.AccessToDone2 recorded 1 samples, mean = 419.0 (flags = 0x41)
0    ... 
398  -O                                                                        (1 = 100.0%) {0.0%}
436  ... 

Histogram: HttpCache.AccessToDone2.SentRequest recorded 1 samples, mean = 419.0 (flags = 0x41)
0    ... 
398  -O                                                                        (1 = 100.0%) {0.0%}
436  ... 

Histogram: HttpCache.AddTransactionToEntry recorded 1 samples, mean = 0.0 (flags = 0x41)
0  -O                                                                        (1 = 100.0%)
1  ... 

Histogram: HttpCache.BeforeSend recorded 1 samples, mean = 232.0 (flags = 0x41)
0    ... 
226  -O                                                                        (1 = 100.0%) {0.0%}
268  ... 

Histogram: HttpCache.BeforeSend.NotCached recorded 1 samples, mean = 232.0 (flags = 0x41)
0    ... 
226  -O                                                                        (1 = 100.0%) {0.0%}
268  ... 

Histogram: HttpCache.HardReset recorded 1 samples, mean = 0.0 (flags = 0x40)
0  -O                                                                        (1 = 100.0%)
1  ... 

Histogram: HttpCache.IsNoStore recorded 1 samples, mean = 0.0 (flags = 0x41)
0  -O                                                                        (1 = 100.0%)
1  ... 

Histogram: HttpCache.MaxFileSizeOnInit recorded 1 samples, mean = 40960.0 (flags = 0x41)
0      ... 
37526  -O                                                                        (1 = 100.0%) {0.0%}
42713  ... 

Histogram: HttpCache.Pattern recorded 1 samples, mean = 2.0 (flags = 0x41)
0  ... 
2  -O                                                                        (1 = 100.0%) {0.0%}
3  ... 

Histogram: HttpCache.TotalDiskCacheTimePerTransaction.Write recorded 1 samples, mean = 38.0 (flags = 0x41)
0   ... 
34  -O                                                                        (1 = 100.0%) {0.0%}
40  ... 

Histogram: ImageDecoder.Png.UiGfxIntoSkBitmap recorded 1 samples, mean = 105719.0 (flags = 0x41)
0      ... 
83848  -O                                                                        (1 = 100.0%) {0.0%}
110434 ... 

Histogram: ImportantFile.FileReplaceRetryCount recorded 92 samples, mean = 0.0 (flags = 0x41)
0  ------------------------------------------------------------------------O (92 = 100.0%)
1  ... 

Histogram: ImportantFile.SerializationDuration recorded 75 samples, mean = 0.0 (flags = 0x41)
0  ------------------------------------------------------------------------O (75 = 100.0%)
1  ... 

Histogram: ImportantFile.SerializationDuration.Local_State recorded 8 samples, mean = 0.0 (flags = 0x41)
0  --------O                                                                 (8 = 100.0%)
1  ... 

Histogram: ImportantFile.SerializationDuration.Preferences recorded 6 samples, mean = 0.0 (flags = 0x41)
0  ------O                                                                   (6 = 100.0%)
1  ... 

Histogram: ImportantFile.SerializationDuration.TransportSecurityPersister recorded 1 samples, mean = 0.0 (flags = 0x41)
0  -O                                                                        (1 = 100.0%)
1  ... 

Histogram: ImportantFile.WriteDuration recorded 75 samples, mean = 57.3 (flags = 0x41)
0    ... 
17   ---O                                                                      (3 = 4.0%) {0.0%}
20   ---------O                                                                (9 = 12.0%) {4.0%}
24   ------------O                                                             (12 = 16.0%) {16.0%}
29   ----------------------O                                                   (22 = 29.3%) {32.0%}
34   -------------O                                                            (13 = 17.3%) {61.3%}
40   --------O                                                                 (8 = 10.7%) {78.7%}
48   -O                                                                        (1 = 1.3%) {89.3%}
57   --O                                                                       (2 = 2.7%) {90.7%}
68   -O                                                                        (1 = 1.3%) {93.3%}
81   -O                                                                        (1 = 1.3%) {94.7%}
96   ... 
378  -O                                                                        (1 = 1.3%) {96.0%}
449  O                                                                         (0 = 0.0%) {97.3%}
533  -O                                                                        (1 = 1.3%) {97.3%}
633  ... 
894  -O                                                                        (1 = 1.3%) {98.7%}
1062 ... 

Histogram: ImportantFile.WriteDuration.Local_State recorded 8 samples, mean = 81.6 (flags = 0x41)
0    ... 
29   -O                                                                        (1 = 12.5%) {0.0%}
34   -O                                                                        (1 = 12.5%) {12.5%}
40   -O                                                                        (1 = 12.5%) {25.0%}
48   O                                                                         (0 = 0.0%) {37.5%}
57   -O                                                                        (1 = 12.5%) {37.5%}
68   -O                                                                        (1 = 12.5%) {50.0%}
81   -O                                                                        (1 = 12.5%) {62.5%}
96   -O                                                                        (1 = 12.5%) {75.0%}
114  ... 
190  -O                                                                        (1 = 12.5%) {87.5%}
226  ... 

Histogram: ImportantFile.WriteDuration.Preferences recorded 6 samples, mean = 131.8 (flags = 0x41)
0    ... 
24   -O                                                                        (1 = 16.7%) {0.0%}
29   ... 
40   --O                                                                       (2 = 33.3%) {16.7%}
48   ... 
190  --O                                                                       (2 = 33.3%) {50.0%}
226  -O                                                                        (1 = 16.7%) {83.3%}
268  ... 

Histogram: ImportantFile.WriteDuration.SCTAuditing recorded 1 samples, mean = 122.0 (flags = 0x41)
0    ... 
114  -O                                                                        (1 = 100.0%) {0.0%}
135  ... 

Histogram: ImportantFile.WriteDuration.TransportSecurityPersister recorded 1 samples, mean = 229.0 (flags = 0x41)
0    ... 
226  -O                                                                        (1 = 100.0%) {0.0%}
268  ... 

Histogram: ImportantFile.WriteDuration.TrustedVault recorded 1 samples, mean = 35.0 (flags = 0x41)
0   ... 
34  -O                                                                        (1 = 100.0%) {0.0%}
40  ... 

Histogram: InProductHelp.Config.ParsingEvent recorded 68 samples, mean = 6.4 (flags = 0x41)
0   -----------------------------O                                            (29 = 42.6%)
1   O                                                                         (0 = 0.0%) {42.6%}
2   ---------O                                                                (9 = 13.2%) {42.6%}
3   ... 
14  ------------------------------O                                           (30 = 44.1%) {55.9%}
15  ... 

Histogram: InProductHelp.Db.Init.AvailabilityStore recorded 1 samples, mean = 1.0 (flags = 0x41)
0  O                                                                         (0 = 0.0%)
1  -O                                                                        (1 = 100.0%) {0.0%}
2  O                                                                         (0 = 0.0%) {100.0%}

Histogram: InProductHelp.Db.Init.EventStore recorded 1 samples, mean = 1.0 (flags = 0x41)
0  O                                                                         (0 = 0.0%)
1  -O                                                                        (1 = 100.0%) {0.0%}
2  O                                                                         (0 = 0.0%) {100.0%}

Histogram: InProductHelp.Db.Load.AvailabilityStore recorded 1 samples, mean = 1.0 (flags = 0x41)
0  O                                                                         (0 = 0.0%)
1  -O                                                                        (1 = 100.0%) {0.0%}
2  O                                                                         (0 = 0.0%) {100.0%}

Histogram: InProductHelp.Db.Load.EventStore recorded 1 samples, mean = 1.0 (flags = 0x41)
0  O                                                                         (0 = 0.0%)
1  -O                                                                        (1 = 100.0%) {0.0%}
2  O                                                                         (0 = 0.0%) {100.0%}

Histogram: InProductHelp.Db.TotalEvents recorded 1 samples, mean = 0.0 (flags = 0x41)
0  -O                                                                        (1 = 100.0%)
1  ... 

Histogram: InProductHelp.Db.Update.AvailabilityStore recorded 1 samples, mean = 1.0 (flags = 0x41)
0  O                                                                         (0 = 0.0%)
1  -O                                                                        (1 = 100.0%) {0.0%}
2  O                                                                         (0 = 0.0%) {100.0%}

Histogram: IndexedDB.ContextShutdownDuration recorded 1 samples, mean = 20.0 (flags = 0x41)
0   ... 
20  -O                                                                        (1 = 100.0%) {0.0%}
24  ... 

Histogram: Input.Digitizer.MaxTouchPoints.DirectPen recorded 1 samples, mean = 1.0 (flags = 0x41)
0  O                                                                         (0 = 0.0%)
1  -O                                                                        (1 = 100.0%) {0.0%}
2  ... 

Histogram: Input.Digitizer.MaxTouchPoints.Touch recorded 1 samples, mean = 2.0 (flags = 0x41)
0  ... 
2  -O                                                                        (1 = 100.0%) {0.0%}
3  ... 

Histogram: Input.Digitizer.MaxTouchPointsSupportedBySystemAtStartup recorded 1 samples, mean = 2.0 (flags = 0x41)
0  ... 
2  -O                                                                        (1 = 100.0%) {0.0%}
3  ... 

Histogram: Input.Digitizer.OnStartup recorded 2 samples, mean = 2.0 (flags = 0x41)
0  O                                                                         (0 = 0.0%)
1  -O                                                                        (1 = 50.0%) {0.0%}
2  O                                                                         (0 = 0.0%) {50.0%}
3  -O                                                                        (1 = 50.0%) {50.0%}
4  ... 

Histogram: Input.PointerTypePrimary recorded 1 samples, mean = 2.0 (flags = 0x41)
0  ... 
2  -O                                                                        (1 = 100.0%) {0.0%}
3  O                                                                         (0 = 0.0%) {100.0%}

Histogram: Input.PointerTypesAll recorded 1 samples, mean = 3.0 (flags = 0x41)
0  ... 
3  -O                                                                        (1 = 100.0%) {0.0%}
4  O                                                                         (0 = 0.0%) {100.0%}

Histogram: LanguageDetection.TFLiteModel.WasModelRequestDeferred recorded 1 samples, mean = 1.0 (flags = 0x41)
0  O                                                                         (0 = 0.0%)
1  -O                                                                        (1 = 100.0%) {0.0%}
2  O                                                                         (0 = 0.0%) {100.0%}

Histogram: LanguageUsage.AcceptLanguage recorded 1 samples (flags = 0x41)
25966  -O                                                                        (1 = 100.0%)

Histogram: LanguageUsage.AcceptLanguage.Count recorded 1 samples, mean = 1.0 (flags = 0x41)
0  O                                                                         (0 = 0.0%)
1  -O                                                                        (1 = 100.0%) {0.0%}
2  ... 

Histogram: LevelDB.ApproximateMemTableMemoryUse.BudgetManager recorded 0 samples (flags = 0x41)
0 ... 

Histogram: LevelDB.ApproximateMemTableMemoryUse.CartDatabase recorded 0 samples (flags = 0x41)
0 ... 

Histogram: LevelDB.ApproximateMemTableMemoryUse.ClientCertificatesDatabase recorded 0 samples (flags = 0x41)
0 ... 

Histogram: LevelDB.ApproximateMemTableMemoryUse.CommerceParcelTrackingDatabase recorded 0 samples (flags = 0x41)
0 ... 

Histogram: LevelDB.ApproximateMemTableMemoryUse.CommerceSubscriptionDatabase recorded 0 samples (flags = 0x41)
0 ... 

Histogram: LevelDB.ApproximateMemTableMemoryUse.CouponDatabase recorded 0 samples (flags = 0x41)
0 ... 

Histogram: LevelDB.ApproximateMemTableMemoryUse.DiscountsDatabase recorded 0 samples (flags = 0x41)
0 ... 

Histogram: LevelDB.ApproximateMemTableMemoryUse.DownloadDB recorded 0 samples (flags = 0x41)
0 ... 

Histogram: LevelDB.ApproximateMemTableMemoryUse.DownloadService recorded 0 samples (flags = 0x41)
0 ... 

Histogram: LevelDB.ApproximateMemTableMemoryUse.FeatureEngagementTrackerAvailabilityStore recorded 0 samples (flags = 0x41)
0 ... 

Histogram: LevelDB.ApproximateMemTableMemoryUse.FeatureEngagementTrackerEventStore recorded 0 samples (flags = 0x41)
0 ... 

Histogram: LevelDB.ApproximateMemTableMemoryUse.GCMKeyStore recorded 1 samples, mean = 4104.0 (flags = 0x41)
0  O                                                                         (0 = 0.0%)
1  -O                                                                        (1 = 100.0%) {0.0%}
270601... 

Histogram: LevelDB.ApproximateMemTableMemoryUse.Metadata recorded 1 samples, mean = 12312.0 (flags = 0x41)
0  O                                                                         (0 = 0.0%)
1  -O                                                                        (1 = 100.0%) {0.0%}
270601... 

Histogram: LevelDB.ApproximateMemTableMemoryUse.PersistentOriginTrials recorded 0 samples (flags = 0x41)
0 ... 

Histogram: LevelDB.ApproximateMemTableMemoryUse.PreviewsHintCacheStore recorded 0 samples (flags = 0x41)
0 ... 

Histogram: LevelDB.ApproximateMemTableMemoryUse.SegmentInfoDatabase recorded 0 samples (flags = 0x41)
0 ... 

Histogram: LevelDB.ApproximateMemTableMemoryUse.SharedProtoDB recorded 1 samples, mean = 221616.0 (flags = 0x41)
0  O                                                                         (0 = 0.0%)
1  -O                                                                        (1 = 100.0%) {0.0%}
270601... 

Histogram: LevelDB.ApproximateMemTableMemoryUse.SignalDatabase recorded 0 samples (flags = 0x41)
0 ... 

Histogram: LevelDB.ApproximateMemTableMemoryUse.SignalStorageConfigDatabase recorded 0 samples (flags = 0x41)
0 ... 

Histogram: LevelDB.ApproximateMemTableMemoryUse.StrikeService recorded 0 samples (flags = 0x41)
0 ... 

Histogram: LevelDBEnv.DeleteTableBackupFile recorded 0 samples (flags = 0x41)
0 ... 

Histogram: LevelDBEnv.SyncResult recorded 51 samples, mean = 0.0 (flags = 0x41)
0  ---------------------------------------------------O                      (51 = 100.0%)
1  ... 

Histogram: LoadingPredictor.PredictorDatabaseFileSize recorded 1 samples, mean = 44.0 (flags = 0x41)
0   ... 
37  -O                                                                        (1 = 100.0%) {0.0%}
49  ... 

Histogram: MPArch.ChildProcessLaunchFirst recorded 1 samples, mean = 227.0 (flags = 0x41)
0    ... 
226  -O                                                                        (1 = 100.0%) {0.0%}
268  ... 

Histogram: MPArch.ChildProcessLaunchSubsequent recorded 14 samples, mean = 8.3 (flags = 0x41)
0   ... 
2   ---O                                                                      (3 = 21.4%) {0.0%}
3   --------O                                                                 (8 = 57.1%) {21.4%}
4   -O                                                                        (1 = 7.1%) {78.6%}
5   ... 
24  -O                                                                        (1 = 7.1%) {85.7%}
29  ... 
57  -O                                                                        (1 = 7.1%) {92.9%}
68  ... 

Histogram: Media.GPU.VideoDecoderType recorded 1 samples, mean = 11.0 (flags = 0x41)
0   ... 
11  -O                                                                        (1 = 100.0%) {0.0%}
12  ... 

Histogram: Media.MediaHistory.DatabaseExists recorded 1 samples, mean = 0.0 (flags = 0x41)
0  -O                                                                        (1 = 100.0%)
1  ... 

Histogram: MediaRouter.Cast.Discovery.ConnectedDevicesCount recorded 1 samples, mean = 0.0 (flags = 0x41)
0  -O                                                                        (1 = 100.0%)
1  ... 

Histogram: MediaRouter.Cast.Discovery.KnownDevicesCount recorded 1 samples, mean = 0.0 (flags = 0x41)
0  -O                                                                        (1 = 100.0%)
1  ... 

Histogram: MediaRouter.Dial.AvailableDevicesCount recorded 1 samples, mean = 0.0 (flags = 0x41)
0  -O                                                                        (1 = 100.0%)
1  ... 

Histogram: MediaRouter.Dial.KnownDevicesCount recorded 1 samples, mean = 0.0 (flags = 0x41)
0  -O                                                                        (1 = 100.0%)
1  ... 

Histogram: Memory.Experimental.AvailableMemoryMB recorded 104 samples, mean = 15818.0 (flags = 0x41)
0      ... 
11877  --O                                                                       (2 = 1.9%) {0.0%}
13114  -----O                                                                    (5 = 4.8%) {1.9%}
14480  ---------------------------------------------------------------------O    (69 = 66.3%) {6.7%}
15988  ----O                                                                     (4 = 3.8%) {73.1%}
17653  ------------------------O                                                 (24 = 23.1%) {76.9%}
19492  ... 

Histogram: Memory.Experimental.AvailableMemoryPercent recorded 104 samples, mean = 47.8 (flags = 0x41)
0   ... 
39  --O                                                                       (2 = 1.9%) {0.0%}
40  -O                                                                        (1 = 1.0%) {1.9%}
41  ----O                                                                     (4 = 3.8%) {2.9%}
42  ... 
44  -O                                                                        (1 = 1.0%) {6.7%}
45  -----------------------------O                                            (29 = 27.9%) {7.7%}
46  -----------------------O                                                  (23 = 22.1%) {35.6%}
47  --O                                                                       (2 = 1.9%) {57.7%}
48  --------------O                                                           (14 = 13.5%) {59.6%}
49  --O                                                                       (2 = 1.9%) {73.1%}
50  ... 
53  --O                                                                       (2 = 1.9%) {75.0%}
54  ---O                                                                      (3 = 2.9%) {76.9%}
55  ---------------------O                                                    (21 = 20.2%) {79.8%}
56  ... 

Histogram: Memory.Experimental.Renderer.HighestPrivateMemoryFootprint.0to2min recorded 1 samples, mean = 27.0 (flags = 0x41)
0   ... 
26  -O                                                                        (1 = 100.0%) {0.0%}
29  ... 

Histogram: Memory.Experimental.Renderer.HighestPrivateMemoryFootprint.2to4min recorded 1 samples, mean = 27.0 (flags = 0x41)
0   ... 
26  -O                                                                        (1 = 100.0%) {0.0%}
29  ... 

Histogram: Memory.Experimental.Renderer.HighestPrivateMemoryFootprint.4to8min recorded 1 samples, mean = 25.0 (flags = 0x41)
0   ... 
23  -O                                                                        (1 = 100.0%) {0.0%}
26  ... 

Histogram: Memory.Experimental.Renderer.HighestPrivateMemoryFootprint.8to16min recorded 1 samples, mean = 25.0 (flags = 0x41)
0   ... 
23  -O                                                                        (1 = 100.0%) {0.0%}
26  ... 

Histogram: Memory.PartitionAlloc.MemoryReclaim recorded 12368 samples, mean = 143.7 (flags = 0x41)
0    ... 
21   O                                                                         (2 = 0.0%) {0.0%}
28   -O                                                                        (57 = 0.5%) {0.0%}
37   --------------------------------------O                                   (1545 = 12.5%) {0.5%}
49   ------------------------------------------------------------------------O (2953 = 23.9%) {13.0%}
65   -----------------------------O                                            (1193 = 9.6%) {36.8%}
86   -----------O                                                              (439 = 3.5%) {46.5%}
113  -----------------------------------------O                                (1697 = 13.7%) {50.0%}
149  ---------------------------O                                              (1098 = 8.9%) {63.8%}
196  -----------------O                                                        (701 = 5.7%) {72.6%}
258  -------------------------------------------------O                        (2022 = 16.3%) {78.3%}
340  ---------------O                                                          (627 = 5.1%) {94.7%}
448  -O                                                                        (32 = 0.3%) {99.7%}
590  O                                                                         (2 = 0.0%) {100.0%}
777  ... 

Histogram: Memory.PartitionAlloc.PartitionRoot.ExtrasSize recorded 1 samples, mean = 4.0 (flags = 0x41)
0  ... 
4  -O                                                                        (1 = 100.0%) {0.0%}
5  ... 

Histogram: Memory.PartitionAlloc.PeriodicPurge recorded 847 samples, mean = 19.8 (flags = 0x41)
0   ... 
5   ---O                                                                      (11 = 1.3%) {0.0%}
7   ----------O                                                               (41 = 4.8%) {1.3%}
9   --------------O                                                           (57 = 6.7%) {6.1%}
12  -----------------------------------O                                      (145 = 17.1%) {12.9%}
16  ------------------------------------------------------------------------O (300 = 35.4%) {30.0%}
21  ------------------------------------------O                               (174 = 20.5%) {65.4%}
28  -------------------O                                                      (79 = 9.3%) {86.0%}
37  ------O                                                                   (23 = 2.7%) {95.3%}
49  ---O                                                                      (14 = 1.7%) {98.0%}
65  O                                                                         (2 = 0.2%) {99.6%}
86  O                                                                         (1 = 0.1%) {99.9%}
113 ... 

Histogram: Memory.PressureLevel2 recorded 12491 samples, mean = 0.0 (flags = 0x41)
0  ------------------------------------------------------------------------O (12491 = 100.0%)
1  ... 

Histogram: Mojo.Channel.WriteReceiveMessageProcessType recorded 6 samples, mean = 1.3 (flags = 0x41)
0  ----O                                                                     (4 = 66.7%)
1  O                                                                         (0 = 0.0%) {66.7%}
2  -O                                                                        (1 = 16.7%) {66.7%}
3  ... 
6  -O                                                                        (1 = 16.7%) {83.3%}
7  ... 

Histogram: NQE.ContentObserver.NetworkQualityMeaningfullyChanged recorded 11 samples, mean = 0.4 (flags = 0x40)
0  -------O                                                                  (7 = 63.6%)
1  ----O                                                                     (4 = 36.4%) {63.6%}
2  O                                                                         (0 = 0.0%) {100.0%}

Histogram: NQE.RTT.Error.Absolute recorded 263 samples, mean = 16.4 (flags = 0x41)
0    O                                                                         (0 = 0.0%)
1    ----------O                                                               (10 = 3.8%) {0.0%}
2    -----------O                                                              (11 = 4.2%) {3.8%}
3    ---------------------O                                                    (21 = 8.0%) {8.0%}
4    ------------------------O                                                 (24 = 9.1%) {16.0%}
5    ----------------O                                                         (16 = 6.1%) {25.1%}
6    ---------------------O                                                    (21 = 8.0%) {31.2%}
7    -------------O                                                            (13 = 4.9%) {39.2%}
8    --------------------O                                                     (20 = 7.6%) {44.1%}
10   -------------------O                                                      (19 = 7.2%) {51.7%}
12   -------------O                                                            (13 = 4.9%) {58.9%}
14   --------------------O                                                     (20 = 7.6%) {63.9%}
17   ---------------O                                                          (15 = 5.7%) {71.5%}
20   ------------------O                                                       (18 = 6.8%) {77.2%}
24   -----------O                                                              (11 = 4.2%) {84.0%}
29   ---O                                                                      (3 = 1.1%) {88.2%}
34   -----O                                                                    (5 = 1.9%) {89.4%}
40   ----O                                                                     (4 = 1.5%) {91.3%}
48   --O                                                                       (2 = 0.8%) {92.8%}
57   O                                                                         (0 = 0.0%) {93.5%}
68   --------O                                                                 (8 = 3.0%) {93.5%}
81   ---O                                                                      (3 = 1.1%) {96.6%}
96   ----O                                                                     (4 = 1.5%) {97.7%}
114  -O                                                                        (1 = 0.4%) {99.2%}
135  -O                                                                        (1 = 0.4%) {99.6%}
160  ... 

Histogram: NQE.RTT.Error.IsZero recorded 263 samples, mean = 0.0 (flags = 0x41)
0  ------------------------------------------------------------------------O (263 = 100.0%)
1  ... 

Histogram: NQE.RTT.Error.Negative recorded 230 samples, mean = 15.0 (flags = 0x41)
0    O                                                                         (0 = 0.0%)
1    ----O                                                                     (4 = 1.7%) {0.0%}
2    --------O                                                                 (8 = 3.5%) {1.7%}
3    ---------------------O                                                    (21 = 9.1%) {5.2%}
4    ------------------O                                                       (18 = 7.8%) {14.3%}
5    ----------------O                                                         (16 = 7.0%) {22.2%}
6    ---------------------O                                                    (21 = 9.1%) {29.1%}
7    -------------O                                                            (13 = 5.7%) {38.3%}
8    --------------------O                                                     (20 = 8.7%) {43.9%}
10   ----------------O                                                         (16 = 7.0%) {52.6%}
12   -------------O                                                            (13 = 5.7%) {59.6%}
14   --------------------O                                                     (20 = 8.7%) {65.2%}
17   ---------------O                                                          (15 = 6.5%) {73.9%}
20   ------------------O                                                       (18 = 7.8%) {80.4%}
24   ---------O                                                                (9 = 3.9%) {88.3%}
29   ---O                                                                      (3 = 1.3%) {92.2%}
34   O                                                                         (0 = 0.0%) {93.5%}
40   ----O                                                                     (4 = 1.7%) {93.5%}
48   --O                                                                       (2 = 0.9%) {95.2%}
57   ... 
81   ---O                                                                      (3 = 1.3%) {96.1%}
96   ----O                                                                     (4 = 1.7%) {97.4%}
114  -O                                                                        (1 = 0.4%) {99.1%}
135  -O                                                                        (1 = 0.4%) {99.6%}
160  ... 

Histogram: NQE.RTT.Error.Positive recorded 33 samples, mean = 26.3 (flags = 0x41)
0   O                                                                         (0 = 0.0%)
1   ------O                                                                   (6 = 18.2%) {0.0%}
2   ---O                                                                      (3 = 9.1%) {18.2%}
3   O                                                                         (0 = 0.0%) {27.3%}
4   ------O                                                                   (6 = 18.2%) {27.3%}
5   ... 
10  ---O                                                                      (3 = 9.1%) {45.5%}
12  ... 
24  --O                                                                       (2 = 6.1%) {54.5%}
29  O                                                                         (0 = 0.0%) {60.6%}
34  -----O                                                                    (5 = 15.2%) {60.6%}
40  ... 
68  --------O                                                                 (8 = 24.2%) {75.8%}
81  ... 

Histogram: NQE.RTT.HittingThreshold.EndToEnd.FallbackSuccess recorded 5 samples, mean = 0.0 (flags = 0x41)
0  -----O                                                                    (5 = 100.0%)
1  ... 

Histogram: NQE.RTT.HittingThreshold.Transport.FallbackSuccess recorded 1 samples, mean = 0.0 (flags = 0x41)
0  -O                                                                        (1 = 100.0%)
1  ... 

Histogram: NQE.RTT.ObservationSource recorded 395 samples, mean = 0.7 (flags = 0x41)
0  ------------------------------------------------------------------------O (263 = 66.6%)
1  O                                                                         (0 = 0.0%) {66.6%}
2  -----------------------------------O                                      (127 = 32.2%) {66.6%}
3  O                                                                         (1 = 0.3%) {98.7%}
4  O                                                                         (1 = 0.3%) {99.0%}
5  O                                                                         (0 = 0.0%) {99.2%}
6  O                                                                         (1 = 0.3%) {99.2%}
7  O                                                                         (1 = 0.3%) {99.5%}
8  O                                                                         (1 = 0.3%) {99.7%}
9  O                                                                         (0 = 0.0%) {100.0%}

Histogram: NQE.RTT.OnECTComputation recorded 90 samples, mean = 46.5 (flags = 0x41)
0    ... 
24   -O                                                                        (1 = 1.1%) {0.0%}
29   ---------------------O                                                    (21 = 23.3%) {1.1%}
34   ------------------------------------O                                     (36 = 40.0%) {24.4%}
40   ----------------O                                                         (16 = 17.8%) {64.4%}
48   ----O                                                                     (4 = 4.4%) {82.2%}
57   ---O                                                                      (3 = 3.3%) {86.7%}
68   -O                                                                        (1 = 1.1%) {90.0%}
81   O                                                                         (0 = 0.0%) {91.1%}
96   -O                                                                        (1 = 1.1%) {91.1%}
114  -----O                                                                    (5 = 5.6%) {92.2%}
135  O                                                                         (0 = 0.0%) {97.8%}
160  --O                                                                       (2 = 2.2%) {97.8%}
190  ... 

Histogram: NQE.RenderThreadNotified recorded 10 samples, mean = 1.0 (flags = 0x40)
0  O                                                                         (0 = 0.0%)
1  ----------O                                                               (10 = 100.0%) {0.0%}
2  O                                                                         (0 = 0.0%) {100.0%}

Histogram: NQE.TransportRTT.OnECTComputation recorded 89 samples, mean = 38.8 (flags = 0x41)
0    ... 
24   -O                                                                        (1 = 1.1%) {0.0%}
29   ----------------------------O                                             (28 = 31.5%) {1.1%}
34   -----------------------------------O                                      (35 = 39.3%) {32.6%}
40   -----------------O                                                        (17 = 19.1%) {71.9%}
48   ---O                                                                      (3 = 3.4%) {91.0%}
57   ----O                                                                     (4 = 4.5%) {94.4%}
68   ... 
114  -O                                                                        (1 = 1.1%) {98.9%}
135  ... 

Histogram: Navigation.BeginNavigationImpl.MainFrame recorded 2 samples, mean = 36.5 (flags = 0x41)
0   -O                                                                        (1 = 50.0%)
1   ... 
68  -O                                                                        (1 = 50.0%) {50.0%}
81  ... 

Histogram: Navigation.BrowserInitiatedSessionHistoryCount recorded 1 samples, mean = 0.0 (flags = 0x41)
0  -O                                                                        (1 = 100.0%)
1  ... 

Histogram: Navigation.DidStartLoading.MainFrame recorded 3 samples, mean = 11.3 (flags = 0x41)
0   --O                                                                       (2 = 66.7%)
1   ... 
34  -O                                                                        (1 = 33.3%) {66.7%}
40  ... 

Histogram: Navigation.EarlyRenderFrameHostSwapType recorded 3 samples, mean = 0.0 (flags = 0x41)
0  ---O                                                                      (3 = 100.0%)
1  ... 

Histogram: Navigation.GetFrameHostForNavigation recorded 3 samples, mean = 261.3 (flags = 0x41)
0    --O                                                                       (2 = 66.7%)
1    ... 
752  -O                                                                        (1 = 33.3%) {66.7%}
894  ... 

Histogram: Navigation.GetFrameHostForNavigationTime.InDidCreateNavigationRequest.IsHTTPOrHTTPS recorded 3 samples, mean = 261498.3 (flags = 0x41)
0       ... 
105     --O                                                                       (2 = 66.7%) {0.0%}
146     ... 
728390  -O                                                                        (1 = 33.3%) {66.7%}
1010575 ... 

Histogram: Navigation.LoaderCreateToRequestStart.MainFrame recorded 1 samples, mean = 289.0 (flags = 0x41)
0    ... 
268  -O                                                                        (1 = 100.0%) {0.0%}
318  ... 

Histogram: Navigation.MainFrame.MaxFrameCount recorded 2 samples, mean = 1.0 (flags = 0x41)
0  O                                                                         (0 = 0.0%)
1  --O                                                                       (2 = 100.0%) {0.0%}
2  ... 

Histogram: Navigation.OnBeforeUnloadOverheadTime recorded 1 samples, mean = 41984.0 (flags = 0x41)
0      ... 
10000  -O                                                                        (1 = 100.0%) {0.0%}

Histogram: Navigation.Preconnect.PreresolveJobQueueLength recorded 6 samples, mean = 0.5 (flags = 0x41)
0  ---O                                                                      (3 = 50.0%)
1  ---O                                                                      (3 = 50.0%) {50.0%}
2  ... 

Histogram: Navigation.Preconnect.PreresolveJobQueueingTime recorded 3 samples, mean = 0.0 (flags = 0x41)
0  ---O                                                                      (3 = 100.0%)
1  ... 

Histogram: Navigation.Preconnect.ProxyLookupCallbackQueueingTime recorded 3 samples, mean = 12069.0 (flags = 0x41)
0      ... 
5961   -O                                                                        (1 = 33.3%) {0.0%}
7083   ... 
10000  --O                                                                       (2 = 66.7%) {33.3%}

Histogram: Navigation.Preconnect.ProxyLookupLatency recorded 3 samples, mean = 32968.0 (flags = 0x41)
0      ... 
5961   -O                                                                        (1 = 33.3%) {0.0%}
7083   ... 
10000  --O                                                                       (2 = 66.7%) {33.3%}

Histogram: Navigation.Preconnect.ResolveHostCallbackQueueingTime recorded 3 samples, mean = 2489.0 (flags = 0x41)
0     ... 
2117  ---O                                                                      (3 = 100.0%) {0.0%}
2516  ... 

Histogram: Navigation.Preconnect.ResolveHostLatency recorded 3 samples, mean = 5341.0 (flags = 0x41)
0     ... 
3553  -O                                                                        (1 = 33.3%) {0.0%}
4222  ... 
5961  --O                                                                       (2 = 66.7%) {33.3%}
7083  ... 

Histogram: Navigation.ProcessNavigationThrottlesTime.WillStartRequest.MainFrame recorded 2 samples, mean = 323.0 (flags = 0x41)
0    ... 
160  -O                                                                        (1 = 50.0%) {0.0%}
190  ... 
449  -O                                                                        (1 = 50.0%) {50.0%}
533  ... 

Histogram: Navigation.RegisterNavigationThrottlesTime.MainFrame recorded 2 samples, mean = 86.5 (flags = 0x41)
0    -O                                                                        (1 = 50.0%)
1    ... 
160  -O                                                                        (1 = 50.0%) {50.0%}
190  ... 

Histogram: Navigation.RenderFrameHostConstructor recorded 1 samples, mean = 0.0 (flags = 0x41)
0  -O                                                                        (1 = 100.0%)
1  ... 

Histogram: Navigation.RenderFrameHostDestructor recorded 1 samples, mean = 41.0 (flags = 0x41)
0   ... 
40  -O                                                                        (1 = 100.0%) {0.0%}
48  ... 

Histogram: Navigation.RenderViewHostConstructor recorded 1 samples, mean = 0.0 (flags = 0x41)
0  -O                                                                        (1 = 100.0%)
1  ... 

Histogram: Navigation.RenderViewHostDestructor recorded 1 samples, mean = 0.0 (flags = 0x41)
0  -O                                                                        (1 = 100.0%)
1  ... 

Histogram: Navigation.RenderWidgetHostConstructor recorded 1 samples, mean = 6.0 (flags = 0x41)
0  ... 
6  -O                                                                        (1 = 100.0%) {0.0%}
7  ... 

Histogram: Navigation.RenderWidgetHostDestructor recorded 1 samples, mean = 0.0 (flags = 0x41)
0  -O                                                                        (1 = 100.0%)
1  ... 

Histogram: Navigation.ThrottleCount recorded 2 samples, mean = 20.0 (flags = 0x41)
0   ... 
20  --O                                                                       (2 = 100.0%) {0.0%}
21  ... 

Histogram: Navigation.ThrottleEventDurationTime.WillStartRequest recorded 2 samples, mean = 141.0 (flags = 0x41)
0    ... 
135  --O                                                                       (2 = 100.0%) {0.0%}
160  ... 

Histogram: Navigation.ThrottleEventExecutionTime.WillStartRequest recorded 2 samples, mean = 141.0 (flags = 0x41)
0    ... 
135  --O                                                                       (2 = 100.0%) {0.0%}
160  ... 

Histogram: Navigation.ThrottleExecutionTime.WillStartRequest recorded 40 samples, mean = 7.0 (flags = 0x41)
0    ----------------------------------O                                       (34 = 85.0%)
1    ... 
12   -O                                                                        (1 = 2.5%) {85.0%}
14   O                                                                         (0 = 0.0%) {87.5%}
17   --O                                                                       (2 = 5.0%) {87.5%}
20   O                                                                         (0 = 0.0%) {92.5%}
24   -O                                                                        (1 = 2.5%) {92.5%}
29   ... 
81   -O                                                                        (1 = 2.5%) {95.0%}
96   O                                                                         (0 = 0.0%) {97.5%}
114  -O                                                                        (1 = 2.5%) {97.5%}
135  ... 

Histogram: Navigation.ThrottleTotalDeferCount recorded 2 samples, mean = 0.0 (flags = 0x41)
0  --O                                                                       (2 = 100.0%)
1  ... 

Histogram: Navigation.ThrottleTotalDeferCount.Request recorded 2 samples, mean = 0.0 (flags = 0x41)
0  --O                                                                       (2 = 100.0%)
1  ... 

Histogram: Navigation.ThrottleTotalDeferTime recorded 2 samples, mean = 0.0 (flags = 0x41)
0  --O                                                                       (2 = 100.0%)
1  ... 

Histogram: Navigation.ThrottleTotalDeferTime.Request recorded 2 samples, mean = 0.0 (flags = 0x41)
0  --O                                                                       (2 = 100.0%)
1  ... 

Histogram: Navigation.Throttles.PolicyBlocklist.DeferDurationTime recorded 2 samples, mean = 0.0 (flags = 0x41)
0  --O                                                                       (2 = 100.0%)
1  ... 

Histogram: Navigation.Throttles.PolicyBlocklist.RequestThrottleAction recorded 2 samples, mean = 1.0 (flags = 0x41)
0  O                                                                         (0 = 0.0%)
1  --O                                                                       (2 = 100.0%) {0.0%}
2  ... 

Histogram: Navigation.TpcdMitigations.MetadataInstallationResult recorded 1 samples, mean = 0.0 (flags = 0x41)
0  -O                                                                        (1 = 100.0%)
1  ... 

Histogram: Navigation.UserAgentStringType recorded 3 samples, mean = 1.0 (flags = 0x41)
0  O                                                                         (0 = 0.0%)
1  ---O                                                                      (3 = 100.0%) {0.0%}
2  ... 

Histogram: Navigation.WillStartRequestToLoaderStart.MainFrame recorded 2 samples, mean = 239.0 (flags = 0x41)
0    ... 
135  -O                                                                        (1 = 50.0%) {0.0%}
160  ... 
318  -O                                                                        (1 = 50.0%) {50.0%}
378  ... 

Histogram: NavigationPredictor.SearchEnginePreconnector.IsBrowserAppLikelyInForeground recorded 206 samples, mean = 0.0 (flags = 0x41)
0  ------------------------------------------------------------------------O (205 = 99.5%)
1  O                                                                         (1 = 0.5%) {99.5%}
2  O                                                                         (0 = 0.0%) {100.0%}

Histogram: Net.AlternateProtocolBrokenLocation recorded 1 samples, mean = 2.0 (flags = 0x41)
0  ... 
2  -O                                                                        (1 = 100.0%) {0.0%}
3  ... 

Histogram: Net.AlternateProtocolUsage recorded 350 samples, mean = 5.6 (flags = 0x41)
0  O                                                                         (1 = 0.3%)
1  ---------------------O                                                    (78 = 22.3%) {0.3%}
2  -O                                                                        (2 = 0.6%) {22.6%}
3  -O                                                                        (2 = 0.6%) {23.1%}
4  ... 
7  ------------------------------------------------------------------------O (267 = 76.3%) {23.7%}
8  O                                                                         (0 = 0.0%) {100.0%}

Histogram: Net.AlternateProtocolUsageGoogle recorded 87 samples, mean = 1.3 (flags = 0x41)
0  -O                                                                        (1 = 1.1%)
1  ------------------------------------------------------------------------O (78 = 89.7%) {1.1%}
2  --O                                                                       (2 = 2.3%) {90.8%}
3  --O                                                                       (2 = 2.3%) {93.1%}
4  ... 
7  ----O                                                                     (4 = 4.6%) {95.4%}
8  O                                                                         (0 = 0.0%) {100.0%}

Histogram: Net.AlternateServiceFailed recorded 1 samples (flags = 0x41)
356  -O                                                                        (1 = 100.0%)

Histogram: Net.AlternativeServiceTypeForRequest recorded 358 samples, mean = 0.2 (flags = 0x41)
0  ------------------------------------------------------------------------O (276 = 77.1%)
1  ---------------------O                                                    (82 = 22.9%) {77.1%}
2  ... 

Histogram: Net.CertVerifier.PathBuilderIterationCount recorded 45 samples, mean = 2.0 (flags = 0x41)
0  ... 
2  ---------------------------------------------O                            (45 = 100.0%) {0.0%}
3  ... 

Histogram: Net.CertVerifier_First_Job_Latency recorded 2 samples, mean = 5406.5 (flags = 0x41)
0     ... 
4727  -O                                                                        (1 = 50.0%) {0.0%}
5352  O                                                                         (0 = 0.0%) {50.0%}
6060  -O                                                                        (1 = 50.0%) {50.0%}
6861  ... 

Histogram: Net.CertVerifier_Job_Latency recorded 40 samples, mean = 1572.1 (flags = 0x41)
0     ... 
394   -O                                                                        (1 = 2.5%) {0.0%}
446   ---O                                                                      (3 = 7.5%) {2.5%}
505   ----O                                                                     (4 = 10.0%) {10.0%}
572   --------------------O                                                     (20 = 50.0%) {20.0%}
648   --O                                                                       (2 = 5.0%) {70.0%}
734   ... 
941   -O                                                                        (1 = 2.5%) {75.0%}
1065  O                                                                         (0 = 0.0%) {77.5%}
1206  -O                                                                        (1 = 2.5%) {77.5%}
1365  ... 
4727  -----O                                                                    (5 = 12.5%) {80.0%}
5352  --O                                                                       (2 = 5.0%) {92.5%}
6060  -O                                                                        (1 = 2.5%) {97.5%}
6861  ... 

Histogram: Net.Certificate.TrustAnchor.Request recorded 343 samples (flags = 0x41)
18   ------------------------------------------------------------------------O (259 = 75.5%)
483  --------------------O                                                     (73 = 21.3%)
486  ---O                                                                      (11 = 3.2%)

Histogram: Net.Certificate.TrustAnchor.Verify recorded 45 samples (flags = 0x41)
18   -------------------O                                                      (19 = 42.2%)
483  ------------------O                                                       (18 = 40.0%)
486  --------O                                                                 (8 = 17.8%)

Histogram: Net.ContentEncodingType recorded 344 samples, mean = 0.5 (flags = 0x41)
0  ------------------------------------------------------------------------O (264 = 76.7%)
1  O                                                                         (0 = 0.0%) {76.7%}
2  ----------------------O                                                   (80 = 23.3%) {76.7%}
3  ... 

Histogram: Net.CountOfBrokenAlternativeServices recorded 1 samples, mean = 0.0 (flags = 0x41)
0  -O                                                                        (1 = 100.0%)
1  ... 

Histogram: Net.CountOfQuicServerInfos recorded 1 samples, mean = 0.0 (flags = 0x41)
0  -O                                                                        (1 = 100.0%)
1  ... 

Histogram: Net.CountOfRecentlyBrokenAlternativeServices recorded 1 samples, mean = 1.0 (flags = 0x41)
0  O                                                                         (0 = 0.0%)
1  -O                                                                        (1 = 100.0%) {0.0%}
2  ... 

Histogram: Net.DNS.DnsConfig.DnsClientCapability recorded 503 samples, mean = 3.0 (flags = 0x41)
0  ... 
3  ------------------------------------------------------------------------O (503 = 100.0%) {0.0%}
4  O                                                                         (0 = 0.0%) {100.0%}

Histogram: Net.DNS.DnsConfig.SecureDnsMode recorded 2 samples, mean = 4.0 (flags = 0x41)
0  ... 
4  --O                                                                       (2 = 100.0%) {0.0%}
5  ... 

Histogram: Net.DNS.DnsConfig.Windows.Compatibility recorded 10 samples, mean = 0.0 (flags = 0x41)
0  ----------O                                                               (10 = 100.0%)
1  ... 

Histogram: Net.DNS.DnsConfig.Windows.ReadSystemSettings0 recorded 10 samples, mean = 0.0 (flags = 0x41)
0  ----------O                                                               (10 = 100.0%)
1  ... 

Histogram: Net.DNS.DnsHosts.Count recorded 2 samples, mean = 0.0 (flags = 0x41)
0  --O                                                                       (2 = 100.0%)
1  ... 

Histogram: Net.DNS.DnsHosts.EstimateMemoryUsage recorded 2 samples, mean = 0.0 (flags = 0x41)
0  --O                                                                       (2 = 100.0%)
1000... 

Histogram: Net.DNS.DnsHosts.FileSize recorded 2 samples, mean = 824.0 (flags = 0x41)
0    ... 
737  --O                                                                       (2 = 100.0%) {0.0%}
1065 ... 

Histogram: Net.DNS.DnsTask.SuccessTime recorded 93 samples, mean = 158.6 (flags = 0x41)
0    ... 
24   -O                                                                        (1 = 1.1%) {0.0%}
28   O                                                                         (0 = 0.0%) {1.1%}
32   -O                                                                        (1 = 1.1%) {1.1%}
37   O                                                                         (0 = 0.0%) {2.2%}
43   ----O                                                                     (4 = 4.3%) {2.2%}
50   -O                                                                        (1 = 1.1%) {6.5%}
58   -------O                                                                  (7 = 7.5%) {7.5%}
67   ----O                                                                     (4 = 4.3%) {15.1%}
77   -------------------------------O                                          (31 = 33.3%) {19.4%}
89   ------------------------O                                                 (24 = 25.8%) {52.7%}
103  ------O                                                                   (6 = 6.5%) {78.5%}
119  ... 
158  -O                                                                        (1 = 1.1%) {84.9%}
182  O                                                                         (0 = 0.0%) {86.0%}
210  --O                                                                       (2 = 2.2%) {86.0%}
242  ... 
659  -----------O                                                              (11 = 11.8%) {88.2%}
761  ... 

Histogram: Net.DNS.DnsTask.SvcbHttpsTransactionError recorded 91 samples, mean = 0.0 (flags = 0x41)
0  ------------------------------------------------------------------------O (91 = 100.0%)
1  ... 

Histogram: Net.DNS.DnsTransaction.AttemptType recorded 279 samples, mean = 2.6 (flags = 0x41)
0  ----------O                                                               (33 = 11.8%)
1  ... 
3  ------------------------------------------------------------------------O (246 = 88.2%) {11.8%}
4  O                                                                         (0 = 0.0%) {100.0%}

Histogram: Net.DNS.DnsTransaction.Insecure.Spectrum1.SuccessTime recorded 31 samples, mean = 54.2 (flags = 0x41)
0    ... 
25   ---O                                                                      (3 = 9.7%) {0.0%}
32   --------O                                                                 (8 = 25.8%) {9.7%}
41   ---------O                                                                (9 = 29.0%) {35.5%}
52   ---O                                                                      (3 = 9.7%) {64.5%}
66   --O                                                                       (2 = 6.5%) {74.2%}
84   ----O                                                                     (4 = 12.9%) {80.6%}
107  --O                                                                       (2 = 6.5%) {93.5%}
136  ... 

Histogram: Net.DNS.DnsTransaction.SecureNotValidated.Spectrum1.FailureError recorded 4 samples (flags = 0x41)
15  ----O                                                                     (4 = 100.0%)

Histogram: Net.DNS.DnsTransaction.SecureValidated.Spectrum1.SuccessTime recorded 251 samples, mean = 231.7 (flags = 0x41)
0     ... 
25    --O                                                                       (3 = 1.2%) {0.0%}
32    ... 
52    -----------O                                                              (15 = 6.0%) {1.2%}
66    ---------------------------------------------------O                      (72 = 28.7%) {7.2%}
84    ------------------------------------------------------------------------O (102 = 40.6%) {35.9%}
107   -----------O                                                              (15 = 6.0%) {76.5%}
136   --O                                                                       (3 = 1.2%) {82.5%}
173   --O                                                                       (3 = 1.2%) {83.7%}
220   ... 
574   -----------------------O                                                  (33 = 13.1%) {84.9%}
729   O                                                                         (0 = 0.0%) {98.0%}
926   -O                                                                        (1 = 0.4%) {98.0%}
1177  -O                                                                        (1 = 0.4%) {98.4%}
1496  ... 
3069  -O                                                                        (1 = 0.4%) {98.8%}
3900  -O                                                                        (1 = 0.4%) {99.2%}
4955  -O                                                                        (1 = 0.4%) {99.6%}
6296  ... 

Histogram: Net.DNS.DnsTransaction.SecureValidated.Spectrum2.SuccessTime recorded 8 samples, mean = 4572.8 (flags = 0x41)
0     ... 
1901  --O                                                                       (2 = 25.0%) {0.0%}
2415  ... 
3900  --O                                                                       (2 = 25.0%) {25.0%}
4955  --O                                                                       (2 = 25.0%) {50.0%}
6296  --O                                                                       (2 = 25.0%) {75.0%}
8000  ... 

Histogram: Net.DNS.H3SupportedGoogleHost.TaskTypeMetadataAvailability2 recorded 1 samples, mean = 3.0 (flags = 0x41)
0  ... 
3  -O                                                                        (1 = 100.0%) {0.0%}
4  ... 

Histogram: Net.DNS.HTTPSSVC.RecordHttps.Insecure.ExpectNoerror.DnsRcode recorded 11 samples, mean = 2.5 (flags = 0x41)
0  --O                                                                       (2 = 18.2%)
1  ... 
3  ---------O                                                                (9 = 81.8%) {18.2%}
4  ... 

Histogram: Net.DNS.HTTPSSVC.RecordHttps.Insecure.ExpectNoerror.Parsable recorded 1 samples, mean = 1.0 (flags = 0x41)
0  O                                                                         (0 = 0.0%)
1  -O                                                                        (1 = 100.0%) {0.0%}
2  O                                                                         (0 = 0.0%) {100.0%}

Histogram: Net.DNS.HTTPSSVC.RecordHttps.Insecure.ExpectNoerror.ResolveTimeAddress recorded 22 samples, mean = 54.2 (flags = 0x41)
0    ... 
25   --O                                                                       (2 = 9.1%) {0.0%}
32   ------O                                                                   (6 = 27.3%) {9.1%}
41   -----O                                                                    (5 = 22.7%) {36.4%}
52   --O                                                                       (2 = 9.1%) {59.1%}
66   ---O                                                                      (3 = 13.6%) {68.2%}
84   ---O                                                                      (3 = 13.6%) {81.8%}
107  -O                                                                        (1 = 4.5%) {95.5%}
136  ... 

Histogram: Net.DNS.HTTPSSVC.RecordHttps.Insecure.ExpectNoerror.ResolveTimeExperimental recorded 11 samples, mean = 64.9 (flags = 0x41)
0    ... 
32   --O                                                                       (2 = 18.2%) {0.0%}
41   ---O                                                                      (3 = 27.3%) {18.2%}
52   -O                                                                        (1 = 9.1%) {45.5%}
66   -O                                                                        (1 = 9.1%) {54.5%}
84   ---O                                                                      (3 = 27.3%) {63.6%}
107  -O                                                                        (1 = 9.1%) {90.9%}
136  ... 

Histogram: Net.DNS.HTTPSSVC.RecordHttps.Insecure.ExpectNoerror.ResolveTimeRatio recorded 11 samples, mean = 10.2 (flags = 0x41)
0   ... 
8   -O                                                                        (1 = 9.1%) {0.0%}
9   -O                                                                        (1 = 9.1%) {9.1%}
10  ------O                                                                   (6 = 54.5%) {18.2%}
11  -O                                                                        (1 = 9.1%) {72.7%}
12  --O                                                                       (2 = 18.2%) {81.8%}
13  ... 

Histogram: Net.DNS.HTTPSSVC.RecordHttps.Secure.ExpectNoerror.DnsRcode recorded 82 samples, mean = 3.0 (flags = 0x41)
0  ... 
3  ------------------------------------------------------------------------O (82 = 100.0%) {0.0%}
4  ... 

Histogram: Net.DNS.HTTPSSVC.RecordHttps.Secure.ExpectNoerror.ResolveTimeAddress recorded 164 samples, mean = 169.5 (flags = 0x41)
0    ... 
25   --O                                                                       (2 = 1.2%) {0.0%}
32   ... 
52   ----------O                                                               (10 = 6.1%) {1.2%}
66   -----------------------------------------------O                          (47 = 28.7%) {7.3%}
84   ---------------------------------------------------------------------O    (69 = 42.1%) {36.0%}
107  ----------O                                                               (10 = 6.1%) {78.0%}
136  --O                                                                       (2 = 1.2%) {84.1%}
173  --O                                                                       (2 = 1.2%) {85.4%}
220  ... 
574  ----------------------O                                                   (22 = 13.4%) {86.6%}
729  ... 

Histogram: Net.DNS.HTTPSSVC.RecordHttps.Secure.ExpectNoerror.ResolveTimeExperimental recorded 82 samples, mean = 169.6 (flags = 0x41)
0    ... 
25   -O                                                                        (1 = 1.2%) {0.0%}
32   ... 
52   -----O                                                                    (5 = 6.1%) {1.2%}
66   -----------------------O                                                  (23 = 28.0%) {7.3%}
84   -----------------------------------O                                      (35 = 42.7%) {35.4%}
107  -----O                                                                    (5 = 6.1%) {78.0%}
136  -O                                                                        (1 = 1.2%) {84.1%}
173  -O                                                                        (1 = 1.2%) {85.4%}
220  ... 
574  -----------O                                                              (11 = 13.4%) {86.6%}
729  ... 

Histogram: Net.DNS.HTTPSSVC.RecordHttps.Secure.ExpectNoerror.ResolveTimeRatio recorded 82 samples, mean = 9.5 (flags = 0x41)
0   ... 
9   ------------------------------------------O                               (42 = 51.2%) {0.0%}
10  ----------------------------------------O                                 (40 = 48.8%) {51.2%}
11  ... 

Histogram: Net.DNS.JobQueueTime.PerTransaction recorded 279 samples, mean = 0.3 (flags = 0x41)
0   ------------------------------------------------------------------------O (277 = 99.3%)
1   ... 
37  -O                                                                        (2 = 0.7%) {99.3%}
43  ... 

Histogram: Net.DNS.JobQueueTime.Success recorded 93 samples, mean = 0.9 (flags = 0x41)
0   ------------------------------------------------------------------------O (92 = 98.9%)
1   ... 
77  -O                                                                        (1 = 1.1%) {98.9%}
89  ... 

Histogram: Net.DNS.ProbeSequence.ConfigChange.Failure.AttemptTime recorded 4 samples, mean = 6236.0 (flags = 0x41)
0     ... 
6118  ----O                                                                     (4 = 100.0%) {0.0%}
8289  ... 

Histogram: Net.DNS.ProbeSequence.ConfigChange.Success.AttemptTime recorded 13 samples, mean = 6286.2 (flags = 0x41)
0     ... 
4516  ----O                                                                     (4 = 30.8%) {0.0%}
6118  ---------O                                                                (9 = 69.2%) {30.8%}
8289  ... 

Histogram: Net.DNS.Request.TotalTime recorded 1208 samples, mean = 12.2 (flags = 0x41)
0    ------------------------------------------------------------------------O (1115 = 92.3%)
10   ... 
27   O                                                                         (2 = 0.2%) {92.3%}
33   O                                                                         (1 = 0.1%) {92.5%}
41   O                                                                         (4 = 0.3%) {92.5%}
50   O                                                                         (1 = 0.1%) {92.9%}
61   -O                                                                        (10 = 0.8%) {93.0%}
75   --O                                                                       (34 = 2.8%) {93.8%}
92   --O                                                                       (25 = 2.1%) {96.6%}
113  O                                                                         (2 = 0.2%) {98.7%}
139  O                                                                         (1 = 0.1%) {98.8%}
171  O                                                                         (0 = 0.0%) {98.9%}
210  O                                                                         (2 = 0.2%) {98.9%}
258  ... 
585  -O                                                                        (11 = 0.9%) {99.1%}
718  ... 

Histogram: Net.DNS.Request.TotalTimeAsync recorded 100 samples, mean = 146.7 (flags = 0x41)
0    --------O                                                                 (8 = 8.0%)
10   ... 
27   -O                                                                        (1 = 1.0%) {8.0%}
33   -O                                                                        (1 = 1.0%) {9.0%}
41   ----O                                                                     (4 = 4.0%) {10.0%}
50   -O                                                                        (1 = 1.0%) {14.0%}
61   ----------O                                                               (10 = 10.0%) {15.0%}
75   ----------------------------------O                                       (34 = 34.0%) {25.0%}
92   -------------------------O                                                (25 = 25.0%) {59.0%}
113  --O                                                                       (2 = 2.0%) {84.0%}
139  -O                                                                        (1 = 1.0%) {86.0%}
171  O                                                                         (0 = 0.0%) {87.0%}
210  --O                                                                       (2 = 2.0%) {87.0%}
258  ... 
585  -----------O                                                              (11 = 11.0%) {89.0%}
718  ... 

Histogram: Net.DNS.ResolveCategory recorded 102 samples, mean = 0.1 (flags = 0x41)
0  ------------------------------------------------------------------------O (91 = 89.2%)
1  -------O                                                                  (9 = 8.8%) {89.2%}
2  --O                                                                       (2 = 2.0%) {98.0%}
3  ... 

Histogram: Net.DNS.ResolveContext.DohAutoupgrade.Spectrum1.Status recorded 2 samples, mean = 0.5 (flags = 0x41)
0  -O                                                                        (1 = 50.0%)
1  -O                                                                        (1 = 50.0%) {50.0%}
2  ... 

Histogram: Net.DNS.ResolveContext.DohAutoupgrade.Spectrum2.Status recorded 2 samples, mean = 0.0 (flags = 0x41)
0  --O                                                                       (2 = 100.0%)
1  ... 

Histogram: Net.DNS.ResolveError.Fast recorded 8 samples (flags = 0x41)
105  --------O                                                                 (8 = 100.0%)

Histogram: Net.DNS.ResolveError.Slow recorded 1 samples (flags = 0x41)
105  -O                                                                        (1 = 100.0%)

Histogram: Net.DNS.ResolveFailureTime recorded 9 samples, mean = 11.3 (flags = 0x41)
0   --------O                                                                 (8 = 88.9%)
1   ... 
89  -O                                                                        (1 = 11.1%) {88.9%}
103 ... 

Histogram: Net.DNS.ResolveSuccessTime recorded 91 samples, mean = 160.0 (flags = 0x41)
0    ... 
24   -O                                                                        (1 = 1.1%) {0.0%}
28   O                                                                         (0 = 0.0%) {1.1%}
32   -O                                                                        (1 = 1.1%) {1.1%}
37   O                                                                         (0 = 0.0%) {2.2%}
43   ----O                                                                     (4 = 4.4%) {2.2%}
50   -O                                                                        (1 = 1.1%) {6.6%}
58   -------O                                                                  (7 = 7.7%) {7.7%}
67   ----O                                                                     (4 = 4.4%) {15.4%}
77   -------------------------------O                                          (31 = 34.1%) {19.8%}
89   ----------------------O                                                   (22 = 24.2%) {53.8%}
103  ------O                                                                   (6 = 6.6%) {78.0%}
119  ... 
158  -O                                                                        (1 = 1.1%) {84.6%}
182  O                                                                         (0 = 0.0%) {85.7%}
210  --O                                                                       (2 = 2.2%) {85.7%}
242  ... 
659  -----------O                                                              (11 = 12.1%) {87.9%}
761  ... 

Histogram: Net.DNS.SystemTask.FailureTime recorded 9 samples, mean = 11.3 (flags = 0x41)
0   --------O                                                                 (8 = 88.9%)
1   ... 
89  -O                                                                        (1 = 11.1%) {88.9%}
103 ... 

Histogram: Net.DNS.UpgradeConfig.HasPublicInsecureNameserver recorded 1 samples, mean = 1.0 (flags = 0x41)
0  O                                                                         (0 = 0.0%)
1  -O                                                                        (1 = 100.0%) {0.0%}
2  O                                                                         (0 = 0.0%) {100.0%}

Histogram: Net.DNS.UpgradeConfig.Ineligible.DohSpecified recorded 1 samples, mean = 0.0 (flags = 0x41)
0  -O                                                                        (1 = 100.0%)
1  ... 

Histogram: Net.DNS.UpgradeConfig.Ineligible.UnhandledOptions recorded 1 samples, mean = 0.0 (flags = 0x41)
0  -O                                                                        (1 = 100.0%)
1  ... 

Histogram: Net.DNS.UpgradeConfig.InsecureUpgradeSucceeded recorded 1 samples, mean = 1.0 (flags = 0x41)
0  O                                                                         (0 = 0.0%)
1  -O                                                                        (1 = 100.0%) {0.0%}
2  O                                                                         (0 = 0.0%) {100.0%}

Histogram: Net.DNS_Resolution_And_TCP_Connection_Latency2 recorded 147 samples, mean = 40.4 (flags = 0x41)
0    ... 
16   --O                                                                       (2 = 1.4%) {0.0%}
18   ------O                                                                   (6 = 4.1%) {1.4%}
20   ----------O                                                               (10 = 6.8%) {5.4%}
23   --------------------------------O                                         (32 = 21.8%) {12.2%}
26   ----------------------O                                                   (22 = 15.0%) {34.0%}
29   ---------------------O                                                    (21 = 14.3%) {49.0%}
33   -------------------O                                                      (19 = 12.9%) {63.3%}
37   ------------O                                                             (12 = 8.2%) {76.2%}
42   --O                                                                       (2 = 1.4%) {84.4%}
48   ---O                                                                      (3 = 2.0%) {85.7%}
54   -O                                                                        (1 = 0.7%) {87.8%}
61   --O                                                                       (2 = 1.4%) {88.4%}
69   O                                                                         (0 = 0.0%) {89.8%}
78   -O                                                                        (1 = 0.7%) {89.8%}
88   -------O                                                                  (7 = 4.8%) {90.5%}
100  --O                                                                       (2 = 1.4%) {95.2%}
113  O                                                                         (0 = 0.0%) {96.6%}
128  -O                                                                        (1 = 0.7%) {96.6%}
145  -O                                                                        (1 = 0.7%) {97.3%}
164  ... 
211  -O                                                                        (1 = 0.7%) {98.0%}
239  O                                                                         (0 = 0.0%) {98.6%}
271  --O                                                                       (2 = 1.4%) {98.6%}
307  ... 

Histogram: Net.Dns.ResolveTimeDiff.AAAABeforeA.FirstRecord100msTo250ms recorded 13 samples, mean = 0.4 (flags = 0x41)
0  ------------O                                                             (12 = 92.3%)
1  ... 
5  -O                                                                        (1 = 7.7%) {92.3%}
6  ... 

Histogram: Net.Dns.ResolveTimeDiff.AAAABeforeA.FirstRecord25msTo50ms recorded 6 samples, mean = 15.8 (flags = 0x41)
0   -O                                                                        (1 = 16.7%)
1   ... 
3   -O                                                                        (1 = 16.7%) {16.7%}
4   O                                                                         (0 = 0.0%) {33.3%}
5   -O                                                                        (1 = 16.7%) {33.3%}
6   O                                                                         (0 = 0.0%) {50.0%}
7   -O                                                                        (1 = 16.7%) {50.0%}
8   O                                                                         (0 = 0.0%) {66.7%}
10  -O                                                                        (1 = 16.7%) {66.7%}
12  ... 
68  -O                                                                        (1 = 16.7%) {83.3%}
81  ... 

Histogram: Net.Dns.ResolveTimeDiff.AAAABeforeA.FirstRecord500msTo1s recorded 10 samples, mean = 0.4 (flags = 0x41)
0  -------O                                                                  (7 = 70.0%)
1  --O                                                                       (2 = 20.0%) {70.0%}
2  -O                                                                        (1 = 10.0%) {90.0%}
3  ... 

Histogram: Net.Dns.ResolveTimeDiff.AAAABeforeA.FirstRecord50msTo100ms recorded 58 samples, mean = 0.4 (flags = 0x41)
0   -----------------------------------------------------O                    (53 = 91.4%)
1   ---O                                                                      (3 = 5.2%) {91.4%}
2   -O                                                                        (1 = 1.7%) {96.6%}
3   ... 
14  -O                                                                        (1 = 1.7%) {98.3%}
17  ... 

Histogram: Net.Dns.ResolveTimeDiff.ABeforeAAAA.FirstRecord25msTo50ms recorded 2 samples, mean = 2.5 (flags = 0x41)
0  -O                                                                        (1 = 50.0%)
1  ... 
5  -O                                                                        (1 = 50.0%) {50.0%}
6  ... 

Histogram: Net.Dns.ResolveTimeDiff.ABeforeAAAA.FirstRecord500msTo1s recorded 1 samples, mean = 0.0 (flags = 0x41)
0  -O                                                                        (1 = 100.0%)
1  ... 

Histogram: Net.Dns.ResolveTimeDiff.ABeforeAAAA.FirstRecord50msTo100ms recorded 3 samples, mean = 11.7 (flags = 0x41)
0   -O                                                                        (1 = 33.3%)
1   ... 
14  -O                                                                        (1 = 33.3%) {33.3%}
17  -O                                                                        (1 = 33.3%) {66.7%}
20  ... 

Histogram: Net.Dns.ResolveTimeDiff.AddressRecordBeforeHTTPS.FirstRecord100msTo250ms recorded 5 samples, mean = 0.0 (flags = 0x41)
0  -----O                                                                    (5 = 100.0%)
1  ... 

Histogram: Net.Dns.ResolveTimeDiff.AddressRecordBeforeHTTPS.FirstRecord25msTo50ms recorded 5 samples, mean = 19.2 (flags = 0x41)
0   -O                                                                        (1 = 20.0%)
1   ... 
6   -O                                                                        (1 = 20.0%) {20.0%}
7   ... 
10  --O                                                                       (2 = 40.0%) {40.0%}
12  ... 
68  -O                                                                        (1 = 20.0%) {80.0%}
81  ... 

Histogram: Net.Dns.ResolveTimeDiff.AddressRecordBeforeHTTPS.FirstRecord500msTo1s recorded 11 samples, mean = 0.4 (flags = 0x41)
0  --------O                                                                 (8 = 72.7%)
1  --O                                                                       (2 = 18.2%) {72.7%}
2  -O                                                                        (1 = 9.1%) {90.9%}
3  ... 

Histogram: Net.Dns.ResolveTimeDiff.AddressRecordBeforeHTTPS.FirstRecord50msTo100ms recorded 26 samples, mean = 1.8 (flags = 0x41)
0   -----------------------O                                                  (23 = 88.5%)
1   O                                                                         (0 = 0.0%) {88.5%}
2   -O                                                                        (1 = 3.8%) {88.5%}
3   ... 
20  -O                                                                        (1 = 3.8%) {92.3%}
24  -O                                                                        (1 = 3.8%) {96.2%}
29  ... 

Histogram: Net.ErrorCodesForMainFrame4 recorded 2 samples (flags = 0x41)
3  --O                                                                       (2 = 100.0%)

Histogram: Net.HttpJob.BytesReceived2 recorded 348 samples, mean = 186.0 (flags = 0x41)
0     --O                                                                       (4 = 1.1%)
1     ... 
80    ---------O                                                                (20 = 5.7%) {1.1%}
115   ------------------------------------------------------------------------O (163 = 46.8%) {6.9%}
165   --------------------------------------------------------------------O     (154 = 44.3%) {53.7%}
237   -O                                                                        (3 = 0.9%) {98.0%}
340   -O                                                                        (2 = 0.6%) {98.9%}
488   ... 
1004  O                                                                         (1 = 0.3%) {99.4%}
1440  O                                                                         (0 = 0.0%) {99.7%}
2065  O                                                                         (1 = 0.3%) {99.7%}
2961  ... 

Histogram: Net.HttpJob.BytesSent2 recorded 348 samples, mean = 421.0 (flags = 0x41)
0     -O                                                                        (4 = 1.1%)
1     ... 
13    -O                                                                        (2 = 0.6%) {1.1%}
19    ... 
165   ------------------------------------------------------------------------O (259 = 74.4%) {1.7%}
237   O                                                                         (0 = 0.0%) {76.1%}
340   -O                                                                        (2 = 0.6%) {76.1%}
488   -O                                                                        (2 = 0.6%) {76.7%}
700   O                                                                         (0 = 0.0%) {77.3%}
1004  ---------------------O                                                    (77 = 22.1%) {77.3%}
1440  O                                                                         (1 = 0.3%) {99.4%}
2065  ... 
6089  O                                                                         (1 = 0.3%) {99.7%}
8732  ... 

Histogram: Net.HttpJob.MainJobWaitTimeWithAvailableSpdySession recorded 2 samples, mean = 0.0 (flags = 0x41)
0  --O                                                                       (2 = 100.0%)
1  ... 

Histogram: Net.HttpJob.MainJobWaitTimeWithoutAvailableSpdySession recorded 91 samples, mean = 69.6 (flags = 0x41)
0    --------O                                                                 (8 = 8.8%)
1    ... 
40   --------------O                                                           (14 = 15.4%) {8.8%}
48   ----------------------------------O                                       (34 = 37.4%) {24.2%}
57   -------------------O                                                      (19 = 20.9%) {61.5%}
68   --------O                                                                 (8 = 8.8%) {82.4%}
81   O                                                                         (0 = 0.0%) {91.2%}
96   -O                                                                        (1 = 1.1%) {91.2%}
114  ... 
268  -------O                                                                  (7 = 7.7%) {92.3%}
318  ... 

Histogram: Net.HttpJob.PrefilterBytesRead recorded 348 samples, mean = 149.8 (flags = 0x41)
0     --O                                                                       (5 = 1.4%)
1     ... 
39    O                                                                         (1 = 0.3%) {1.4%}
56    -----------O                                                              (23 = 6.6%) {1.7%}
80    -----O                                                                    (11 = 3.2%) {8.3%}
115   -----------------------------------------------------------------------O  (150 = 43.1%) {11.5%}
165   ------------------------------------------------------------------------O (153 = 44.0%) {54.6%}
237   --O                                                                       (4 = 1.1%) {98.6%}
340   ... 
1440  O                                                                         (1 = 0.3%) {99.7%}
2065  ... 

Histogram: Net.HttpJob.PrefilterBytesRead.Net recorded 348 samples, mean = 149.8 (flags = 0x41)
0     --O                                                                       (5 = 1.4%)
1     ... 
39    O                                                                         (1 = 0.3%) {1.4%}
56    -----------O                                                              (23 = 6.6%) {1.7%}
80    -----O                                                                    (11 = 3.2%) {8.3%}
115   -----------------------------------------------------------------------O  (150 = 43.1%) {11.5%}
165   ------------------------------------------------------------------------O (153 = 44.0%) {54.6%}
237   --O                                                                       (4 = 1.1%) {98.6%}
340   ... 
1440  O                                                                         (1 = 0.3%) {99.7%}
2065  ... 

Histogram: Net.HttpJob.ProxyTypeSuccess recorded 348 samples, mean = 1.0 (flags = 0x41)
0  O                                                                         (0 = 0.0%)
1  ------------------------------------------------------------------------O (348 = 100.0%) {0.0%}
2  ... 

Histogram: Net.HttpJob.TotalTime recorded 348 samples, mean = 441.5 (flags = 0x41)
0     ... 
24    ---O                                                                      (3 = 0.9%) {0.0%}
29    ... 
57    ---------------------O                                                    (24 = 6.9%) {0.9%}
68    -------------------------------O                                          (36 = 10.3%) {7.8%}
81    ------------------------------------------------------------------------O (84 = 24.1%) {18.1%}
96    -----------------------------------------------O                          (55 = 15.8%) {42.2%}
114   ----O                                                                     (5 = 1.4%) {58.0%}
135   ---O                                                                      (4 = 1.1%) {59.5%}
160   ----O                                                                     (5 = 1.4%) {60.6%}
190   ------------------------------------O                                     (42 = 12.1%) {62.1%}
226   ---------------O                                                          (17 = 4.9%) {74.1%}
268   -O                                                                        (1 = 0.3%) {79.0%}
318   -O                                                                        (1 = 0.3%) {79.3%}
378   -O                                                                        (1 = 0.3%) {79.6%}
449   -O                                                                        (1 = 0.3%) {79.9%}
533   O                                                                         (0 = 0.0%) {80.2%}
633   ---------------------------------O                                        (39 = 11.2%) {80.2%}
752   -O                                                                        (1 = 0.3%) {91.4%}
894   -O                                                                        (1 = 0.3%) {91.7%}
1062  O                                                                         (0 = 0.0%) {92.0%}
1262  ---------O                                                                (10 = 2.9%) {92.0%}
1500  -O                                                                        (1 = 0.3%) {94.8%}
1782  ---O                                                                      (3 = 0.9%) {95.1%}
2117  -O                                                                        (1 = 0.3%) {96.0%}
2516  O                                                                         (0 = 0.0%) {96.3%}
2990  -O                                                                        (1 = 0.3%) {96.3%}
3553  --O                                                                       (2 = 0.6%) {96.6%}
4222  --O                                                                       (2 = 0.6%) {97.1%}
5017  ----O                                                                     (5 = 1.4%) {97.7%}
5961  ---O                                                                      (3 = 0.9%) {99.1%}
7083  ... 

Histogram: Net.HttpJob.TotalTime.Secure.Quic recorded 79 samples, mean = 417.4 (flags = 0x41)
0     ... 
136   -O                                                                        (1 = 1.3%) {0.0%}
173   -------------------------------------O                                    (37 = 46.8%) {1.3%}
220   -----------------------O                                                  (23 = 29.1%) {48.1%}
280   --O                                                                       (2 = 2.5%) {77.2%}
356   O                                                                         (0 = 0.0%) {79.7%}
452   -O                                                                        (1 = 1.3%) {79.7%}
574   O                                                                         (0 = 0.0%) {81.0%}
729   -----O                                                                    (5 = 6.3%) {81.0%}
926   O                                                                         (0 = 0.0%) {87.3%}
1177  --------O                                                                 (8 = 10.1%) {87.3%}
1496  -O                                                                        (1 = 1.3%) {97.5%}
1901  -O                                                                        (1 = 1.3%) {98.7%}
2415  ... 

Histogram: Net.HttpJob.TotalTime.TLS13.Google recorded 5 samples, mean = 1663.8 (flags = 0x41)
0     ... 
190   -O                                                                        (1 = 20.0%) {0.0%}
226   ... 
633   --O                                                                       (2 = 40.0%) {20.0%}
752   ... 
1262  -O                                                                        (1 = 20.0%) {60.0%}
1500  ... 
5017  -O                                                                        (1 = 20.0%) {80.0%}
5961  ... 

Histogram: Net.HttpJob.TotalTimeCancel recorded 5 samples, mean = 3550.4 (flags = 0x41)
0     ... 
318   -O                                                                        (1 = 20.0%) {0.0%}
378   ... 
1782  -O                                                                        (1 = 20.0%) {20.0%}
2117  ... 
3553  -O                                                                        (1 = 20.0%) {40.0%}
4222  O                                                                         (0 = 0.0%) {60.0%}
5017  -O                                                                        (1 = 20.0%) {60.0%}
5961  -O                                                                        (1 = 20.0%) {80.0%}
7083  ... 

Histogram: Net.HttpJob.TotalTimeNotCached recorded 348 samples, mean = 441.5 (flags = 0x41)
0     ... 
24    ---O                                                                      (3 = 0.9%) {0.0%}
29    ... 
57    ---------------------O                                                    (24 = 6.9%) {0.9%}
68    -------------------------------O                                          (36 = 10.3%) {7.8%}
81    ------------------------------------------------------------------------O (84 = 24.1%) {18.1%}
96    -----------------------------------------------O                          (55 = 15.8%) {42.2%}
114   ----O                                                                     (5 = 1.4%) {58.0%}
135   ---O                                                                      (4 = 1.1%) {59.5%}
160   ----O                                                                     (5 = 1.4%) {60.6%}
190   ------------------------------------O                                     (42 = 12.1%) {62.1%}
226   ---------------O                                                          (17 = 4.9%) {74.1%}
268   -O                                                                        (1 = 0.3%) {79.0%}
318   -O                                                                        (1 = 0.3%) {79.3%}
378   -O                                                                        (1 = 0.3%) {79.6%}
449   -O                                                                        (1 = 0.3%) {79.9%}
533   O                                                                         (0 = 0.0%) {80.2%}
633   ---------------------------------O                                        (39 = 11.2%) {80.2%}
752   -O                                                                        (1 = 0.3%) {91.4%}
894   -O                                                                        (1 = 0.3%) {91.7%}
1062  O                                                                         (0 = 0.0%) {92.0%}
1262  ---------O                                                                (10 = 2.9%) {92.0%}
1500  -O                                                                        (1 = 0.3%) {94.8%}
1782  ---O                                                                      (3 = 0.9%) {95.1%}
2117  -O                                                                        (1 = 0.3%) {96.0%}
2516  O                                                                         (0 = 0.0%) {96.3%}
2990  -O                                                                        (1 = 0.3%) {96.3%}
3553  --O                                                                       (2 = 0.6%) {96.6%}
4222  --O                                                                       (2 = 0.6%) {97.1%}
5017  ----O                                                                     (5 = 1.4%) {97.7%}
5961  ---O                                                                      (3 = 0.9%) {99.1%}
7083  ... 

Histogram: Net.HttpJob.TotalTimeNotCached.Secure.Quic recorded 79 samples, mean = 417.4 (flags = 0x41)
0     ... 
136   -O                                                                        (1 = 1.3%) {0.0%}
173   -------------------------------------O                                    (37 = 46.8%) {1.3%}
220   -----------------------O                                                  (23 = 29.1%) {48.1%}
280   --O                                                                       (2 = 2.5%) {77.2%}
356   O                                                                         (0 = 0.0%) {79.7%}
452   -O                                                                        (1 = 1.3%) {79.7%}
574   O                                                                         (0 = 0.0%) {81.0%}
729   -----O                                                                    (5 = 6.3%) {81.0%}
926   O                                                                         (0 = 0.0%) {87.3%}
1177  --------O                                                                 (8 = 10.1%) {87.3%}
1496  -O                                                                        (1 = 1.3%) {97.5%}
1901  -O                                                                        (1 = 1.3%) {98.7%}
2415  ... 

Histogram: Net.HttpJob.TotalTimeSuccess recorded 343 samples, mean = 396.2 (flags = 0x41)
0     ... 
24    ---O                                                                      (3 = 0.9%) {0.0%}
29    ... 
57    ---------------------O                                                    (24 = 7.0%) {0.9%}
68    -------------------------------O                                          (36 = 10.5%) {7.9%}
81    ------------------------------------------------------------------------O (84 = 24.5%) {18.4%}
96    -----------------------------------------------O                          (55 = 16.0%) {42.9%}
114   ----O                                                                     (5 = 1.5%) {58.9%}
135   ---O                                                                      (4 = 1.2%) {60.3%}
160   ----O                                                                     (5 = 1.5%) {61.5%}
190   ------------------------------------O                                     (42 = 12.2%) {63.0%}
226   ---------------O                                                          (17 = 5.0%) {75.2%}
268   -O                                                                        (1 = 0.3%) {80.2%}
318   O                                                                         (0 = 0.0%) {80.5%}
378   -O                                                                        (1 = 0.3%) {80.5%}
449   -O                                                                        (1 = 0.3%) {80.8%}
533   O                                                                         (0 = 0.0%) {81.0%}
633   ---------------------------------O                                        (39 = 11.4%) {81.0%}
752   -O                                                                        (1 = 0.3%) {92.4%}
894   -O                                                                        (1 = 0.3%) {92.7%}
1062  O                                                                         (0 = 0.0%) {93.0%}
1262  ---------O                                                                (10 = 2.9%) {93.0%}
1500  -O                                                                        (1 = 0.3%) {95.9%}
1782  --O                                                                       (2 = 0.6%) {96.2%}
2117  -O                                                                        (1 = 0.3%) {96.8%}
2516  O                                                                         (0 = 0.0%) {97.1%}
2990  -O                                                                        (1 = 0.3%) {97.1%}
3553  -O                                                                        (1 = 0.3%) {97.4%}
4222  --O                                                                       (2 = 0.6%) {97.7%}
5017  ---O                                                                      (4 = 1.2%) {98.3%}
5961  --O                                                                       (2 = 0.6%) {99.4%}
7083  ... 

Histogram: Net.HttpJob.TotalTimeSuccess.Priority1 recorded 330 samples, mean = 251.4 (flags = 0x41)
0     ... 
24    ---O                                                                      (3 = 0.9%) {0.0%}
29    ... 
57    ---------------------O                                                    (24 = 7.3%) {0.9%}
68    -------------------------------O                                          (36 = 10.9%) {8.2%}
81    ------------------------------------------------------------------------O (84 = 25.5%) {19.1%}
96    -----------------------------------------------O                          (55 = 16.7%) {44.5%}
114   ----O                                                                     (5 = 1.5%) {61.2%}
135   ---O                                                                      (4 = 1.2%) {62.7%}
160   ----O                                                                     (5 = 1.5%) {63.9%}
190   ------------------------------------O                                     (42 = 12.7%) {65.5%}
226   ---------------O                                                          (17 = 5.2%) {78.2%}
268   -O                                                                        (1 = 0.3%) {83.3%}
318   O                                                                         (0 = 0.0%) {83.6%}
378   -O                                                                        (1 = 0.3%) {83.6%}
449   -O                                                                        (1 = 0.3%) {83.9%}
533   O                                                                         (0 = 0.0%) {84.2%}
633   ---------------------------------O                                        (39 = 11.8%) {84.2%}
752   -O                                                                        (1 = 0.3%) {96.1%}
894   ... 
1262  --------O                                                                 (9 = 2.7%) {96.4%}
1500  -O                                                                        (1 = 0.3%) {99.1%}
1782  -O                                                                        (1 = 0.3%) {99.4%}
2117  ... 
5017  -O                                                                        (1 = 0.3%) {99.7%}
5961  ... 

Histogram: Net.HttpJob.TotalTimeSuccess.Priority2 recorded 13 samples, mean = 4072.5 (flags = 0x41)
0     ... 
894   -O                                                                        (1 = 7.7%) {0.0%}
1062  O                                                                         (0 = 0.0%) {7.7%}
1262  -O                                                                        (1 = 7.7%) {7.7%}
1500  O                                                                         (0 = 0.0%) {15.4%}
1782  -O                                                                        (1 = 7.7%) {15.4%}
2117  -O                                                                        (1 = 7.7%) {23.1%}
2516  O                                                                         (0 = 0.0%) {30.8%}
2990  -O                                                                        (1 = 7.7%) {30.8%}
3553  -O                                                                        (1 = 7.7%) {38.5%}
4222  --O                                                                       (2 = 15.4%) {46.2%}
5017  ---O                                                                      (3 = 23.1%) {61.5%}
5961  --O                                                                       (2 = 15.4%) {84.6%}
7083  ... 

Histogram: Net.HttpResponseCode recorded 344 samples, mean = 245.9 (flags = 0x41)
0    ... 
200  ------------------------------------------------------------------------O (264 = 76.7%) {0.0%}
201  ... 
204  O                                                                         (1 = 0.3%) {76.7%}
205  ... 
400  ----------------------O                                                   (79 = 23.0%) {77.0%}
401  ... 

Histogram: Net.HttpTimeToFirstByte recorded 348 samples, mean = 446.5 (flags = 0x41)
0     ... 
22    -O                                                                        (1 = 0.3%) {0.0%}
27    -O                                                                        (2 = 0.6%) {0.3%}
33    ... 
61    -------------------O                                                      (27 = 7.8%) {0.9%}
75    ------------------------------------------------------------------------O (105 = 30.2%) {8.6%}
92    ----------------------------------------------O                           (67 = 19.3%) {38.8%}
113   ---O                                                                      (5 = 1.4%) {58.0%}
139   ---O                                                                      (4 = 1.1%) {59.5%}
171   -----------------O                                                        (25 = 7.2%) {60.6%}
210   ---------------------------O                                              (39 = 11.2%) {67.8%}
258   -O                                                                        (2 = 0.6%) {79.0%}
317   O                                                                         (0 = 0.0%) {79.6%}
389   -O                                                                        (1 = 0.3%) {79.6%}
477   -O                                                                        (1 = 0.3%) {79.9%}
585   -----------------------O                                                  (34 = 9.8%) {80.2%}
718   ----O                                                                     (6 = 1.7%) {89.9%}
881   -O                                                                        (1 = 0.3%) {91.7%}
1081  O                                                                         (0 = 0.0%) {92.0%}
1326  --------O                                                                 (11 = 3.2%) {92.0%}
1627  -O                                                                        (2 = 0.6%) {95.1%}
1996  -O                                                                        (2 = 0.6%) {95.7%}
2449  O                                                                         (0 = 0.0%) {96.3%}
3005  -O                                                                        (1 = 0.3%) {96.3%}
3687  --O                                                                       (3 = 0.9%) {96.6%}
4524  ---O                                                                      (4 = 1.1%) {97.4%}
5551  ---O                                                                      (4 = 1.1%) {98.6%}
6812  -O                                                                        (1 = 0.3%) {99.7%}
8359  ... 

Histogram: Net.HttpTimeToFirstByte.TLS13.Google recorded 5 samples, mean = 2011.6 (flags = 0x41)
0     ... 
173   -O                                                                        (1 = 20.0%) {0.0%}
220   ... 
574   -O                                                                        (1 = 20.0%) {20.0%}
729   -O                                                                        (1 = 20.0%) {40.0%}
926   O                                                                         (0 = 0.0%) {60.0%}
1177  -O                                                                        (1 = 20.0%) {60.0%}
1496  ... 
6296  -O                                                                        (1 = 20.0%) {80.0%}
8000  ... 

Histogram: Net.NetworkChangeNotifier.NewConnectionCost recorded 3 samples, mean = 1.0 (flags = 0x41)
0  O                                                                         (0 = 0.0%)
1  ---O                                                                      (3 = 100.0%) {0.0%}
2  ... 

Histogram: Net.NumQuicSessionsAtShutdown recorded 2 samples, mean = 0.0 (flags = 0x41)
0  --O                                                                       (2 = 100.0%)
1  ... 

Histogram: Net.OnTransferSizeUpdated.Experimental.OverridenBy recorded 89 samples, mean = 2.4 (flags = 0x41)
0   O                                                                         (0 = 0.0%)
1   ------------------------------------------------------------------------O (84 = 94.4%) {0.0%}
2   ... 
26  ----O                                                                     (5 = 5.6%) {94.4%}
27  ... 

Histogram: Net.QuicActiveSessionCount.CertVerifierChanged recorded 6 samples, mean = 0.3 (flags = 0x41)
0  ----O                                                                     (4 = 66.7%)
1  --O                                                                       (2 = 33.3%) {66.7%}
2  ... 

Histogram: Net.QuicActiveSessions recorded 80 samples, mean = 0.0 (flags = 0x41)
0  ------------------------------------------------------------------------O (80 = 100.0%)
1  ... 

Histogram: Net.QuicChromiumClientStream.HandleOnCloseConnectionError recorded 79 samples (flags = 0x41)
0  ------------------------------------------------------------------------O (79 = 100.0%)

Histogram: Net.QuicChromiumClientStream.HandleOnCloseNetError recorded 79 samples (flags = 0x41)
100  ------------------------------------------------------------------------O (78 = 98.7%)
356  -O                                                                        (1 = 1.3%)

Histogram: Net.QuicChromiumClientStream.HandleOnCloseStreamError recorded 79 samples (flags = 0x41)
0  ------------------------------------------------------------------------O (78 = 98.7%)
6  -O                                                                        (1 = 1.3%)

Histogram: Net.QuicChromiumClientStream.HeaderDecodingDelay recorded 79 samples, mean = 0.0 (flags = 0x41)
0  ------------------------------------------------------------------------O (79 = 100.0%)
1  ... 

Histogram: Net.QuicChromiumClientStream.HeaderDecodingDelayGoogle recorded 79 samples, mean = 0.0 (flags = 0x41)
0  ------------------------------------------------------------------------O (79 = 100.0%)
1  ... 

Histogram: Net.QuicConnection.WritePacketStatus recorded 989 samples, mean = 0.0 (flags = 0x41)
0  ------------------------------------------------------------------------O (989 = 100.0%)
1  ... 

Histogram: Net.QuicCryptoClientConfig.PopulatedFromCanonicalConfig recorded 5 samples, mean = 0.0 (flags = 0x41)
0  -----O                                                                    (5 = 100.0%)
1  ... 

Histogram: Net.QuicDroppedPacketReason recorded 124 samples, mean = 6.0 (flags = 0x41)
0  ... 
6  ------------------------------------------------------------------------O (124 = 100.0%) {0.0%}
7  O                                                                         (0 = 0.0%) {100.0%}

Histogram: Net.QuicHandshakeNotConfirmedNumPacketsReceived recorded 4 samples, mean = 8.0 (flags = 0x41)
0  ... 
7  ----O                                                                     (4 = 100.0%) {0.0%}
9  ... 

Histogram: Net.QuicHandshakeState recorded 244 samples, mean = 1.0 (flags = 0x41)
0  ------------------------------------------------------------------------O (82 = 33.6%)
1  ----------------------------------------------------------------------O   (80 = 32.8%) {33.6%}
2  ----------------------------------------------------------------------O   (80 = 32.8%) {66.4%}
3  --O                                                                       (2 = 0.8%) {99.2%}
4  O                                                                         (0 = 0.0%) {100.0%}

Histogram: Net.QuicHttpStream.ProcessResponseHeaderSuccess recorded 79 samples, mean = 1.0 (flags = 0x41)
0  O                                                                         (0 = 0.0%)
1  ------------------------------------------------------------------------O (79 = 100.0%) {0.0%}
2  O                                                                         (0 = 0.0%) {100.0%}

Histogram: Net.QuicSession.AbortedPendingStreamRequests recorded 82 samples, mean = 0.0 (flags = 0x41)
0  ------------------------------------------------------------------------O (82 = 100.0%)
1  ... 

Histogram: Net.QuicSession.AcceptChForOrigin recorded 79 samples, mean = 0.1 (flags = 0x41)
0  ------------------------------------------------------------------------O (75 = 94.9%)
1  ----O                                                                     (4 = 5.1%) {94.9%}
2  O                                                                         (0 = 0.0%) {100.0%}

Histogram: Net.QuicSession.AcceptChFrameReceivedViaAlps recorded 80 samples, mean = 1.0 (flags = 0x41)
0  O                                                                         (0 = 0.0%)
1  ------------------------------------------------------------------------O (80 = 100.0%) {0.0%}
2  ... 

Histogram: Net.QuicSession.AsyncRead recorded 1288 samples, mean = 0.8 (flags = 0x41)
0  -----------------O                                                        (248 = 19.3%)
1  ------------------------------------------------------------------------O (1040 = 80.7%) {19.3%}
2  O                                                                         (0 = 0.0%) {100.0%}

Histogram: Net.QuicSession.BlockedFrames.Received recorded 82 samples, mean = 0.0 (flags = 0x41)
0  ------------------------------------------------------------------------O (82 = 100.0%)
1  ... 

Histogram: Net.QuicSession.BlockedFrames.Sent recorded 82 samples, mean = 0.0 (flags = 0x41)
0  ------------------------------------------------------------------------O (82 = 100.0%)
1  ... 

Histogram: Net.QuicSession.CertVerificationResult recorded 99 samples (flags = 0x41)
0  ------------------------------------------------------------------------O (99 = 100.0%)

Histogram: Net.QuicSession.ClientSideMtu recorded 80 samples (flags = 0x41)
1230  ------------------------------------------------------------------------O (80 = 100.0%)

Histogram: Net.QuicSession.CloseAllSessionsError recorded 2 samples (flags = 0x41)
3  --O                                                                       (2 = 100.0%)

Histogram: Net.QuicSession.ClosedDuringInitializeSession recorded 82 samples, mean = 0.0 (flags = 0x41)
0  ------------------------------------------------------------------------O (82 = 100.0%)
1  ... 

Histogram: Net.QuicSession.CoalesceStreamFrameStatus recorded 815 samples, mean = 0.4 (flags = 0x41)
0  ------------------------------------------------------------------------O (505 = 62.0%)
1  --------------------------------------------O                             (310 = 38.0%) {62.0%}
2  O                                                                         (0 = 0.0%) {100.0%}

Histogram: Net.QuicSession.ConnectAfterBroken recorded 1 samples, mean = 0.0 (flags = 0x41)
0  -O                                                                        (1 = 100.0%)
1  ... 

Histogram: Net.QuicSession.ConnectRandomPortForHTTPS recorded 80 samples, mean = 0.0 (flags = 0x41)
0  ------------------------------------------------------------------------O (80 = 100.0%)
1  ... 

Histogram: Net.QuicSession.ConnectRandomPortRequiringConfirmationForHTTPS recorded 2 samples, mean = 0.0 (flags = 0x41)
0  --O                                                                       (2 = 100.0%)
1  ... 

Histogram: Net.QuicSession.ConnectionClose.HandshakeFailureUnknown.QuicError recorded 2 samples (flags = 0x41)
25  --O                                                                       (2 = 100.0%)

Histogram: Net.QuicSession.ConnectionClose.HandshakeNotConfirmed.Reason recorded 2 samples, mean = 0.0 (flags = 0x41)
0  --O                                                                       (2 = 100.0%)
1  ... 

Histogram: Net.QuicSession.ConnectionClose.NumOpenStreams.HandshakeTimedOut recorded 2 samples, mean = 0.0 (flags = 0x41)
0  --O                                                                       (2 = 100.0%)
1  ... 

Histogram: Net.QuicSession.ConnectionClose.NumOpenStreams.TimedOut recorded 82 samples, mean = 0.0 (flags = 0x41)
0  ------------------------------------------------------------------------O (82 = 100.0%)
1  ... 

Histogram: Net.QuicSession.ConnectionClose.NumTotalStreams.HandshakeTimedOut recorded 2 samples, mean = 0.0 (flags = 0x41)
0  --O                                                                       (2 = 100.0%)
1  ... 

Histogram: Net.QuicSession.ConnectionCloseErrorCodeClient recorded 82 samples (flags = 0x41)
25  ------------------------------------------------------------------------O (82 = 100.0%)

Histogram: Net.QuicSession.ConnectionCloseErrorCodeClient.HandshakeConfirmed recorded 80 samples (flags = 0x41)
25  ------------------------------------------------------------------------O (80 = 100.0%)

Histogram: Net.QuicSession.ConnectionCloseErrorCodeClient.HandshakeNotConfirmed recorded 2 samples (flags = 0x41)
25  --O                                                                       (2 = 100.0%)

Histogram: Net.QuicSession.ConnectionCloseErrorCodeClientGoogle recorded 82 samples (flags = 0x41)
25  ------------------------------------------------------------------------O (82 = 100.0%)

Histogram: Net.QuicSession.ConnectionCloseErrorCodeClientGoogle.HandshakeConfirmed recorded 80 samples (flags = 0x41)
25  ------------------------------------------------------------------------O (80 = 100.0%)

Histogram: Net.QuicSession.ConnectionCloseErrorCodeClientGoogle.HandshakeNotConfirmed recorded 2 samples (flags = 0x41)
25  --O                                                                       (2 = 100.0%)

Histogram: Net.QuicSession.ConnectionDuration recorded 80 samples, mean = 29261.7 (flags = 0x41)
0      ... 
27425  ------------------------------------------------------------------------O (79 = 98.8%) {0.0%}
31655  O                                                                         (0 = 0.0%) {98.8%}
36538  -O                                                                        (1 = 1.2%) {98.8%}
42174  ... 

Histogram: Net.QuicSession.ConnectionFlowControlBlocked recorded 141 samples, mean = 1.0 (flags = 0x41)
0  ----O                                                                     (7 = 5.0%)
1  ------------------------------------------------------------------------O (134 = 95.0%) {5.0%}
2  O                                                                         (0 = 0.0%) {100.0%}

Histogram: Net.QuicSession.ConnectionIpPooled recorded 80 samples, mean = 0.0 (flags = 0x41)
0  ------------------------------------------------------------------------O (80 = 100.0%)
1  ... 

Histogram: Net.QuicSession.ConnectionTypeFromSelf recorded 82 samples, mean = 2.0 (flags = 0x41)
0  ... 
2  ------------------------------------------------------------------------O (82 = 100.0%) {0.0%}

Histogram: Net.QuicSession.CryptoRetransmitCount.HandshakeConfirmed recorded 80 samples, mean = 1.0 (flags = 0x41)
0  ---------------------------------------------------------------O          (63 = 78.8%)
1  --------O                                                                 (8 = 10.0%) {78.8%}
2  ... 
7  ---O                                                                      (3 = 3.8%) {88.8%}
8  -----O                                                                    (5 = 6.2%) {92.5%}
9  -O                                                                        (1 = 1.2%) {98.8%}
10 ... 

Histogram: Net.QuicSession.CryptoRetransmitCount.HandshakeNotConfirmed recorded 2 samples, mean = 1.0 (flags = 0x41)
0  O                                                                         (0 = 0.0%)
1  --O                                                                       (2 = 100.0%) {0.0%}
2  ... 

Histogram: Net.QuicSession.DuplicatePacketsReceived recorded 82 samples, mean = 0.0 (flags = 0x41)
0  ------------------------------------------------------------------------O (82 = 100.0%)
1  ... 

Histogram: Net.QuicSession.EcnMarksObserved recorded 82 samples, mean = 1.0 (flags = 0x41)
0  O                                                                         (0 = 0.0%)
1  ------------------------------------------------------------------------O (82 = 100.0%) {0.0%}
2  ... 

Histogram: Net.QuicSession.EncryptionEstablishedTime recorded 80 samples, mean = 97.8 (flags = 0x41)
0     --------------------------------------------------------------------O     (68 = 85.0%)
1     ... 
34    -O                                                                        (1 = 1.2%) {85.0%}
40    ... 
633   ----------O                                                               (10 = 12.5%) {86.2%}
752   ... 
1262  -O                                                                        (1 = 1.2%) {98.8%}
1500  ... 

Histogram: Net.QuicSession.FinchConfigIsValid recorded 4 samples, mean = 1.0 (flags = 0x41)
0  O                                                                         (0 = 0.0%)
1  ----O                                                                     (4 = 100.0%) {0.0%}
2  O                                                                         (0 = 0.0%) {100.0%}

Histogram: Net.QuicSession.FindMatchingIpSessionResult recorded 162 samples, mean = 2.0 (flags = 0x41)
0  ... 
2  ------------------------------------------------------------------------O (162 = 100.0%) {0.0%}
3  O                                                                         (0 = 0.0%) {100.0%}

Histogram: Net.QuicSession.FindMatchingIpSessionResultGoogle recorded 162 samples, mean = 2.0 (flags = 0x41)
0  ... 
2  ------------------------------------------------------------------------O (162 = 100.0%) {0.0%}
3  O                                                                         (0 = 0.0%) {100.0%}

Histogram: Net.QuicSession.HandshakeConfirmedTime recorded 80 samples, mean = 176.1 (flags = 0x41)
0     ... 
34    -O                                                                        (1 = 1.2%) {0.0%}
40    -----------------------O                                                  (23 = 28.8%) {1.2%}
48    -------------------------------O                                          (31 = 38.8%) {30.0%}
57    --------O                                                                 (8 = 10.0%) {68.8%}
68    -O                                                                        (1 = 1.2%) {78.8%}
81    -O                                                                        (1 = 1.2%) {80.0%}
96    ... 
449   -O                                                                        (1 = 1.2%) {81.2%}
533   ---O                                                                      (3 = 3.8%) {82.5%}
633   ---------O                                                                (9 = 11.2%) {86.2%}
752   ... 
1262  --O                                                                       (2 = 2.5%) {97.5%}
1500  ... 

Histogram: Net.QuicSession.HeaderCompressionRatioQpackReceived recorded 79 samples, mean = 4.9 (flags = 0x41)
0  ... 
3  --O                                                                       (2 = 2.5%) {0.0%}
4  --O                                                                       (2 = 2.5%) {2.5%}
5  ------------------------------------------------------------------------O (75 = 94.9%) {5.1%}
6  ... 

Histogram: Net.QuicSession.HeaderCompressionRatioQpackSent recorded 79 samples, mean = 67.3 (flags = 0x41)
0   ... 
4   -O                                                                        (1 = 1.3%) {0.0%}
5   ... 
65  -O                                                                        (1 = 1.3%) {1.3%}
66  ... 
68  ------------------------------------------------------------------------O (75 = 94.9%) {2.5%}
69  ... 
75  --O                                                                       (2 = 2.5%) {97.5%}
76  ... 

Histogram: Net.QuicSession.HostResolution.HandshakeConfirmedTime recorded 80 samples, mean = 176.2 (flags = 0x41)
0     ... 
34    -O                                                                        (1 = 1.2%) {0.0%}
40    -----------------------O                                                  (23 = 28.8%) {1.2%}
48    -------------------------------O                                          (31 = 38.8%) {30.0%}
57    --------O                                                                 (8 = 10.0%) {68.8%}
68    -O                                                                        (1 = 1.2%) {78.8%}
81    -O                                                                        (1 = 1.2%) {80.0%}
96    ... 
449   -O                                                                        (1 = 1.2%) {81.2%}
533   ---O                                                                      (3 = 3.8%) {82.5%}
633   ---------O                                                                (9 = 11.2%) {86.2%}
752   ... 
1262  --O                                                                       (2 = 2.5%) {97.5%}
1500  ... 

Histogram: Net.QuicSession.IncorrectConnectionIDsReceived recorded 82 samples, mean = 0.0 (flags = 0x41)
0  ------------------------------------------------------------------------O (82 = 100.0%)
1  ... 

Histogram: Net.QuicSession.InitialRttEsitmateSource recorded 82 samples, mean = 1.0 (flags = 0x41)
0  ---O                                                                      (3 = 3.7%)
1  ------------------------------------------------------------------------O (79 = 96.3%) {3.7%}
2  ... 

Histogram: Net.QuicSession.KeyUpdate.PerConnection2 recorded 80 samples, mean = 0.0 (flags = 0x41)
0  ------------------------------------------------------------------------O (80 = 100.0%)
1  ... 

Histogram: Net.QuicSession.KeyUpdate.PotentialPeerKeyUpdateAttemptCount recorded 80 samples, mean = 0.0 (flags = 0x41)
0  ------------------------------------------------------------------------O (80 = 100.0%)
1  ... 

Histogram: Net.QuicSession.MaxConsecutiveRtoWithForwardProgress recorded 80 samples, mean = 0.2 (flags = 0x41)
0  ---------------------------------------------------------------O          (63 = 78.8%)
1  -----------------O                                                        (17 = 21.2%) {78.8%}
2  ... 

Histogram: Net.QuicSession.MaxReordering recorded 28 samples, mean = 1.4 (flags = 0x41)
0  O                                                                         (0 = 0.0%)
1  -----------------------O                                                  (23 = 82.1%) {0.0%}
2  -O                                                                        (1 = 3.6%) {82.1%}
3  ---O                                                                      (3 = 10.7%) {85.7%}
4  O                                                                         (0 = 0.0%) {96.4%}
5  -O                                                                        (1 = 3.6%) {96.4%}
7  ... 

Histogram: Net.QuicSession.MaxReorderingTime recorded 28 samples, mean = 1.6 (flags = 0x41)
0   -----------------------O                                                  (23 = 82.1%)
1   -O                                                                        (1 = 3.6%) {82.1%}
2   -O                                                                        (1 = 3.6%) {85.7%}
3   O                                                                         (0 = 0.0%) {89.3%}
4   -O                                                                        (1 = 3.6%) {89.3%}
5   ... 
15  -O                                                                        (1 = 3.6%) {92.9%}
16  ... 
23  -O                                                                        (1 = 3.6%) {96.4%}
24  ... 

Histogram: Net.QuicSession.MinRTT recorded 82 samples, mean = 30.0 (flags = 0x41)
0   ... 
20  -------O                                                                  (7 = 8.5%) {0.0%}
24  -----------------------------O                                            (29 = 35.4%) {8.5%}
29  --------------------------------O                                         (32 = 39.0%) {43.9%}
34  -----------O                                                              (11 = 13.4%) {82.9%}
40  --O                                                                       (2 = 2.4%) {96.3%}
48  -O                                                                        (1 = 1.2%) {98.8%}
57  ... 

Histogram: Net.QuicSession.MtuProbesSent recorded 80 samples, mean = 0.0 (flags = 0x41)
0  ------------------------------------------------------------------------O (80 = 100.0%)
1  ... 

Histogram: Net.QuicSession.NumDefaultPathDegrading recorded 82 samples, mean = 0.0 (flags = 0x41)
0  ------------------------------------------------------------------------O (82 = 100.0%)
1  ... 

Histogram: Net.QuicSession.NumMigrations recorded 80 samples, mean = 0.0 (flags = 0x41)
0  ------------------------------------------------------------------------O (80 = 100.0%)
1  ... 

Histogram: Net.QuicSession.NumOpenStreams recorded 79 samples, mean = 1.0 (flags = 0x41)
0  O                                                                         (0 = 0.0%)
1  ------------------------------------------------------------------------O (79 = 100.0%) {0.0%}
2  ... 

Histogram: Net.QuicSession.NumPingsSent recorded 80 samples, mean = 0.9 (flags = 0x41)
0  ----------------------------------------------------------------O         (64 = 80.0%)
1  -------O                                                                  (7 = 8.8%) {80.0%}
2  ... 
7  ------O                                                                   (6 = 7.5%) {88.8%}
8  ---O                                                                      (3 = 3.8%) {96.2%}
9  ... 

Histogram: Net.QuicSession.NumQueuedPacketsBeforeWrite recorded 1236 samples, mean = 0.0 (flags = 0x41)
0  ------------------------------------------------------------------------O (1236 = 100.0%)
1  ... 

Histogram: Net.QuicSession.NumTotalStreams recorded 82 samples, mean = 1.0 (flags = 0x41)
0  ----O                                                                     (4 = 4.9%)
1  ------------------------------------------------------------------------O (77 = 93.9%) {4.9%}
2  -O                                                                        (1 = 1.2%) {98.8%}
3  ... 

Histogram: Net.QuicSession.OutOfOrderGapReceived recorded 43 samples, mean = 4.8 (flags = 0x41)
0   O                                                                         (0 = 0.0%)
1   ----------------------------O                                             (28 = 65.1%) {0.0%}
2   -O                                                                        (1 = 2.3%) {65.1%}
3   ---O                                                                      (3 = 7.0%) {67.4%}
4   O                                                                         (0 = 0.0%) {74.4%}
5   -O                                                                        (1 = 2.3%) {74.4%}
7   O                                                                         (0 = 0.0%) {76.7%}
9   -O                                                                        (1 = 2.3%) {76.7%}
12  ----O                                                                     (4 = 9.3%) {79.1%}
16  -----O                                                                    (5 = 11.6%) {88.4%}
21  ... 

Histogram: Net.QuicSession.OutOfOrderLargePacketsReceived recorded 82 samples, mean = 0.3 (flags = 0x41)
0  -------------------------------------------------------------O            (61 = 74.4%)
1  --------------------O                                                     (20 = 24.4%) {74.4%}
2  -O                                                                        (1 = 1.2%) {98.8%}
3  ... 

Histogram: Net.QuicSession.OutOfOrderPacketsReceived recorded 82 samples, mean = 0.5 (flags = 0x41)
0  ---------------------------------------------O                            (45 = 54.9%)
1  -------------------------------O                                          (31 = 37.8%) {54.9%}
2  ------O                                                                   (6 = 7.3%) {92.7%}
3  ... 

Histogram: Net.QuicSession.PacketGapReceived recorded 71 samples, mean = 2.0 (flags = 0x41)
0  O                                                                         (0 = 0.0%)
1  -------------------------------------O                                    (37 = 52.1%) {0.0%}
2  -------O                                                                  (7 = 9.9%) {52.1%}
3  ------------------O                                                       (18 = 25.4%) {62.0%}
4  -------O                                                                  (7 = 9.9%) {87.3%}
5  --O                                                                       (2 = 2.8%) {97.2%}
7  ... 

Histogram: Net.QuicSession.PacketGapReceivedNearPing recorded 75 samples, mean = 2.5 (flags = 0x41)
0  O                                                                         (0 = 0.0%)
1  -----------------------------------O                                      (35 = 46.7%) {0.0%}
2  -------O                                                                  (7 = 9.3%) {46.7%}
3  -----O                                                                    (5 = 6.7%) {56.0%}
4  -------------------O                                                      (19 = 25.3%) {62.7%}
5  ---------O                                                                (9 = 12.0%) {88.0%}
7  ... 

Histogram: Net.QuicSession.PacketLossRate_CONNECTION_WIFI recorded 10 samples, mean = 107.1 (flags = 0x41)
0    -O                                                                        (1 = 10.0%)
1    ... 
71   -O                                                                        (1 = 10.0%) {10.0%}
76   ... 
88   -O                                                                        (1 = 10.0%) {20.0%}
95   --O                                                                       (2 = 20.0%) {30.0%}
102  O                                                                         (0 = 0.0%) {50.0%}
110  -O                                                                        (1 = 10.0%) {50.0%}
118  -O                                                                        (1 = 10.0%) {60.0%}
127  -O                                                                        (1 = 10.0%) {70.0%}
136  O                                                                         (0 = 0.0%) {80.0%}
146  -O                                                                        (1 = 10.0%) {80.0%}
157  ... 
194  -O                                                                        (1 = 10.0%) {90.0%}
208  ... 

Histogram: Net.QuicSession.PacketWriteTime.Synchronous recorded 964 samples, mean = 0.0 (flags = 0x41)
0  ------------------------------------------------------------------------O (964 = 100.0%)
1  ... 

Histogram: Net.QuicSession.PacketsBeforeEcnTransition recorded 82 samples, mean = 0.0 (flags = 0x41)
0  ------------------------------------------------------------------------O (82 = 100.0%)
1  ... 

Histogram: Net.QuicSession.PreferAesGcm recorded 3 samples, mean = 1.0 (flags = 0x41)
0  O                                                                         (0 = 0.0%)
1  ---O                                                                      (3 = 100.0%) {0.0%}
2  O                                                                         (0 = 0.0%) {100.0%}

Histogram: Net.QuicSession.Qpack.HeaderListCountWhenInsertionNotBlocked recorded 79 samples, mean = 1.0 (flags = 0x41)
0  O                                                                         (0 = 0.0%)
1  ------------------------------------------------------------------------O (78 = 98.7%) {0.0%}
2  -O                                                                        (1 = 1.3%) {98.7%}
3  ... 

Histogram: Net.QuicSession.Qpack.HeaderListCountWhenNotBlockedStreamLimited recorded 79 samples, mean = 1.0 (flags = 0x41)
0  O                                                                         (0 = 0.0%)
1  ------------------------------------------------------------------------O (78 = 98.7%) {0.0%}
2  -O                                                                        (1 = 1.3%) {98.7%}
3  ... 

Histogram: Net.QuicSession.QuicVersion recorded 82 samples (flags = 0x41)
80  ------------------------------------------------------------------------O (82 = 100.0%)

Histogram: Net.QuicSession.ReceivedSettings.BlockedStreams recorded 80 samples, mean = 100.0 (flags = 0x41)
0   ... 
95  ------------------------------------------------------------------------O (80 = 100.0%) {0.0%}
107 ... 

Histogram: Net.QuicSession.ReceivedSettings.CountPlusOne recorded 80 samples, mean = 7.0 (flags = 0x41)
0  ... 
7  ------------------------------------------------------------------------O (80 = 100.0%) {0.0%}
8  ... 

Histogram: Net.QuicSession.ReceivedSettings.MaxHeaderListSize2 recorded 80 samples, mean = 65536.0 (flags = 0x41)
0      ... 
63662  ------------------------------------------------------------------------O (80 = 100.0%) {0.0%}
83848  ... 

Histogram: Net.QuicSession.ReceivedSettings.MaxTableCapacity2 recorded 80 samples, mean = 65536.0 (flags = 0x41)
0      ... 
63662  ------------------------------------------------------------------------O (80 = 100.0%) {0.0%}
83848  ... 

Histogram: Net.QuicSession.ReceivedSettings.ReservedCountPlusOne recorded 80 samples, mean = 2.0 (flags = 0x41)
0  ... 
2  ------------------------------------------------------------------------O (80 = 100.0%) {0.0%}
3  ... 

Histogram: Net.QuicSession.RstStreamErrorCodeClient recorded 1 samples (flags = 0x41)
6  -O                                                                        (1 = 100.0%)

Histogram: Net.QuicSession.RstStreamErrorCodeServer recorded 1 samples (flags = 0x41)
6  -O                                                                        (1 = 100.0%)

Histogram: Net.QuicSession.SendPacketSize.0RTT recorded 78 samples, mean = 85.7 (flags = 0x41)
0    ... 
68   ----------O                                                               (10 = 12.8%) {0.0%}
77   -------------------------------------------------------------------O      (67 = 85.9%) {12.8%}
87   ... 
524  -O                                                                        (1 = 1.3%) {98.7%}
595  ... 

Histogram: Net.QuicSession.SendPacketSize.ForwardSecure recorded 467 samples, mean = 290.0 (flags = 0x41)
0     ... 
28    ------------------------------------------------------------O             (119 = 25.5%) {0.0%}
32    ------------------------------------------------------------------------O (144 = 30.8%) {25.5%}
36    -----------O                                                              (22 = 4.7%) {56.3%}
41    -O                                                                        (1 = 0.2%) {61.0%}
47    -O                                                                        (1 = 0.2%) {61.2%}
53    ... 
68    -------O                                                                  (14 = 3.0%) {61.5%}
77    ----O                                                                     (7 = 1.5%) {64.5%}
87    ... 
243   -O                                                                        (1 = 0.2%) {66.0%}
276   -O                                                                        (1 = 0.2%) {66.2%}
314   -------------------------------------O                                    (74 = 15.8%) {66.4%}
357   ... 
461   -O                                                                        (1 = 0.2%) {82.2%}
524   -O                                                                        (1 = 0.2%) {82.4%}
595   ... 
1126  -----------------------------------------O                                (81 = 17.3%) {82.7%}
1279  ... 

Histogram: Net.QuicSession.SendPacketSize.Handshake recorded 131 samples, mean = 66.5 (flags = 0x41)
0    ... 
36   --------------------------------------O                                   (38 = 29.0%) {0.0%}
41   ---------O                                                                (9 = 6.9%) {29.0%}
47   -O                                                                        (1 = 0.8%) {35.9%}
53   ... 
68   --------O                                                                 (8 = 6.1%) {36.6%}
77   -------------------------------------------------------------O            (61 = 46.6%) {42.7%}
87   ------------O                                                             (12 = 9.2%) {89.3%}
99   ... 
165  --O                                                                       (2 = 1.5%) {98.5%}
188  ... 

Histogram: Net.QuicSession.SendPacketSize.Initial recorded 313 samples, mean = 694.0 (flags = 0x41)
0     ... 
36    ---O                                                                      (7 = 2.2%) {0.0%}
41    -O                                                                        (3 = 1.0%) {2.2%}
47    ... 
99    -----------------------------------O                                      (76 = 24.3%) {3.2%}
113   ------O                                                                   (13 = 4.2%) {27.5%}
128   ------O                                                                   (14 = 4.5%) {31.6%}
145   --O                                                                       (4 = 1.3%) {36.1%}
165   ----O                                                                     (8 = 2.6%) {37.4%}
188   ----------O                                                               (23 = 7.3%) {39.9%}
214   O                                                                         (1 = 0.3%) {47.3%}
243   ... 
595   --O                                                                       (5 = 1.6%) {47.6%}
676   ... 
991   O                                                                         (1 = 0.3%) {49.2%}
1126  ------------------------------------------------------------------------O (158 = 50.5%) {49.5%}
1279  ... 

Histogram: Net.QuicSession.ServerSideMtu recorded 80 samples (flags = 0x41)
1230  ------------------------------------------------------------------------O (80 = 100.0%)

Histogram: Net.QuicSession.SmoothedRTT recorded 82 samples, mean = 37.1 (flags = 0x41)
0   ... 
24  -O                                                                        (1 = 1.2%) {0.0%}
29  -------------------------O                                                (25 = 30.5%) {1.2%}
34  ----------------------------------O                                       (34 = 41.5%) {31.7%}
40  ----------------O                                                         (16 = 19.5%) {73.2%}
48  -----O                                                                    (5 = 6.1%) {92.7%}
57  -O                                                                        (1 = 1.2%) {98.8%}
68  ... 

Histogram: Net.QuicSession.StopSendingErrorCodeClient recorded 1 samples (flags = 0x41)
6  -O                                                                        (1 = 100.0%)

Histogram: Net.QuicSession.StreamFlowControlBlocked recorded 141 samples, mean = 1.0 (flags = 0x41)
0  ----O                                                                     (7 = 5.0%)
1  ------------------------------------------------------------------------O (134 = 95.0%) {5.0%}
2  O                                                                         (0 = 0.0%) {100.0%}

Histogram: Net.QuicSession.StreamFrameDuplicatedShortConnection recorded 78 samples, mean = 4.3 (flags = 0x41)
0    ------------------------------------------------------------------------O (77 = 98.7%)
1    ... 
319  -O                                                                        (1 = 1.3%) {98.7%}
343  ... 

Histogram: Net.QuicSession.TimeFromResolveHostToConfirmConnection recorded 82 samples, mean = 368.6 (flags = 0x41)
0     ... 
57    ------O                                                                   (6 = 7.3%) {0.0%}
68    ------------O                                                             (12 = 14.6%) {7.3%}
81    --------------------------O                                               (26 = 31.7%) {22.0%}
96    -------------------O                                                      (19 = 23.2%) {53.7%}
114   --O                                                                       (2 = 2.4%) {76.8%}
135   -O                                                                        (1 = 1.2%) {79.3%}
160   -O                                                                        (1 = 1.2%) {80.5%}
190   -O                                                                        (1 = 1.2%) {81.7%}
226   ... 
633   -O                                                                        (1 = 1.2%) {82.9%}
752   ... 
1262  -----------O                                                              (11 = 13.4%) {84.1%}
1500  ... 
4222  --O                                                                       (2 = 2.4%) {97.6%}
5017  ... 

Histogram: Net.QuicSession.TooManyOpenStreams recorded 79 samples, mean = 0.0 (flags = 0x41)
0  ------------------------------------------------------------------------O (79 = 100.0%)
1  ... 

Histogram: Net.QuicSession.TooSmallInitialSentPacket recorded 155 samples, mean = 1050.9 (flags = 0x41)
0     ... 
128   -O                                                                        (1 = 0.6%) {0.0%}
145   ... 
505   -O                                                                        (1 = 0.6%) {0.6%}
571   ---O                                                                      (4 = 2.6%) {1.3%}
646   ... 
936   ------------------------O                                                 (37 = 23.9%) {3.9%}
1060  ------------------------------------------------------------------------O (112 = 72.3%) {27.7%}
1200  O                                                                         (0 = 0.0%) {100.0%}

Histogram: Net.QuicSession.UndecryptablePacketsReceived recorded 82 samples, mean = 1.5 (flags = 0x41)
0   ------------------------------------------------------------O             (60 = 73.2%)
1   ---O                                                                      (3 = 3.7%) {73.2%}
2   --O                                                                       (2 = 2.4%) {76.8%}
3   -------O                                                                  (7 = 8.5%) {79.3%}
4   ... 
7   -O                                                                        (1 = 1.2%) {87.8%}
9   -------O                                                                  (7 = 8.5%) {89.0%}
12  --O                                                                       (2 = 2.4%) {97.6%}
16  ... 

Histogram: Net.QuicSession.UndecryptablePacketsReceivedWithDecrypter recorded 82 samples, mean = 0.0 (flags = 0x41)
0  ------------------------------------------------------------------------O (82 = 100.0%)
1  ... 

Histogram: Net.QuicSession.ValidConnectionTime recorded 68 samples, mean = 0.0 (flags = 0x41)
0  --------------------------------------------------------------------O     (68 = 100.0%)
1  ... 

Histogram: Net.QuicSession.VerifyProofTime recorded 99 samples, mean = 211.6 (flags = 0x41)
0     ------------------------------------------------------------------------O (81 = 81.8%)
1     ... 
378   -O                                                                        (1 = 1.0%) {81.8%}
449   O                                                                         (0 = 0.0%) {82.8%}
533   ----O                                                                     (4 = 4.0%) {82.8%}
633   ---------O                                                                (10 = 10.1%) {86.9%}
752   ... 
1262  -O                                                                        (1 = 1.0%) {97.0%}
1500  ... 
5017  --O                                                                       (2 = 2.0%) {98.0%}
5961  ... 

Histogram: Net.QuicSession.VerifyProofTime.google recorded 1 samples, mean = 5397.0 (flags = 0x41)
0     ... 
5017  -O                                                                        (1 = 100.0%) {0.0%}
5961  ... 

Histogram: Net.QuicSession.ZeroRttReason recorded 80 samples, mean = 3.0 (flags = 0x41)
0  ... 
2  ------------------------------------------------------------O             (60 = 75.0%) {0.0%}
3  ... 
5  ---O                                                                      (3 = 3.8%) {75.0%}
6  -----------------O                                                        (17 = 21.2%) {78.8%}
7  ... 

Histogram: Net.QuicSession.ZeroRttReasonGoogle recorded 80 samples, mean = 3.0 (flags = 0x41)
0  ... 
2  ------------------------------------------------------------O             (60 = 75.0%) {0.0%}
3  ... 
5  ---O                                                                      (3 = 3.8%) {75.0%}
6  -----------------O                                                        (17 = 21.2%) {78.8%}
7  ... 

Histogram: Net.QuicSession.ZeroRttState recorded 80 samples, mean = 0.3 (flags = 0x41)
0  ------------------------------------------------------------O             (60 = 75.0%)
1  -----------------O                                                        (17 = 21.2%) {75.0%}
2  ---O                                                                      (3 = 3.8%) {96.2%}
3  O                                                                         (0 = 0.0%) {100.0%}

Histogram: Net.QuicStreamFactory.DoConnectFailureLocation recorded 2 samples, mean = 5.0 (flags = 0x41)
0  ... 
5  --O                                                                       (2 = 100.0%) {0.0%}
6  O                                                                         (0 = 0.0%) {100.0%}

Histogram: Net.RestrictedCookieManager.GetCookiesString.Count30Seconds recorded 413 samples, mean = 0.0 (flags = 0x41)
0  ------------------------------------------------------------------------O (413 = 100.0%)
1  ... 

Histogram: Net.SSLHandshakeDetails recorded 135 samples, mean = 6.2 (flags = 0x41)
0  ... 
6  ------------------------------------------------------------------------O (105 = 77.8%) {0.0%}
7  ---------------------O                                                    (30 = 22.2%) {77.8%}
8  ... 

Histogram: Net.SSLNegotiatedAlpnProtocol recorded 135 samples, mean = 2.0 (flags = 0x41)
0  ... 
2  ------------------------------------------------------------------------O (135 = 100.0%) {0.0%}
3  ... 

Histogram: Net.SSLRenegotiationInfoSupported recorded 135 samples, mean = 1.0 (flags = 0x41)
0  O                                                                         (0 = 0.0%)
1  ------------------------------------------------------------------------O (135 = 100.0%) {0.0%}
2  O                                                                         (0 = 0.0%) {100.0%}

Histogram: Net.SSLSignatureAlgorithm recorded 135 samples (flags = 0x41)
1027  ---------O                                                                (15 = 11.1%)
2052  ------------------------------------------------------------------------O (120 = 88.9%)

Histogram: Net.SSLVersion recorded 135 samples, mean = 6.0 (flags = 0x41)
0  ... 
6  ------------------------------------------------------------------------O (135 = 100.0%) {0.0%}
7  ... 

Histogram: Net.SSL_CipherSuite recorded 135 samples (flags = 0x41)
4865  -O                                                                        (2 = 1.5%)
4866  ------------------------------------------------------------------------O (133 = 98.5%)

Histogram: Net.SSL_Connection_Error recorded 135 samples (flags = 0x41)
0  ------------------------------------------------------------------------O (135 = 100.0%)

Histogram: Net.SSL_Connection_Latency_2 recorded 135 samples, mean = 736.9 (flags = 0x41)
0     ... 
21    -O                                                                        (1 = 0.7%) {0.0%}
23    ---O                                                                      (3 = 2.2%) {0.7%}
25    ------O                                                                   (6 = 4.4%) {3.0%}
28    -----------------------O                                                  (23 = 17.0%) {7.4%}
31    --------------O                                                           (14 = 10.4%) {24.4%}
34    ----------------O                                                         (16 = 11.9%) {34.8%}
38    O                                                                         (0 = 0.0%) {46.7%}
42    --O                                                                       (2 = 1.5%) {46.7%}
46    --O                                                                       (2 = 1.5%) {48.1%}
51    -O                                                                        (1 = 0.7%) {49.6%}
56    ... 
68    -O                                                                        (1 = 0.7%) {50.4%}
75    O                                                                         (0 = 0.0%) {51.1%}
83    -O                                                                        (1 = 0.7%) {51.1%}
92    ... 
244   --O                                                                       (2 = 1.5%) {51.9%}
269   --O                                                                       (2 = 1.5%) {53.3%}
297   ------------O                                                             (12 = 8.9%) {54.8%}
328   -------O                                                                  (7 = 5.2%) {63.7%}
362   ... 
485   --O                                                                       (2 = 1.5%) {68.9%}
535   ---------O                                                                (9 = 6.7%) {70.4%}
590   -----------O                                                              (11 = 8.1%) {77.0%}
651   O                                                                         (0 = 0.0%) {85.2%}
718   -O                                                                        (1 = 0.7%) {85.2%}
792   ... 
964   -O                                                                        (1 = 0.7%) {85.9%}
1064  ... 
1295  -O                                                                        (1 = 0.7%) {86.7%}
1429  ... 
1740  --O                                                                       (2 = 1.5%) {87.4%}
1920  -O                                                                        (1 = 0.7%) {88.9%}
2118  ... 
3140  -O                                                                        (1 = 0.7%) {89.6%}
3464  O                                                                         (0 = 0.0%) {90.4%}
3822  ---O                                                                      (3 = 2.2%) {90.4%}
4217  -O                                                                        (1 = 0.7%) {92.6%}
4653  ----O                                                                     (4 = 3.0%) {93.3%}
5134  ---O                                                                      (3 = 2.2%) {96.3%}
5665  --O                                                                       (2 = 1.5%) {98.5%}
6250  ... 

Histogram: Net.SSL_KeyExchange.ECDHE recorded 135 samples (flags = 0x41)
29     ------------------------------------------------------------------------O (134 = 99.3%)
25497  -O                                                                        (1 = 0.7%)

Histogram: Net.SharedDictionaryStore.DeleteExpiredDictionaries.Error recorded 3 samples, mean = 0.0 (flags = 0x41)
0  ---O                                                                      (3 = 100.0%)
1  ... 

Histogram: Net.SharedDictionaryStore.ProcessEviction.Error recorded 2 samples, mean = 0.0 (flags = 0x41)
0  --O                                                                       (2 = 100.0%)
1  ... 

Histogram: Net.SpdyFrameStreamAndSessionFlowControlState recorded 3 samples, mean = 0.0 (flags = 0x41)
0  ---O                                                                      (3 = 100.0%)
1  ... 

Histogram: Net.SpdyHeadersCompressionPercentage recorded 264 samples, mean = 57.2 (flags = 0x41)
0   ... 
35  -O                                                                        (3 = 1.1%) {0.0%}
36  ... 
44  O                                                                         (1 = 0.4%) {1.1%}
45  ... 
48  -----------------------------------O                                      (85 = 32.2%) {1.5%}
49  ... 
61  O                                                                         (1 = 0.4%) {33.7%}
62  ------------------------------------------------------------------------O (173 = 65.5%) {34.1%}
63  ... 
94  O                                                                         (1 = 0.4%) {99.6%}
95  ... 

Histogram: Net.SpdyResponseCode recorded 264 samples (flags = 0x41)
200  ------------------------------------------------------------------------O (262 = 99.2%)
400  -O                                                                        (2 = 0.8%)

Histogram: Net.SpdySession.AcceptChForOrigin recorded 264 samples, mean = 0.0 (flags = 0x41)
0  ------------------------------------------------------------------------O (259 = 98.1%)
1  -O                                                                        (5 = 1.9%) {98.1%}
2  O                                                                         (0 = 0.0%) {100.0%}

Histogram: Net.SpdySession.AlpsAcceptChEntries recorded 4 samples, mean = 1.0 (flags = 0x41)
0  O                                                                         (0 = 0.0%)
1  ----O                                                                     (4 = 100.0%) {0.0%}
2  ... 

Histogram: Net.SpdySession.AlpsDecoderStatus recorded 4 samples, mean = 0.0 (flags = 0x41)
0  ----O                                                                     (4 = 100.0%)
1  ... 

Histogram: Net.SpdySession.AlpsDecoderStatus.Bypassed recorded 4 samples, mean = 0.0 (flags = 0x41)
0  ----O                                                                     (4 = 100.0%)
1  ... 

Histogram: Net.SpdySession.AlpsSettingParameterCount recorded 4 samples, mean = 0.0 (flags = 0x41)
0  ----O                                                                     (4 = 100.0%)
1  ... 

Histogram: Net.SpdySession.ClosedOnError recorded 90 samples (flags = 0x41)
0    ------O                                                                   (7 = 7.8%)
101  ------------------------------------------------------------------------O (83 = 92.2%)

Histogram: Net.SpdySession.CreateStreamWithSocketConnected recorded 264 samples, mean = 1.0 (flags = 0x41)
0  O                                                                         (0 = 0.0%)
1  ------------------------------------------------------------------------O (264 = 100.0%) {0.0%}
2  O                                                                         (0 = 0.0%) {100.0%}

Histogram: Net.SpdySession.GoAwayReceived recorded 1 samples (flags = 0x41)
0  -O                                                                        (1 = 100.0%)

Histogram: Net.SpdySession.OnSettings.ActiveStreamCount2 recorded 89 samples, mean = 2.9 (flags = 0x41)
0  -O                                                                        (1 = 1.1%)
1  ----O                                                                     (5 = 5.6%) {1.1%}
2  O                                                                         (0 = 0.0%) {6.7%}
3  ------------------------------------------------------------------------O (81 = 91.0%) {6.7%}
4  --O                                                                       (2 = 2.2%) {97.8%}
5  ... 

Histogram: Net.SpdySession.OnSettings.CreatedAndActiveStreamCount2 recorded 89 samples, mean = 2.9 (flags = 0x41)
0  -O                                                                        (1 = 1.1%)
1  ----O                                                                     (5 = 5.6%) {1.1%}
2  O                                                                         (0 = 0.0%) {6.7%}
3  ------------------------------------------------------------------------O (81 = 91.0%) {6.7%}
4  --O                                                                       (2 = 2.2%) {97.8%}
5  ... 

Histogram: Net.SpdySession.OnSettings.CreatedStreamCount2 recorded 89 samples, mean = 0.0 (flags = 0x41)
0  ------------------------------------------------------------------------O (89 = 100.0%)
1  ... 

Histogram: Net.SpdySession.OnSettings.PendingStreamCount2 recorded 89 samples, mean = 0.0 (flags = 0x41)
0  ------------------------------------------------------------------------O (89 = 100.0%)
1  ... 

Histogram: Net.SpdySession.ServerSupportsWebSocket recorded 90 samples, mean = 0.0 (flags = 0x41)
0  ------------------------------------------------------------------------O (90 = 100.0%)
1  ... 

Histogram: Net.SpdySessionGet recorded 128 samples, mean = 2.4 (flags = 0x41)
0  O                                                                         (0 = 0.0%)
1  ------------------------------O                                           (38 = 29.7%) {0.0%}
2  O                                                                         (0 = 0.0%) {29.7%}
3  ------------------------------------------------------------------------O (90 = 70.3%) {29.7%}
4  O                                                                         (0 = 0.0%) {100.0%}

Histogram: Net.SpdyStreamsAbandonedPerSession recorded 90 samples, mean = 0.0 (flags = 0x41)
0  ------------------------------------------------------------------------O (90 = 100.0%)
1  ... 

Histogram: Net.SpdyStreamsPerSession recorded 90 samples, mean = 2.9 (flags = 0x41)
0  -O                                                                        (1 = 1.1%)
1  ----O                                                                     (4 = 4.4%) {1.1%}
2  -O                                                                        (1 = 1.1%) {5.6%}
3  ------------------------------------------------------------------------O (81 = 90.0%) {6.7%}
4  --O                                                                       (2 = 2.2%) {96.7%}
5  ... 
7  -O                                                                        (1 = 1.1%) {98.9%}
8  ... 

Histogram: Net.TCP_Connection_Latency recorded 147 samples, mean = 40.1 (flags = 0x41)
0    ... 
16   --O                                                                       (2 = 1.4%) {0.0%}
18   ------O                                                                   (6 = 4.1%) {1.4%}
20   ----------O                                                               (10 = 6.8%) {5.4%}
23   --------------------------------O                                         (32 = 21.8%) {12.2%}
26   -----------------------O                                                  (23 = 15.6%) {34.0%}
29   ---------------------O                                                    (21 = 14.3%) {49.7%}
33   -------------------O                                                      (19 = 12.9%) {63.9%}
37   ------------O                                                             (12 = 8.2%) {76.9%}
42   --O                                                                       (2 = 1.4%) {85.0%}
48   ---O                                                                      (3 = 2.0%) {86.4%}
54   -O                                                                        (1 = 0.7%) {88.4%}
61   -O                                                                        (1 = 0.7%) {89.1%}
69   O                                                                         (0 = 0.0%) {89.8%}
78   -O                                                                        (1 = 0.7%) {89.8%}
88   -------O                                                                  (7 = 4.8%) {90.5%}
100  --O                                                                       (2 = 1.4%) {95.2%}
113  O                                                                         (0 = 0.0%) {96.6%}
128  -O                                                                        (1 = 0.7%) {96.6%}
145  -O                                                                        (1 = 0.7%) {97.3%}
164  ... 
211  -O                                                                        (1 = 0.7%) {98.0%}
239  O                                                                         (0 = 0.0%) {98.6%}
271  --O                                                                       (2 = 1.4%) {98.6%}
307  ... 

Histogram: Net.TcpConnectAttempt.Latency.Success recorded 147 samples, mean = 39.6 (flags = 0x41)
0    ... 
15   --O                                                                       (2 = 1.4%) {0.0%}
18   ----------O                                                               (10 = 6.8%) {1.4%}
22   ------------------------------------------------O                         (48 = 32.7%) {8.2%}
27   ----------------------------------O                                       (34 = 23.1%) {40.8%}
33   ------------------------------O                                           (30 = 20.4%) {63.9%}
41   ---O                                                                      (3 = 2.0%) {84.4%}
50   ----O                                                                     (4 = 2.7%) {86.4%}
61   --O                                                                       (2 = 1.4%) {89.1%}
75   -----O                                                                    (5 = 3.4%) {90.5%}
92   -----O                                                                    (5 = 3.4%) {93.9%}
113  O                                                                         (0 = 0.0%) {97.3%}
139  -O                                                                        (1 = 0.7%) {97.3%}
171  O                                                                         (0 = 0.0%) {98.0%}
210  -O                                                                        (1 = 0.7%) {98.0%}
258  --O                                                                       (2 = 1.4%) {98.6%}
317  ... 

Histogram: Net.UDPSocketWinClose recorded 219 samples, mean = 0.0 (flags = 0x41)
0  ------------------------------------------------------------------------O (219 = 100.0%)
1  ... 

Histogram: Net.URLLoaderThrottleExecutionTime.WillStartRequest recorded 11 samples, mean = 9.5 (flags = 0x41)
0   ---------O                                                                (9 = 81.8%)
1   ... 
34  -O                                                                        (1 = 9.1%) {81.8%}
40  ... 
57  -O                                                                        (1 = 9.1%) {90.9%}
68  ... 

Histogram: Net.URLRequest.ReferrerHasInformativePath.CrossOrigin recorded 356 samples, mean = 0.0 (flags = 0x41)
0  ------------------------------------------------------------------------O (356 = 100.0%)
1  ... 

Histogram: Net.URLRequest.ReferrerPolicyForRequest.CrossOrigin recorded 356 samples, mean = 0.7 (flags = 0x41)
0  ------------------------------------------------------------------------O (271 = 76.1%)
1  ... 
3  -----------------------O                                                  (85 = 23.9%) {76.1%}
4  ... 

Histogram: Network.Mdns.Googlecast recorded 3 samples, mean = 0.0 (flags = 0x41)
0  ---O                                                                      (3 = 100.0%)
1  ... 

Histogram: NetworkService.DeletedOldCacheData recorded 2 samples, mean = 0.0 (flags = 0x41)
0  --O                                                                       (2 = 100.0%)
1  ... 

Histogram: NetworkService.GrantSandboxResult recorded 5 samples, mean = 8.8 (flags = 0x41)
0   ... 
7   --O                                                                       (2 = 40.0%) {0.0%}
8   ... 
10  ---O                                                                      (3 = 60.0%) {40.0%}
11  ... 

Histogram: NetworkService.NetworkLoaderCompletionTime2.Network recorded 84 samples, mean = 515.0 (flags = 0x41)
0     ... 
135   -O                                                                        (1 = 1.2%) {0.0%}
160   -----O                                                                    (5 = 6.0%) {1.2%}
190   ---------------------------------------O                                  (39 = 46.4%) {7.1%}
226   -----------------O                                                        (17 = 20.2%) {53.6%}
268   -O                                                                        (1 = 1.2%) {73.8%}
318   O                                                                         (0 = 0.0%) {75.0%}
378   -O                                                                        (1 = 1.2%) {75.0%}
449   -O                                                                        (1 = 1.2%) {76.2%}
533   O                                                                         (0 = 0.0%) {77.4%}
633   ------O                                                                   (6 = 7.1%) {77.4%}
752   -O                                                                        (1 = 1.2%) {84.5%}
894   ... 
1262  ---------O                                                                (9 = 10.7%) {85.7%}
1500  -O                                                                        (1 = 1.2%) {96.4%}
1782  -O                                                                        (1 = 1.2%) {97.6%}
2117  ... 
7083  -O                                                                        (1 = 1.2%) {98.8%}
8416  ... 

Histogram: NetworkService.TimeToGrantCacheAccess recorded 2 samples, mean = 685.5 (flags = 0x41)
0     ... 
5     -O                                                                        (1 = 50.0%) {0.0%}
6     ... 
1262  -O                                                                        (1 = 50.0%) {50.0%}
1500  ... 

Histogram: NetworkService.TimeToGrantDataAccess recorded 3 samples, mean = 24.7 (flags = 0x41)
0   --O                                                                       (2 = 66.7%)
1   ... 
68  -O                                                                        (1 = 33.3%) {66.7%}
81  ... 

Histogram: NetworkService.TimeToGrantSharedDictionaryAccess recorded 2 samples, mean = 16.5 (flags = 0x41)
0   -O                                                                        (1 = 50.0%)
1   ... 
29  -O                                                                        (1 = 50.0%) {50.0%}
34  ... 

Histogram: NetworkedProfile.Check recorded 1 samples, mean = 4.0 (flags = 0x41)
0  ... 
4  -O                                                                        (1 = 100.0%) {0.0%}
5  ... 

Histogram: NewTabPage.MostVisited.DeciScore.0.Local recorded 2 samples, mean = 1732.0 (flags = 0x41)
0     ... 
1347  --O                                                                       (2 = 100.0%) {0.0%}
1774  ... 

Histogram: NewTabPage.MostVisited.DeciScore.1.Local recorded 2 samples, mean = 1585.0 (flags = 0x41)
0     ... 
1347  --O                                                                       (2 = 100.0%) {0.0%}
1774  ... 

Histogram: NewTabPage.MostVisited.DeciScore.2.Local recorded 2 samples, mean = 11.0 (flags = 0x41)
0  ... 
9  --O                                                                       (2 = 100.0%) {0.0%}
12 ... 

Histogram: Notifications.UsingSystemNotificationCenter recorded 1 samples, mean = 0.0 (flags = 0x41)
0  -O                                                                        (1 = 100.0%)
1  ... 

Histogram: Notifications.Windows.GetDisplayedStatus recorded 1 samples, mean = 0.0 (flags = 0x41)
0  -O                                                                        (1 = 100.0%)
1  ... 

Histogram: Notifications.Windows.GetSettingStatusStartup recorded 1 samples, mean = 1.0 (flags = 0x41)
0  O                                                                         (0 = 0.0%)
1  -O                                                                        (1 = 100.0%) {0.0%}
2  O                                                                         (0 = 0.0%) {100.0%}

Histogram: Notifications.Windows.HistoryStatus recorded 1 samples, mean = 0.0 (flags = 0x41)
0  -O                                                                        (1 = 100.0%)
1  ... 

Histogram: Notifications.Windows.SetReadyCallbackStatus2 recorded 1 samples, mean = 3.0 (flags = 0x41)
0  ... 
3  -O                                                                        (1 = 100.0%) {0.0%}
4  ... 

Histogram: Notifications.Windows.StartMenuShortcutStatus recorded 1 samples, mean = 2.0 (flags = 0x41)
0  ... 
2  -O                                                                        (1 = 100.0%) {0.0%}
3  ... 

Histogram: OSCrypt.AppBoundEncryption.SupportLevel recorded 1 samples, mean = 1.0 (flags = 0x41)
0  O                                                                         (0 = 0.0%)
1  -O                                                                        (1 = 100.0%) {0.0%}
2  ... 

Histogram: OSCrypt.AppBoundProvider.KeyRetrieval.Status recorded 1 samples, mean = 1.0 (flags = 0x41)
0  O                                                                         (0 = 0.0%)
1  -O                                                                        (1 = 100.0%) {0.0%}
2  ... 

Histogram: OSCrypt.AsyncInitialization.Result recorded 1 samples, mean = 1.0 (flags = 0x41)
0  O                                                                         (0 = 0.0%)
1  -O                                                                        (1 = 100.0%) {0.0%}
2  O                                                                         (0 = 0.0%) {100.0%}

Histogram: OSCrypt.AsyncInitialization.Time recorded 1 samples, mean = 0.0 (flags = 0x41)
0  -O                                                                        (1 = 100.0%)
1  ... 

Histogram: OSCrypt.DPAPIProvider.Status recorded 1 samples, mean = 0.0 (flags = 0x41)
0  -O                                                                        (1 = 100.0%)
1  ... 

Histogram: OSCrypt.Win.Decrypt.Result recorded 1 samples, mean = 1.0 (flags = 0x41)
0  O                                                                         (0 = 0.0%)
1  -O                                                                        (1 = 100.0%) {0.0%}
2  O                                                                         (0 = 0.0%) {100.0%}

Histogram: OSCrypt.Win.Decrypt.Time recorded 1 samples, mean = 0.0 (flags = 0x41)
0  -O                                                                        (1 = 100.0%)
1  ... 

Histogram: Omnibox.KeywordModeUsageByEngineType.ActiveOnStartup recorded 4 samples, mean = 3.5 (flags = 0x41)
0  ... 
2  -O                                                                        (1 = 25.0%) {0.0%}
3  -O                                                                        (1 = 25.0%) {25.0%}
4  -O                                                                        (1 = 25.0%) {50.0%}
5  -O                                                                        (1 = 25.0%) {75.0%}
6  O                                                                         (0 = 0.0%) {100.0%}

Histogram: Omnibox.KeywordModeUsageByEngineType.InactiveOnStartup recorded 5 samples, mean = 1.0 (flags = 0x41)
0  O                                                                         (0 = 0.0%)
1  -----O                                                                    (5 = 100.0%) {0.0%}
2  ... 

Histogram: Omnibox.TemplateUrl.RlzPresent recorded 217 samples, mean = 0.0 (flags = 0x41)
0  ------------------------------------------------------------------------O (217 = 100.0%)
1  ... 

Histogram: Omnibox.TemplateUrl.SearchClientPresent recorded 217 samples, mean = 0.0 (flags = 0x41)
0  ------------------------------------------------------------------------O (217 = 100.0%)
1  ... 

Histogram: OptimizationGuide.ApplyDecision.HistoryClusters recorded 2 samples, mean = 2.0 (flags = 0x41)
0  O                                                                         (0 = 0.0%)
1  -O                                                                        (1 = 50.0%) {0.0%}
2  O                                                                         (0 = 0.0%) {50.0%}
3  -O                                                                        (1 = 50.0%) {50.0%}
4  ... 

Histogram: OptimizationGuide.ApplyDecision.PageEntities recorded 2 samples, mean = 8.0 (flags = 0x41)
0  ... 
8  --O                                                                       (2 = 100.0%) {0.0%}
9  ... 

Histogram: OptimizationGuide.ApplyDecision.PriceInsights recorded 2 samples, mean = 12.0 (flags = 0x41)
0   ... 
12  --O                                                                       (2 = 100.0%) {0.0%}
13  O                                                                         (0 = 0.0%) {100.0%}

Histogram: OptimizationGuide.ApplyDecision.PriceTracking recorded 2 samples, mean = 12.0 (flags = 0x41)
0   ... 
12  --O                                                                       (2 = 100.0%) {0.0%}
13  O                                                                         (0 = 0.0%) {100.0%}

Histogram: OptimizationGuide.ApplyDecision.SalientImage recorded 2 samples, mean = 8.0 (flags = 0x41)
0  ... 
8  --O                                                                       (2 = 100.0%) {0.0%}
9  ... 

Histogram: OptimizationGuide.HintCacheLevelDBStore.LoadMetadataResult recorded 1 samples, mean = 5.0 (flags = 0x41)
0  ... 
5  -O                                                                        (1 = 100.0%) {0.0%}
6  ... 

Histogram: OptimizationGuide.HintCacheLevelDBStore.Status recorded 3 samples, mean = 1.0 (flags = 0x41)
0  -O                                                                        (1 = 33.3%)
1  -O                                                                        (1 = 33.3%) {33.3%}
2  -O                                                                        (1 = 33.3%) {66.7%}
3  ... 

Histogram: OptimizationGuide.HintsManager.HintCacheInitialized recorded 1 samples, mean = 1.0 (flags = 0x40)
0  O                                                                         (0 = 0.0%)
1  -O                                                                        (1 = 100.0%) {0.0%}
2  O                                                                         (0 = 0.0%) {100.0%}

Histogram: OptimizationGuide.LoadedHint.Result recorded 2 samples, mean = 0.0 (flags = 0x40)
0  --O                                                                       (2 = 100.0%)
1  ... 

Histogram: OptimizationGuide.ModelExecution.FeatureCurrentlyEnabledResult.Compose recorded 1 samples, mean = 1.0 (flags = 0x41)
0  O                                                                         (0 = 0.0%)
1  -O                                                                        (1 = 100.0%) {0.0%}
2  ... 

Histogram: OptimizationGuide.ModelExecution.FeatureCurrentlyEnabledResult.HistorySearch recorded 2 samples, mean = 3.0 (flags = 0x41)
0  ... 
3  --O                                                                       (2 = 100.0%) {0.0%}
4  ... 

Histogram: OptimizationGuide.ModelExecution.FeatureCurrentlyEnabledResult.TabOrganization recorded 1 samples, mean = 3.0 (flags = 0x41)
0  ... 
3  -O                                                                        (1 = 100.0%) {0.0%}
4  ... 

Histogram: OptimizationGuide.ModelExecution.FeatureCurrentlyEnabledResult.WallpaperSearch recorded 1 samples, mean = 1.0 (flags = 0x41)
0  O                                                                         (0 = 0.0%)
1  -O                                                                        (1 = 100.0%) {0.0%}
2  ... 

Histogram: OptimizationGuide.ModelExecution.FeatureEnabledAtStartup.Compose recorded 1 samples, mean = 0.0 (flags = 0x41)
0  -O                                                                        (1 = 100.0%)
1  ... 

Histogram: OptimizationGuide.ModelExecution.FeatureEnabledAtStartup.HistorySearch recorded 1 samples, mean = 0.0 (flags = 0x41)
0  -O                                                                        (1 = 100.0%)
1  ... 

Histogram: OptimizationGuide.ModelExecution.FeatureEnabledAtStartup.TabOrganization recorded 1 samples, mean = 0.0 (flags = 0x41)
0  -O                                                                        (1 = 100.0%)
1  ... 

Histogram: OptimizationGuide.ModelExecution.FeatureEnabledAtStartup.WallpaperSearch recorded 1 samples, mean = 0.0 (flags = 0x41)
0  -O                                                                        (1 = 100.0%)
1  ... 

Histogram: OptimizationGuide.ModelExecution.OnDeviceModelInstallCriteria.AtRegistration.All recorded 1 samples, mean = 0.0 (flags = 0x41)
0  -O                                                                        (1 = 100.0%)
1  ... 

Histogram: OptimizationGuide.ModelExecution.OnDeviceModelInstallCriteria.AtRegistration.DeviceCapability recorded 1 samples, mean = 0.0 (flags = 0x41)
0  -O                                                                        (1 = 100.0%)
1  ... 

Histogram: OptimizationGuide.ModelExecution.OnDeviceModelInstallCriteria.AtRegistration.DiskSpace recorded 1 samples, mean = 1.0 (flags = 0x41)
0  O                                                                         (0 = 0.0%)
1  -O                                                                        (1 = 100.0%) {0.0%}
2  O                                                                         (0 = 0.0%) {100.0%}

Histogram: OptimizationGuide.ModelExecution.OnDeviceModelInstallCriteria.AtRegistration.EnabledByEnterprisePolicy recorded 1 samples, mean = 1.0 (flags = 0x41)
0  O                                                                         (0 = 0.0%)
1  -O                                                                        (1 = 100.0%) {0.0%}
2  O                                                                         (0 = 0.0%) {100.0%}

Histogram: OptimizationGuide.ModelExecution.OnDeviceModelInstallCriteria.AtRegistration.EnabledByFeature recorded 1 samples, mean = 0.0 (flags = 0x41)
0  -O                                                                        (1 = 100.0%)
1  ... 

Histogram: OptimizationGuide.ModelExecution.OnDeviceModelInstallCriteria.AtRegistration.FeatureUse recorded 1 samples, mean = 0.0 (flags = 0x41)
0  -O                                                                        (1 = 100.0%)
1  ... 

Histogram: OptimizationGuide.ModelExecutor.ExecutionStatus.PageVisibility recorded 1 samples, mean = 3.0 (flags = 0x41)
0  ... 
3  -O                                                                        (1 = 100.0%) {0.0%}
4  ... 

Histogram: OptimizationGuide.ModelExecutor.ModelAvailableToLoad.PageVisibility recorded 1 samples, mean = 0.0 (flags = 0x41)
0  -O                                                                        (1 = 100.0%)
1  ... 

Histogram: OptimizationGuide.ModelExecutor.TaskExecutionLatency.PageVisibility recorded 1 samples, mean = 269.0 (flags = 0x41)
0    ... 
220  -O                                                                        (1 = 100.0%) {0.0%}
280  ... 

Histogram: OptimizationGuide.ModelExecutor.TaskSchedulingLatency.PageVisibility recorded 1 samples, mean = 0.0 (flags = 0x41)
0  -O                                                                        (1 = 100.0%)
1  ... 

Histogram: OptimizationGuide.ModelHandler.HandlerCreated.GeolocationPermissions recorded 1 samples, mean = 1.0 (flags = 0x41)
0  O                                                                         (0 = 0.0%)
1  -O                                                                        (1 = 100.0%) {0.0%}
2  O                                                                         (0 = 0.0%) {100.0%}

Histogram: OptimizationGuide.ModelHandler.HandlerCreated.NewTabPageHistoryClustersModuleRanking recorded 1 samples, mean = 1.0 (flags = 0x41)
0  O                                                                         (0 = 0.0%)
1  -O                                                                        (1 = 100.0%) {0.0%}
2  O                                                                         (0 = 0.0%) {100.0%}

Histogram: OptimizationGuide.ModelHandler.HandlerCreated.NotificationPermissions recorded 1 samples, mean = 1.0 (flags = 0x41)
0  O                                                                         (0 = 0.0%)
1  -O                                                                        (1 = 100.0%) {0.0%}
2  O                                                                         (0 = 0.0%) {100.0%}

Histogram: OptimizationGuide.ModelHandler.HandlerCreated.OmniboxUrlScoring recorded 1 samples, mean = 1.0 (flags = 0x41)
0  O                                                                         (0 = 0.0%)
1  -O                                                                        (1 = 100.0%) {0.0%}
2  O                                                                         (0 = 0.0%) {100.0%}

Histogram: OptimizationGuide.ModelHandler.HandlerCreated.PageTopicsV2 recorded 1 samples, mean = 1.0 (flags = 0x41)
0  O                                                                         (0 = 0.0%)
1  -O                                                                        (1 = 100.0%) {0.0%}
2  O                                                                         (0 = 0.0%) {100.0%}

Histogram: OptimizationGuide.ModelHandler.HandlerCreated.PageVisibility recorded 1 samples, mean = 1.0 (flags = 0x41)
0  O                                                                         (0 = 0.0%)
1  -O                                                                        (1 = 100.0%) {0.0%}
2  O                                                                         (0 = 0.0%) {100.0%}

Histogram: OptimizationGuide.ModelHandler.HandlerCreated.SegmentationChromeLowUserEngagement recorded 1 samples, mean = 1.0 (flags = 0x41)
0  O                                                                         (0 = 0.0%)
1  -O                                                                        (1 = 100.0%) {0.0%}
2  O                                                                         (0 = 0.0%) {100.0%}

Histogram: OptimizationGuide.ModelHandler.HandlerCreated.SegmentationComposePromotion recorded 1 samples, mean = 1.0 (flags = 0x41)
0  O                                                                         (0 = 0.0%)
1  -O                                                                        (1 = 100.0%) {0.0%}
2  O                                                                         (0 = 0.0%) {100.0%}

Histogram: OptimizationGuide.ModelHandler.HandlerCreated.SegmentationDeviceSwitcher recorded 1 samples, mean = 1.0 (flags = 0x41)
0  O                                                                         (0 = 0.0%)
1  -O                                                                        (1 = 100.0%) {0.0%}
2  O                                                                         (0 = 0.0%) {100.0%}

Histogram: OptimizationGuide.ModelHandler.HandlerCreated.SegmentationSearchUser recorded 1 samples, mean = 1.0 (flags = 0x41)
0  O                                                                         (0 = 0.0%)
1  -O                                                                        (1 = 100.0%) {0.0%}
2  O                                                                         (0 = 0.0%) {100.0%}

Histogram: OptimizationGuide.ModelHandler.HandlerCreated.SegmentationShoppingUser recorded 1 samples, mean = 1.0 (flags = 0x41)
0  O                                                                         (0 = 0.0%)
1  -O                                                                        (1 = 100.0%) {0.0%}
2  O                                                                         (0 = 0.0%) {100.0%}

Histogram: OptimizationGuide.ModelHandler.HandlerCreated.URLVisitResumptionRanker recorded 1 samples, mean = 1.0 (flags = 0x41)
0  O                                                                         (0 = 0.0%)
1  -O                                                                        (1 = 100.0%) {0.0%}
2  O                                                                         (0 = 0.0%) {100.0%}

Histogram: OptimizationGuide.ModelHandler.HandlerCreated.WebAppInstallationPromo recorded 1 samples, mean = 1.0 (flags = 0x41)
0  O                                                                         (0 = 0.0%)
1  -O                                                                        (1 = 100.0%) {0.0%}
2  O                                                                         (0 = 0.0%) {100.0%}

Histogram: OptimizationGuide.OptimizationFilterStatus.HistoryClusters recorded 4 samples, mean = 0.5 (flags = 0x41)
0  --O                                                                       (2 = 50.0%)
1  --O                                                                       (2 = 50.0%) {50.0%}
2  ... 

Histogram: OptimizationGuide.OptimizationFilterStatus.ShoppingPagePredictor recorded 4 samples, mean = 0.5 (flags = 0x41)
0  --O                                                                       (2 = 50.0%)
1  --O                                                                       (2 = 50.0%) {50.0%}
2  ... 

Histogram: OptimizationGuide.OptimizationHintsComponent.MajorVersion2 recorded 2 samples (flags = 0x41)
641  -O                                                                        (1 = 50.0%)
642  -O                                                                        (1 = 50.0%)

Histogram: OptimizationGuide.PageContentAnnotations.AnnotateVisitResultCached recorded 1 samples, mean = 0.0 (flags = 0x41)
0  -O                                                                        (1 = 100.0%)
1  ... 

Histogram: OptimizationGuide.PageContentAnnotations.BatchRequestedSize.ContentVisibility recorded 1 samples, mean = 1.0 (flags = 0x41)
0  O                                                                         (0 = 0.0%)
1  -O                                                                        (1 = 100.0%) {0.0%}
2  ... 

Histogram: OptimizationGuide.PageContentAnnotations.BatchSuccess.ContentVisibility recorded 1 samples, mean = 0.0 (flags = 0x41)
0  -O                                                                        (1 = 100.0%)
1  ... 

Histogram: OptimizationGuide.PageContentAnnotations.JobExecutionTime.ContentVisibility recorded 1 samples, mean = 315.0 (flags = 0x41)
0    ... 
280  -O                                                                        (1 = 100.0%) {0.0%}
356  ... 

Histogram: OptimizationGuide.PageContentAnnotations.JobScheduleTime.ContentVisibility recorded 1 samples, mean = 8.0 (flags = 0x41)
0  ... 
8  -O                                                                        (1 = 100.0%) {0.0%}
10 ... 

Histogram: OptimizationGuide.PageContentAnnotationsService.ContentAnnotated recorded 1 samples, mean = 0.0 (flags = 0x41)
0  -O                                                                        (1 = 100.0%)
1  ... 

Histogram: OptimizationGuide.PredictionManager.DownloadServiceAvailabilityBlockedFetch recorded 76 samples, mean = 0.0 (flags = 0x41)
0  ------------------------------------------------------------------------O (76 = 100.0%)
1  ... 

Histogram: OptimizationGuide.PredictionManager.FirstModelFetchSinceServiceInit recorded 1 samples, mean = 65059.0 (flags = 0x41)
0      ... 
54351  -O                                                                        (1 = 100.0%) {0.0%}
69059  ... 

Histogram: OptimizationGuide.PredictionManager.ModelAvailableAtRegistration.ClientSidePhishing recorded 1 samples, mean = 0.0 (flags = 0x41)
0  -O                                                                        (1 = 100.0%)
1  ... 

Histogram: OptimizationGuide.PredictionManager.ModelAvailableAtRegistration.GeolocationPermissions recorded 1 samples, mean = 0.0 (flags = 0x41)
0  -O                                                                        (1 = 100.0%)
1  ... 

Histogram: OptimizationGuide.PredictionManager.ModelAvailableAtRegistration.LanguageDetection recorded 2 samples, mean = 0.0 (flags = 0x41)
0  --O                                                                       (2 = 100.0%)
1  ... 

Histogram: OptimizationGuide.PredictionManager.ModelAvailableAtRegistration.NewTabPageHistoryClustersModuleRanking recorded 1 samples, mean = 0.0 (flags = 0x41)
0  -O                                                                        (1 = 100.0%)
1  ... 

Histogram: OptimizationGuide.PredictionManager.ModelAvailableAtRegistration.NotificationPermissions recorded 1 samples, mean = 0.0 (flags = 0x41)
0  -O                                                                        (1 = 100.0%)
1  ... 

Histogram: OptimizationGuide.PredictionManager.ModelAvailableAtRegistration.OmniboxUrlScoring recorded 1 samples, mean = 0.0 (flags = 0x41)
0  -O                                                                        (1 = 100.0%)
1  ... 

Histogram: OptimizationGuide.PredictionManager.ModelAvailableAtRegistration.PageTopicsV2 recorded 1 samples, mean = 0.0 (flags = 0x41)
0  -O                                                                        (1 = 100.0%)
1  ... 

Histogram: OptimizationGuide.PredictionManager.ModelAvailableAtRegistration.PageVisibility recorded 1 samples, mean = 0.0 (flags = 0x41)
0  -O                                                                        (1 = 100.0%)
1  ... 

Histogram: OptimizationGuide.PredictionManager.ModelAvailableAtRegistration.SegmentationChromeLowUserEngagement recorded 1 samples, mean = 0.0 (flags = 0x41)
0  -O                                                                        (1 = 100.0%)
1  ... 

Histogram: OptimizationGuide.PredictionManager.ModelAvailableAtRegistration.SegmentationComposePromotion recorded 1 samples, mean = 0.0 (flags = 0x41)
0  -O                                                                        (1 = 100.0%)
1  ... 

Histogram: OptimizationGuide.PredictionManager.ModelAvailableAtRegistration.SegmentationDeviceSwitcher recorded 1 samples, mean = 0.0 (flags = 0x41)
0  -O                                                                        (1 = 100.0%)
1  ... 

Histogram: OptimizationGuide.PredictionManager.ModelAvailableAtRegistration.SegmentationSearchUser recorded 1 samples, mean = 0.0 (flags = 0x41)
0  -O                                                                        (1 = 100.0%)
1  ... 

Histogram: OptimizationGuide.PredictionManager.ModelAvailableAtRegistration.SegmentationShoppingUser recorded 1 samples, mean = 0.0 (flags = 0x41)
0  -O                                                                        (1 = 100.0%)
1  ... 

Histogram: OptimizationGuide.PredictionManager.ModelAvailableAtRegistration.TextSafety recorded 1 samples, mean = 0.0 (flags = 0x41)
0  -O                                                                        (1 = 100.0%)
1  ... 

Histogram: OptimizationGuide.PredictionManager.ModelAvailableAtRegistration.URLVisitResumptionRanker recorded 1 samples, mean = 0.0 (flags = 0x41)
0  -O                                                                        (1 = 100.0%)
1  ... 

Histogram: OptimizationGuide.PredictionManager.ModelAvailableAtRegistration.VisualSearchClassification recorded 1 samples, mean = 0.0 (flags = 0x41)
0  -O                                                                        (1 = 100.0%)
1  ... 

Histogram: OptimizationGuide.PredictionManager.ModelAvailableAtRegistration.WebAppInstallationPromo recorded 1 samples, mean = 0.0 (flags = 0x41)
0  -O                                                                        (1 = 100.0%)
1  ... 

Histogram: OptimizationGuide.PredictionManager.ModelDeliveryEvents.ClientSidePhishing recorded 152 samples, mean = 5.5 (flags = 0x41)
0  ... 
3  ------------------------------------------------------------------------O (76 = 50.0%) {0.0%}
4  ... 
8  ------------------------------------------------------------------------O (76 = 50.0%) {50.0%}
9  ... 

Histogram: OptimizationGuide.PredictionManager.ModelDeliveryEvents.GeolocationPermissions recorded 152 samples, mean = 5.5 (flags = 0x41)
0  ... 
3  ------------------------------------------------------------------------O (76 = 50.0%) {0.0%}
4  ... 
8  ------------------------------------------------------------------------O (76 = 50.0%) {50.0%}
9  ... 

Histogram: OptimizationGuide.PredictionManager.ModelDeliveryEvents.LanguageDetection recorded 152 samples, mean = 5.5 (flags = 0x41)
0  ... 
3  ------------------------------------------------------------------------O (76 = 50.0%) {0.0%}
4  ... 
8  ------------------------------------------------------------------------O (76 = 50.0%) {50.0%}
9  ... 

Histogram: OptimizationGuide.PredictionManager.ModelDeliveryEvents.NewTabPageHistoryClustersModuleRanking recorded 152 samples, mean = 5.5 (flags = 0x41)
0  ... 
3  ------------------------------------------------------------------------O (76 = 50.0%) {0.0%}
4  ... 
8  ------------------------------------------------------------------------O (76 = 50.0%) {50.0%}
9  ... 

Histogram: OptimizationGuide.PredictionManager.ModelDeliveryEvents.NotificationPermissions recorded 152 samples, mean = 5.5 (flags = 0x41)
0  ... 
3  ------------------------------------------------------------------------O (76 = 50.0%) {0.0%}
4  ... 
8  ------------------------------------------------------------------------O (76 = 50.0%) {50.0%}
9  ... 

Histogram: OptimizationGuide.PredictionManager.ModelDeliveryEvents.OmniboxUrlScoring recorded 152 samples, mean = 5.5 (flags = 0x41)
0  ... 
3  ------------------------------------------------------------------------O (76 = 50.0%) {0.0%}
4  ... 
8  ------------------------------------------------------------------------O (76 = 50.0%) {50.0%}
9  ... 

Histogram: OptimizationGuide.PredictionManager.ModelDeliveryEvents.PageTopicsV2 recorded 152 samples, mean = 5.5 (flags = 0x41)
0  ... 
3  ------------------------------------------------------------------------O (76 = 50.0%) {0.0%}
4  ... 
8  ------------------------------------------------------------------------O (76 = 50.0%) {50.0%}
9  ... 

Histogram: OptimizationGuide.PredictionManager.ModelDeliveryEvents.PageVisibility recorded 152 samples, mean = 5.5 (flags = 0x41)
0  ... 
3  ------------------------------------------------------------------------O (76 = 50.0%) {0.0%}
4  ... 
8  ------------------------------------------------------------------------O (76 = 50.0%) {50.0%}
9  ... 

Histogram: OptimizationGuide.PredictionManager.ModelDeliveryEvents.SegmentationChromeLowUserEngagement recorded 150 samples, mean = 5.5 (flags = 0x41)
0  ... 
3  ------------------------------------------------------------------------O (75 = 50.0%) {0.0%}
4  ... 
8  ------------------------------------------------------------------------O (75 = 50.0%) {50.0%}
9  ... 

Histogram: OptimizationGuide.PredictionManager.ModelDeliveryEvents.SegmentationComposePromotion recorded 150 samples, mean = 5.5 (flags = 0x41)
0  ... 
3  ------------------------------------------------------------------------O (75 = 50.0%) {0.0%}
4  ... 
8  ------------------------------------------------------------------------O (75 = 50.0%) {50.0%}
9  ... 

Histogram: OptimizationGuide.PredictionManager.ModelDeliveryEvents.SegmentationDeviceSwitcher recorded 150 samples, mean = 5.5 (flags = 0x41)
0  ... 
3  ------------------------------------------------------------------------O (75 = 50.0%) {0.0%}
4  ... 
8  ------------------------------------------------------------------------O (75 = 50.0%) {50.0%}
9  ... 

Histogram: OptimizationGuide.PredictionManager.ModelDeliveryEvents.SegmentationSearchUser recorded 150 samples, mean = 5.5 (flags = 0x41)
0  ... 
3  ------------------------------------------------------------------------O (75 = 50.0%) {0.0%}
4  ... 
8  ------------------------------------------------------------------------O (75 = 50.0%) {50.0%}
9  ... 

Histogram: OptimizationGuide.PredictionManager.ModelDeliveryEvents.SegmentationShoppingUser recorded 150 samples, mean = 5.5 (flags = 0x41)
0  ... 
3  ------------------------------------------------------------------------O (75 = 50.0%) {0.0%}
4  ... 
8  ------------------------------------------------------------------------O (75 = 50.0%) {50.0%}
9  ... 

Histogram: OptimizationGuide.PredictionManager.ModelDeliveryEvents.TextSafety recorded 152 samples, mean = 5.5 (flags = 0x41)
0  ... 
3  ------------------------------------------------------------------------O (76 = 50.0%) {0.0%}
4  ... 
8  ------------------------------------------------------------------------O (76 = 50.0%) {50.0%}
9  ... 

Histogram: OptimizationGuide.PredictionManager.ModelDeliveryEvents.URLVisitResumptionRanker recorded 150 samples, mean = 5.5 (flags = 0x41)
0  ... 
3  ------------------------------------------------------------------------O (75 = 50.0%) {0.0%}
4  ... 
8  ------------------------------------------------------------------------O (75 = 50.0%) {50.0%}
9  ... 

Histogram: OptimizationGuide.PredictionManager.ModelDeliveryEvents.VisualSearchClassification recorded 152 samples, mean = 5.5 (flags = 0x41)
0  ... 
3  ------------------------------------------------------------------------O (76 = 50.0%) {0.0%}
4  ... 
8  ------------------------------------------------------------------------O (76 = 50.0%) {50.0%}
9  ... 

Histogram: OptimizationGuide.PredictionManager.ModelDeliveryEvents.WebAppInstallationPromo recorded 150 samples, mean = 5.5 (flags = 0x41)
0  ... 
3  ------------------------------------------------------------------------O (75 = 50.0%) {0.0%}
4  ... 
8  ------------------------------------------------------------------------O (75 = 50.0%) {50.0%}
9  ... 

Histogram: OptimizationGuide.PredictionManager.RegistrationTimeSinceServiceInit.ClientSidePhishing recorded 1 samples, mean = 0.0 (flags = 0x41)
0  -O                                                                        (1 = 100.0%)
1  ... 

Histogram: OptimizationGuide.PredictionManager.RegistrationTimeSinceServiceInit.GeolocationPermissions recorded 1 samples, mean = 0.0 (flags = 0x41)
0  -O                                                                        (1 = 100.0%)
1  ... 

Histogram: OptimizationGuide.PredictionManager.RegistrationTimeSinceServiceInit.LanguageDetection recorded 2 samples, mean = 535.0 (flags = 0x41)
0    -O                                                                        (1 = 50.0%)
1    ... 
926  -O                                                                        (1 = 50.0%) {50.0%}
1177 ... 

Histogram: OptimizationGuide.PredictionManager.RegistrationTimeSinceServiceInit.NewTabPageHistoryClustersModuleRanking recorded 1 samples, mean = 0.0 (flags = 0x41)
0  -O                                                                        (1 = 100.0%)
1  ... 

Histogram: OptimizationGuide.PredictionManager.RegistrationTimeSinceServiceInit.NotificationPermissions recorded 1 samples, mean = 0.0 (flags = 0x41)
0  -O                                                                        (1 = 100.0%)
1  ... 

Histogram: OptimizationGuide.PredictionManager.RegistrationTimeSinceServiceInit.OmniboxUrlScoring recorded 1 samples, mean = 0.0 (flags = 0x41)
0  -O                                                                        (1 = 100.0%)
1  ... 

Histogram: OptimizationGuide.PredictionManager.RegistrationTimeSinceServiceInit.PageTopicsV2 recorded 1 samples, mean = 0.0 (flags = 0x41)
0  -O                                                                        (1 = 100.0%)
1  ... 

Histogram: OptimizationGuide.PredictionManager.RegistrationTimeSinceServiceInit.PageVisibility recorded 1 samples, mean = 0.0 (flags = 0x41)
0  -O                                                                        (1 = 100.0%)
1  ... 

Histogram: OptimizationGuide.PredictionManager.RegistrationTimeSinceServiceInit.SegmentationChromeLowUserEngagement recorded 1 samples, mean = 73779.0 (flags = 0x41)
0      ... 
69059  -O                                                                        (1 = 100.0%) {0.0%}
87747  ... 

Histogram: OptimizationGuide.PredictionManager.RegistrationTimeSinceServiceInit.SegmentationComposePromotion recorded 1 samples, mean = 73780.0 (flags = 0x41)
0      ... 
69059  -O                                                                        (1 = 100.0%) {0.0%}
87747  ... 

Histogram: OptimizationGuide.PredictionManager.RegistrationTimeSinceServiceInit.SegmentationDeviceSwitcher recorded 1 samples, mean = 73780.0 (flags = 0x41)
0      ... 
69059  -O                                                                        (1 = 100.0%) {0.0%}
87747  ... 

Histogram: OptimizationGuide.PredictionManager.RegistrationTimeSinceServiceInit.SegmentationSearchUser recorded 1 samples, mean = 73780.0 (flags = 0x41)
0      ... 
69059  -O                                                                        (1 = 100.0%) {0.0%}
87747  ... 

Histogram: OptimizationGuide.PredictionManager.RegistrationTimeSinceServiceInit.SegmentationShoppingUser recorded 1 samples, mean = 73780.0 (flags = 0x41)
0      ... 
69059  -O                                                                        (1 = 100.0%) {0.0%}
87747  ... 

Histogram: OptimizationGuide.PredictionManager.RegistrationTimeSinceServiceInit.TextSafety recorded 1 samples, mean = 0.0 (flags = 0x41)
0  -O                                                                        (1 = 100.0%)
1  ... 

Histogram: OptimizationGuide.PredictionManager.RegistrationTimeSinceServiceInit.URLVisitResumptionRanker recorded 1 samples, mean = 73780.0 (flags = 0x41)
0      ... 
69059  -O                                                                        (1 = 100.0%) {0.0%}
87747  ... 

Histogram: OptimizationGuide.PredictionManager.RegistrationTimeSinceServiceInit.VisualSearchClassification recorded 1 samples, mean = 0.0 (flags = 0x41)
0  -O                                                                        (1 = 100.0%)
1  ... 

Histogram: OptimizationGuide.PredictionManager.RegistrationTimeSinceServiceInit.WebAppInstallationPromo recorded 1 samples, mean = 73780.0 (flags = 0x41)
0      ... 
69059  -O                                                                        (1 = 100.0%) {0.0%}
87747  ... 

Histogram: OptimizationGuide.PredictionManager.StoreInitialized recorded 1 samples, mean = 1.0 (flags = 0x40)
0  O                                                                         (0 = 0.0%)
1  -O                                                                        (1 = 100.0%) {0.0%}
2  O                                                                         (0 = 0.0%) {100.0%}

Histogram: OptimizationGuide.PredictionManager.SupportedModelEngineVersion recorded 76 samples, mean = 18.0 (flags = 0x40)
0   ... 
18  ------------------------------------------------------------------------O (76 = 100.0%) {0.0%}
19  ... 

Histogram: OptimizationGuide.PredictionModelFetcher.GetModelsResponse.NetErrorCode recorded 76 samples (flags = 0x41)
2    -O                                                                        (1 = 1.3%)
379  ------------------------------------------------------------------------O (75 = 98.7%)

Histogram: OptimizationGuide.PredictionModelFetcher.GetModelsResponse.NetErrorCode.ClientSidePhishing recorded 76 samples (flags = 0x41)
2    -O                                                                        (1 = 1.3%)
379  ------------------------------------------------------------------------O (75 = 98.7%)

Histogram: OptimizationGuide.PredictionModelFetcher.GetModelsResponse.NetErrorCode.GeolocationPermissions recorded 76 samples (flags = 0x41)
2    -O                                                                        (1 = 1.3%)
379  ------------------------------------------------------------------------O (75 = 98.7%)

Histogram: OptimizationGuide.PredictionModelFetcher.GetModelsResponse.NetErrorCode.LanguageDetection recorded 76 samples (flags = 0x41)
2    -O                                                                        (1 = 1.3%)
379  ------------------------------------------------------------------------O (75 = 98.7%)

Histogram: OptimizationGuide.PredictionModelFetcher.GetModelsResponse.NetErrorCode.NewTabPageHistoryClustersModuleRanking recorded 76 samples (flags = 0x41)
2    -O                                                                        (1 = 1.3%)
379  ------------------------------------------------------------------------O (75 = 98.7%)

Histogram: OptimizationGuide.PredictionModelFetcher.GetModelsResponse.NetErrorCode.NotificationPermissions recorded 76 samples (flags = 0x41)
2    -O                                                                        (1 = 1.3%)
379  ------------------------------------------------------------------------O (75 = 98.7%)

Histogram: OptimizationGuide.PredictionModelFetcher.GetModelsResponse.NetErrorCode.OmniboxUrlScoring recorded 76 samples (flags = 0x41)
2    -O                                                                        (1 = 1.3%)
379  ------------------------------------------------------------------------O (75 = 98.7%)

Histogram: OptimizationGuide.PredictionModelFetcher.GetModelsResponse.NetErrorCode.PageTopicsV2 recorded 76 samples (flags = 0x41)
2    -O                                                                        (1 = 1.3%)
379  ------------------------------------------------------------------------O (75 = 98.7%)

Histogram: OptimizationGuide.PredictionModelFetcher.GetModelsResponse.NetErrorCode.PageVisibility recorded 76 samples (flags = 0x41)
2    -O                                                                        (1 = 1.3%)
379  ------------------------------------------------------------------------O (75 = 98.7%)

Histogram: OptimizationGuide.PredictionModelFetcher.GetModelsResponse.NetErrorCode.SegmentationChromeLowUserEngagement recorded 75 samples (flags = 0x41)
379  ------------------------------------------------------------------------O (75 = 100.0%)

Histogram: OptimizationGuide.PredictionModelFetcher.GetModelsResponse.NetErrorCode.SegmentationComposePromotion recorded 75 samples (flags = 0x41)
379  ------------------------------------------------------------------------O (75 = 100.0%)

Histogram: OptimizationGuide.PredictionModelFetcher.GetModelsResponse.NetErrorCode.SegmentationDeviceSwitcher recorded 75 samples (flags = 0x41)
379  ------------------------------------------------------------------------O (75 = 100.0%)

Histogram: OptimizationGuide.PredictionModelFetcher.GetModelsResponse.NetErrorCode.SegmentationSearchUser recorded 75 samples (flags = 0x41)
379  ------------------------------------------------------------------------O (75 = 100.0%)

Histogram: OptimizationGuide.PredictionModelFetcher.GetModelsResponse.NetErrorCode.SegmentationShoppingUser recorded 75 samples (flags = 0x41)
379  ------------------------------------------------------------------------O (75 = 100.0%)

Histogram: OptimizationGuide.PredictionModelFetcher.GetModelsResponse.NetErrorCode.TextSafety recorded 76 samples (flags = 0x41)
2    -O                                                                        (1 = 1.3%)
379  ------------------------------------------------------------------------O (75 = 98.7%)

Histogram: OptimizationGuide.PredictionModelFetcher.GetModelsResponse.NetErrorCode.URLVisitResumptionRanker recorded 75 samples (flags = 0x41)
379  ------------------------------------------------------------------------O (75 = 100.0%)

Histogram: OptimizationGuide.PredictionModelFetcher.GetModelsResponse.NetErrorCode.VisualSearchClassification recorded 76 samples (flags = 0x41)
2    -O                                                                        (1 = 1.3%)
379  ------------------------------------------------------------------------O (75 = 98.7%)

Histogram: OptimizationGuide.PredictionModelFetcher.GetModelsResponse.NetErrorCode.WebAppInstallationPromo recorded 75 samples (flags = 0x41)
379  ------------------------------------------------------------------------O (75 = 100.0%)

Histogram: OptimizationGuide.PredictionModelFetcher.GetModelsResponse.Status recorded 75 samples, mean = 400.0 (flags = 0x41)
0    ... 
400  ------------------------------------------------------------------------O (75 = 100.0%) {0.0%}
401  ... 

Histogram: OptimizationGuide.PredictionModelFetcher.GetModelsResponse.Status.ClientSidePhishing recorded 75 samples, mean = 400.0 (flags = 0x41)
0    ... 
400  ------------------------------------------------------------------------O (75 = 100.0%) {0.0%}
401  ... 

Histogram: OptimizationGuide.PredictionModelFetcher.GetModelsResponse.Status.GeolocationPermissions recorded 75 samples, mean = 400.0 (flags = 0x41)
0    ... 
400  ------------------------------------------------------------------------O (75 = 100.0%) {0.0%}
401  ... 

Histogram: OptimizationGuide.PredictionModelFetcher.GetModelsResponse.Status.LanguageDetection recorded 75 samples, mean = 400.0 (flags = 0x41)
0    ... 
400  ------------------------------------------------------------------------O (75 = 100.0%) {0.0%}
401  ... 

Histogram: OptimizationGuide.PredictionModelFetcher.GetModelsResponse.Status.NewTabPageHistoryClustersModuleRanking recorded 75 samples, mean = 400.0 (flags = 0x41)
0    ... 
400  ------------------------------------------------------------------------O (75 = 100.0%) {0.0%}
401  ... 

Histogram: OptimizationGuide.PredictionModelFetcher.GetModelsResponse.Status.NotificationPermissions recorded 75 samples, mean = 400.0 (flags = 0x41)
0    ... 
400  ------------------------------------------------------------------------O (75 = 100.0%) {0.0%}
401  ... 

Histogram: OptimizationGuide.PredictionModelFetcher.GetModelsResponse.Status.OmniboxUrlScoring recorded 75 samples, mean = 400.0 (flags = 0x41)
0    ... 
400  ------------------------------------------------------------------------O (75 = 100.0%) {0.0%}
401  ... 

Histogram: OptimizationGuide.PredictionModelFetcher.GetModelsResponse.Status.PageTopicsV2 recorded 75 samples, mean = 400.0 (flags = 0x41)
0    ... 
400  ------------------------------------------------------------------------O (75 = 100.0%) {0.0%}
401  ... 

Histogram: OptimizationGuide.PredictionModelFetcher.GetModelsResponse.Status.PageVisibility recorded 75 samples, mean = 400.0 (flags = 0x41)
0    ... 
400  ------------------------------------------------------------------------O (75 = 100.0%) {0.0%}
401  ... 

Histogram: OptimizationGuide.PredictionModelFetcher.GetModelsResponse.Status.SegmentationChromeLowUserEngagement recorded 75 samples, mean = 400.0 (flags = 0x41)
0    ... 
400  ------------------------------------------------------------------------O (75 = 100.0%) {0.0%}
401  ... 

Histogram: OptimizationGuide.PredictionModelFetcher.GetModelsResponse.Status.SegmentationComposePromotion recorded 75 samples, mean = 400.0 (flags = 0x41)
0    ... 
400  ------------------------------------------------------------------------O (75 = 100.0%) {0.0%}
401  ... 

Histogram: OptimizationGuide.PredictionModelFetcher.GetModelsResponse.Status.SegmentationDeviceSwitcher recorded 75 samples, mean = 400.0 (flags = 0x41)
0    ... 
400  ------------------------------------------------------------------------O (75 = 100.0%) {0.0%}
401  ... 

Histogram: OptimizationGuide.PredictionModelFetcher.GetModelsResponse.Status.SegmentationSearchUser recorded 75 samples, mean = 400.0 (flags = 0x41)
0    ... 
400  ------------------------------------------------------------------------O (75 = 100.0%) {0.0%}
401  ... 

Histogram: OptimizationGuide.PredictionModelFetcher.GetModelsResponse.Status.SegmentationShoppingUser recorded 75 samples, mean = 400.0 (flags = 0x41)
0    ... 
400  ------------------------------------------------------------------------O (75 = 100.0%) {0.0%}
401  ... 

Histogram: OptimizationGuide.PredictionModelFetcher.GetModelsResponse.Status.TextSafety recorded 75 samples, mean = 400.0 (flags = 0x41)
0    ... 
400  ------------------------------------------------------------------------O (75 = 100.0%) {0.0%}
401  ... 

Histogram: OptimizationGuide.PredictionModelFetcher.GetModelsResponse.Status.URLVisitResumptionRanker recorded 75 samples, mean = 400.0 (flags = 0x41)
0    ... 
400  ------------------------------------------------------------------------O (75 = 100.0%) {0.0%}
401  ... 

Histogram: OptimizationGuide.PredictionModelFetcher.GetModelsResponse.Status.VisualSearchClassification recorded 75 samples, mean = 400.0 (flags = 0x41)
0    ... 
400  ------------------------------------------------------------------------O (75 = 100.0%) {0.0%}
401  ... 

Histogram: OptimizationGuide.PredictionModelFetcher.GetModelsResponse.Status.WebAppInstallationPromo recorded 75 samples, mean = 400.0 (flags = 0x41)
0    ... 
400  ------------------------------------------------------------------------O (75 = 100.0%) {0.0%}
401  ... 

Histogram: OptimizationGuide.ProcessHintsResult recorded 2 samples, mean = 5.5 (flags = 0x41)
0  ... 
5  -O                                                                        (1 = 50.0%) {0.0%}
6  -O                                                                        (1 = 50.0%) {50.0%}
7  ... 

Histogram: OptimizationGuide.ProcessingComponentAtShutdown recorded 1 samples, mean = 0.0 (flags = 0x41)
0  -O                                                                        (1 = 100.0%)
1  ... 

Histogram: OptimizationGuide.RemoteFetchingEnabled recorded 1 samples, mean = 0.0 (flags = 0x41)
0  -O                                                                        (1 = 100.0%)
1  ... 

Histogram: OptimizationGuide.UpdateComponentHints.Result recorded 2 samples, mean = 0.5 (flags = 0x40)
0  -O                                                                        (1 = 50.0%)
1  -O                                                                        (1 = 50.0%) {50.0%}
2  O                                                                         (0 = 0.0%) {100.0%}

Histogram: OriginTrials.PersistentOriginTrial.LevelDbInitSuccess recorded 1 samples, mean = 1.0 (flags = 0x41)
0  O                                                                         (0 = 0.0%)
1  -O                                                                        (1 = 100.0%) {0.0%}
2  O                                                                         (0 = 0.0%) {100.0%}

Histogram: OriginTrials.PersistentOriginTrial.LevelDbLoadSize recorded 1 samples, mean = 0.0 (flags = 0x41)
0  -O                                                                        (1 = 100.0%)
1  ... 

Histogram: OriginTrials.PersistentOriginTrial.LevelDbLoadSuccess recorded 1 samples, mean = 1.0 (flags = 0x41)
0  O                                                                         (0 = 0.0%)
1  -O                                                                        (1 = 100.0%) {0.0%}
2  O                                                                         (0 = 0.0%) {100.0%}

Histogram: OriginTrials.PersistentOriginTrial.LevelDbLoadTime recorded 1 samples, mean = 75727.0 (flags = 0x41)
0      ... 
10000  -O                                                                        (1 = 100.0%) {0.0%}

Histogram: OriginTrials.PersistentOriginTrial.OriginLookupsBeforeDbLoad recorded 1 samples, mean = 0.0 (flags = 0x41)
0  -O                                                                        (1 = 100.0%)
1  ... 

Histogram: OriginTrials.PersistentOriginTrial.OriginsAddedBeforeDbLoad recorded 1 samples, mean = 0.0 (flags = 0x41)
0  -O                                                                        (1 = 100.0%)
1  ... 

Histogram: PageActionController.ExtensionsWithPageActions recorded 1 samples, mean = 0.0 (flags = 0x41)
0  -O                                                                        (1 = 100.0%)
1  ... 

Histogram: PageContentAnnotations.AnnotateVisit.AnnotationRequestQueued recorded 1 samples, mean = 1.0 (flags = 0x40)
0  O                                                                         (0 = 0.0%)
1  -O                                                                        (1 = 100.0%) {0.0%}
2  O                                                                         (0 = 0.0%) {100.0%}

Histogram: PageContentAnnotations.AnnotateVisit.AnnotationRequested recorded 1 samples, mean = 1.0 (flags = 0x40)
0  O                                                                         (0 = 0.0%)
1  -O                                                                        (1 = 100.0%) {0.0%}
2  O                                                                         (0 = 0.0%) {100.0%}

Histogram: PageContentAnnotations.AnnotateVisit.BatchAnnotationStarted recorded 1 samples, mean = 1.0 (flags = 0x40)
0  O                                                                         (0 = 0.0%)
1  -O                                                                        (1 = 100.0%) {0.0%}
2  O                                                                         (0 = 0.0%) {100.0%}

Histogram: PageLoad.Clients.Leakage2.AbandonReasonAt.LoaderStart recorded 2 samples, mean = 5.0 (flags = 0x41)
0   -O                                                                        (1 = 50.0%)
1   ... 
10  -O                                                                        (1 = 50.0%) {50.0%}
11  ... 

Histogram: PageLoad.Clients.Leakage2.LastMilestoneBeforeAbandon.FrameRemoved recorded 1 samples, mean = 1.0 (flags = 0x41)
0  O                                                                         (0 = 0.0%)
1  -O                                                                        (1 = 100.0%) {0.0%}
2  ... 

Histogram: PageLoad.Clients.Leakage2.LastMilestoneBeforeAbandon.NewReloadNavigation recorded 1 samples, mean = 1.0 (flags = 0x41)
0  O                                                                         (0 = 0.0%)
1  -O                                                                        (1 = 100.0%) {0.0%}
2  ... 

Histogram: PageLoad.Clients.Leakage2.LoaderStartToAbandon.FrameRemoved recorded 1 samples, mean = 12437088.0 (flags = 0x41)
0       ... 
600000  -O                                                                        (1 = 100.0%) {0.0%}

Histogram: PageLoad.Clients.Leakage2.LoaderStartToAbandon.NewReloadNavigation recorded 1 samples, mean = 42212.0 (flags = 0x41)
0      ... 
40436  -O                                                                        (1 = 100.0%) {0.0%}
45246  ... 

Histogram: PageLoad.Clients.Leakage2.NavigationStart recorded 2 samples, mean = 6261522.0 (flags = 0x41)
0       ... 
40436   -O                                                                        (1 = 50.0%) {0.0%}
45246   ... 
600000  -O                                                                        (1 = 50.0%) {50.0%}

Histogram: PageLoad.Clients.Leakage2.NavigationStartToLoaderStart recorded 2 samples, mean = 21871.0 (flags = 0x41)
0      ... 
1240   -O                                                                        (1 = 50.0%) {0.0%}
1388   ... 
40436  -O                                                                        (1 = 50.0%) {50.0%}
45246  ... 

Histogram: PageLoad.Internal.PageType recorded 2 samples, mean = 0.0 (flags = 0x41)
0  --O                                                                       (2 = 100.0%)
1  ... 

Histogram: PageLoad.PageTiming.ForegroundDuration.NoCommit recorded 2 samples, mean = 6240354.5 (flags = 0x41)
0        ... 
1261     -O                                                                        (1 = 50.0%) {0.0%}
1437     ... 
3600000  -O                                                                        (1 = 50.0%) {50.0%}

Histogram: PasswordManager.AccountStore.BlacklistedSitesHiRes3.WithoutCustomPassphrase recorded 1 samples, mean = 0.0 (flags = 0x41)
0  -O                                                                        (1 = 100.0%)
1  ... 

Histogram: PasswordManager.AccountStore.InaccessiblePasswords3 recorded 1 samples, mean = 0.0 (flags = 0x41)
0  -O                                                                        (1 = 100.0%)
1  ... 

Histogram: PasswordManager.AccountStore.LoginDatabaseEncryptionStatus recorded 1 samples, mean = 0.0 (flags = 0x41)
0  -O                                                                        (1 = 100.0%)
1  ... 

Histogram: PasswordManager.AccountStore.PasswordNotes.CountCredentialsWithNonEmptyNotes2 recorded 1 samples, mean = 0.0 (flags = 0x41)
0  -O                                                                        (1 = 100.0%)
1  ... 

Histogram: PasswordManager.AccountStore.TotalAccountsHiRes3.ByType.AutoGenerated.WithoutCustomPassphrase recorded 1 samples, mean = 0.0 (flags = 0x41)
0  -O                                                                        (1 = 100.0%)
1  ... 

Histogram: PasswordManager.AccountStore.TotalAccountsHiRes3.ByType.Overall recorded 1 samples, mean = 0.0 (flags = 0x41)
0  -O                                                                        (1 = 100.0%)
1  ... 

Histogram: PasswordManager.AccountStore.TotalAccountsHiRes3.ByType.Overall.WithoutCustomPassphrase recorded 1 samples, mean = 0.0 (flags = 0x41)
0  -O                                                                        (1 = 100.0%)
1  ... 

Histogram: PasswordManager.AccountStore.TotalAccountsHiRes3.ByType.ReceivedViaSharing.WithoutCustomPassphrase recorded 1 samples, mean = 0.0 (flags = 0x41)
0  -O                                                                        (1 = 100.0%)
1  ... 

Histogram: PasswordManager.AccountStore.TotalAccountsHiRes3.ByType.UserCreated.WithoutCustomPassphrase recorded 1 samples, mean = 0.0 (flags = 0x41)
0  -O                                                                        (1 = 100.0%)
1  ... 

Histogram: PasswordManager.AccountStore.TotalAccountsHiRes3.WithScheme.Android recorded 1 samples, mean = 0.0 (flags = 0x41)
0  -O                                                                        (1 = 100.0%)
1  ... 

Histogram: PasswordManager.AccountStore.TotalAccountsHiRes3.WithScheme.Ftp recorded 1 samples, mean = 0.0 (flags = 0x41)
0  -O                                                                        (1 = 100.0%)
1  ... 

Histogram: PasswordManager.AccountStore.TotalAccountsHiRes3.WithScheme.Http recorded 1 samples, mean = 0.0 (flags = 0x41)
0  -O                                                                        (1 = 100.0%)
1  ... 

Histogram: PasswordManager.AccountStore.TotalAccountsHiRes3.WithScheme.Https recorded 1 samples, mean = 0.0 (flags = 0x41)
0  -O                                                                        (1 = 100.0%)
1  ... 

Histogram: PasswordManager.AccountStore.TotalAccountsHiRes3.WithScheme.Other recorded 1 samples, mean = 0.0 (flags = 0x41)
0  -O                                                                        (1 = 100.0%)
1  ... 

Histogram: PasswordManager.AffiliationDatabase.DatabaseSize recorded 1 samples, mean = 52.0 (flags = 0x41)
0  -O                                                                        (1 = 100.0%)
1000... 

Histogram: PasswordManager.BiometricAuthBeforeFillingEnabled2 recorded 1 samples, mean = 0.0 (flags = 0x41)
0  -O                                                                        (1 = 100.0%)
1  ... 

Histogram: PasswordManager.BubbleSuppression.AccountsInStatisticsTable2 recorded 1 samples, mean = 0.0 (flags = 0x41)
0  -O                                                                        (1 = 100.0%)
1  ... 

Histogram: PasswordManager.CompromisedCredentials3.CountLeaked recorded 1 samples, mean = 0.0 (flags = 0x41)
0  -O                                                                        (1 = 100.0%)
1  ... 

Histogram: PasswordManager.CompromisedCredentials3.CountPhished recorded 1 samples, mean = 0.0 (flags = 0x41)
0  -O                                                                        (1 = 100.0%)
1  ... 

Histogram: PasswordManager.CredentialsWithDuplicates3 recorded 1 samples, mean = 0.0 (flags = 0x41)
0  -O                                                                        (1 = 100.0%)
1  ... 

Histogram: PasswordManager.CredentialsWithMismatchedDuplicates3 recorded 1 samples, mean = 0.0 (flags = 0x41)
0  -O                                                                        (1 = 100.0%)
1  ... 

Histogram: PasswordManager.EnableState recorded 1 samples, mean = 0.0 (flags = 0x41)
0  -O                                                                        (1 = 100.0%)
1  ... 

Histogram: PasswordManager.GetAllLogins.TimeSinceInit recorded 4 samples, mean = 66756.5 (flags = 0x41)
0      ... 
54351  ----O                                                                     (4 = 100.0%) {0.0%}
69059  ... 

Histogram: PasswordManager.GetAutofillableLogins.TimeSinceInit recorded 2 samples, mean = 66900.0 (flags = 0x41)
0      ... 
54351  --O                                                                       (2 = 100.0%) {0.0%}
69059  ... 

Histogram: PasswordManager.LoginDatabaseInit2 recorded 2 samples, mean = 0.0 (flags = 0x41)
0  --O                                                                       (2 = 100.0%)
1  ... 

Histogram: PasswordManager.OnEncryptorReceived.Success recorded 2 samples, mean = 1.0 (flags = 0x41)
0  O                                                                         (0 = 0.0%)
1  --O                                                                       (2 = 100.0%) {0.0%}
2  O                                                                         (0 = 0.0%) {100.0%}

Histogram: PasswordManager.PasswordStore.InitTime recorded 2 samples, mean = 56312.5 (flags = 0x41)
0      ... 
10000  --O                                                                       (2 = 100.0%) {0.0%}

Histogram: PasswordManager.PasswordStoreBackend.GetAllLoginsAsync recorded 8 samples, mean = 1.0 (flags = 0x41)
0  ----O                                                                     (4 = 50.0%)
1  O                                                                         (0 = 0.0%) {50.0%}
2  ----O                                                                     (4 = 50.0%) {50.0%}
3  ... 

Histogram: PasswordManager.PasswordStoreBackend.GetAllLoginsAsync.Latency recorded 4 samples, mean = 5707.0 (flags = 0x41)
0     ... 
4955  ----O                                                                     (4 = 100.0%) {0.0%}
6296  ... 

Histogram: PasswordManager.PasswordStoreBackend.GetAllLoginsAsync.Success recorded 4 samples, mean = 1.0 (flags = 0x41)
0  O                                                                         (0 = 0.0%)
1  ----O                                                                     (4 = 100.0%) {0.0%}
2  O                                                                         (0 = 0.0%) {100.0%}

Histogram: PasswordManager.PasswordStoreBackend.GetAutofillableLoginsAsync recorded 4 samples, mean = 1.0 (flags = 0x41)
0  --O                                                                       (2 = 50.0%)
1  O                                                                         (0 = 0.0%) {50.0%}
2  --O                                                                       (2 = 50.0%) {50.0%}
3  ... 

Histogram: PasswordManager.PasswordStoreBackend.GetAutofillableLoginsAsync.Latency recorded 2 samples, mean = 5728.0 (flags = 0x41)
0     ... 
4955  --O                                                                       (2 = 100.0%) {0.0%}
6296  ... 

Histogram: PasswordManager.PasswordStoreBackend.GetAutofillableLoginsAsync.Success recorded 2 samples, mean = 1.0 (flags = 0x41)
0  O                                                                         (0 = 0.0%)
1  --O                                                                       (2 = 100.0%) {0.0%}
2  O                                                                         (0 = 0.0%) {100.0%}

Histogram: PasswordManager.PasswordStoreBuiltInBackend.GetAllLoginsAsync recorded 8 samples, mean = 1.0 (flags = 0x41)
0  ----O                                                                     (4 = 50.0%)
1  O                                                                         (0 = 0.0%) {50.0%}
2  ----O                                                                     (4 = 50.0%) {50.0%}
3  ... 

Histogram: PasswordManager.PasswordStoreBuiltInBackend.GetAllLoginsAsync.Latency recorded 4 samples, mean = 5707.0 (flags = 0x41)
0     ... 
4955  ----O                                                                     (4 = 100.0%) {0.0%}
6296  ... 

Histogram: PasswordManager.PasswordStoreBuiltInBackend.GetAllLoginsAsync.Success recorded 4 samples, mean = 1.0 (flags = 0x41)
0  O                                                                         (0 = 0.0%)
1  ----O                                                                     (4 = 100.0%) {0.0%}
2  O                                                                         (0 = 0.0%) {100.0%}

Histogram: PasswordManager.PasswordStoreBuiltInBackend.GetAutofillableLoginsAsync recorded 4 samples, mean = 1.0 (flags = 0x41)
0  --O                                                                       (2 = 50.0%)
1  O                                                                         (0 = 0.0%) {50.0%}
2  --O                                                                       (2 = 50.0%) {50.0%}
3  ... 

Histogram: PasswordManager.PasswordStoreBuiltInBackend.GetAutofillableLoginsAsync.Latency recorded 2 samples, mean = 5728.0 (flags = 0x41)
0     ... 
4955  --O                                                                       (2 = 100.0%) {0.0%}
6296  ... 

Histogram: PasswordManager.PasswordStoreBuiltInBackend.GetAutofillableLoginsAsync.Success recorded 2 samples, mean = 1.0 (flags = 0x41)
0  O                                                                         (0 = 0.0%)
1  --O                                                                       (2 = 100.0%) {0.0%}
2  O                                                                         (0 = 0.0%) {100.0%}

Histogram: PasswordManager.ProfileStore.BlacklistedSitesHiRes3.WithoutCustomPassphrase recorded 1 samples, mean = 0.0 (flags = 0x41)
0  -O                                                                        (1 = 100.0%)
1  ... 

Histogram: PasswordManager.ProfileStore.InaccessiblePasswords3 recorded 1 samples, mean = 0.0 (flags = 0x41)
0  -O                                                                        (1 = 100.0%)
1  ... 

Histogram: PasswordManager.ProfileStore.LoginDatabaseEncryptionStatus recorded 1 samples, mean = 0.0 (flags = 0x41)
0  -O                                                                        (1 = 100.0%)
1  ... 

Histogram: PasswordManager.ProfileStore.PasswordNotes.CountCredentialsWithNonEmptyNotes2 recorded 1 samples, mean = 0.0 (flags = 0x41)
0  -O                                                                        (1 = 100.0%)
1  ... 

Histogram: PasswordManager.ProfileStore.TotalAccountsHiRes3.ByType.AutoGenerated.WithoutCustomPassphrase recorded 1 samples, mean = 0.0 (flags = 0x41)
0  -O                                                                        (1 = 100.0%)
1  ... 

Histogram: PasswordManager.ProfileStore.TotalAccountsHiRes3.ByType.Overall recorded 1 samples, mean = 0.0 (flags = 0x41)
0  -O                                                                        (1 = 100.0%)
1  ... 

Histogram: PasswordManager.ProfileStore.TotalAccountsHiRes3.ByType.Overall.WithoutCustomPassphrase recorded 1 samples, mean = 0.0 (flags = 0x41)
0  -O                                                                        (1 = 100.0%)
1  ... 

Histogram: PasswordManager.ProfileStore.TotalAccountsHiRes3.ByType.ReceivedViaSharing.WithoutCustomPassphrase recorded 1 samples, mean = 0.0 (flags = 0x41)
0  -O                                                                        (1 = 100.0%)
1  ... 

Histogram: PasswordManager.ProfileStore.TotalAccountsHiRes3.ByType.UserCreated.WithoutCustomPassphrase recorded 1 samples, mean = 0.0 (flags = 0x41)
0  -O                                                                        (1 = 100.0%)
1  ... 

Histogram: PasswordManager.ProfileStore.TotalAccountsHiRes3.WithScheme.Android recorded 1 samples, mean = 0.0 (flags = 0x41)
0  -O                                                                        (1 = 100.0%)
1  ... 

Histogram: PasswordManager.ProfileStore.TotalAccountsHiRes3.WithScheme.Ftp recorded 1 samples, mean = 0.0 (flags = 0x41)
0  -O                                                                        (1 = 100.0%)
1  ... 

Histogram: PasswordManager.ProfileStore.TotalAccountsHiRes3.WithScheme.Http recorded 1 samples, mean = 0.0 (flags = 0x41)
0  -O                                                                        (1 = 100.0%)
1  ... 

Histogram: PasswordManager.ProfileStore.TotalAccountsHiRes3.WithScheme.Https recorded 1 samples, mean = 0.0 (flags = 0x41)
0  -O                                                                        (1 = 100.0%)
1  ... 

Histogram: PasswordManager.ProfileStore.TotalAccountsHiRes3.WithScheme.Other recorded 1 samples, mean = 0.0 (flags = 0x41)
0  -O                                                                        (1 = 100.0%)
1  ... 

Histogram: PasswordManager.SavedGaiaPasswordHashCount2 recorded 1 samples, mean = 0.0 (flags = 0x41)
0  -O                                                                        (1 = 100.0%)
1  ... 

Histogram: PasswordManager.SyncMetadataReadError2 recorded 2 samples, mean = 0.0 (flags = 0x41)
0  --O                                                                       (2 = 100.0%)
1  ... 

Histogram: PasswordManager.SyncingAccountState3 recorded 1 samples, mean = 2.0 (flags = 0x41)
0  ... 
2  -O                                                                        (1 = 100.0%) {0.0%}
3  ... 

Histogram: PaymentRequest.IsCanMakePaymentAllowedByPref.Startup recorded 1 samples, mean = 1.0 (flags = 0x41)
0  O                                                                         (0 = 0.0%)
1  -O                                                                        (1 = 100.0%) {0.0%}
2  O                                                                         (0 = 0.0%) {100.0%}

Histogram: PerformanceManager.LoadingNotQuiescentPageCount.All recorded 414 samples, mean = 0.0 (flags = 0x41)
0  ------------------------------------------------------------------------O (414 = 100.0%)
1  ... 

Histogram: PerformanceManager.LoadingNotQuiescentPageCount.Hidden recorded 414 samples, mean = 0.0 (flags = 0x41)
0  ------------------------------------------------------------------------O (414 = 100.0%)
1  ... 

Histogram: PerformanceManager.LoadingNotQuiescentPageCount.MixedVisibility recorded 414 samples, mean = 0.0 (flags = 0x41)
0  ------------------------------------------------------------------------O (414 = 100.0%)
1  ... 

Histogram: PerformanceManager.LoadingNotQuiescentPageCount.Visible recorded 414 samples, mean = 0.0 (flags = 0x41)
0  ------------------------------------------------------------------------O (414 = 100.0%)
1  ... 

Histogram: PerformanceManager.QuiescentPageCount recorded 414 samples, mean = 1.0 (flags = 0x41)
0  O                                                                         (0 = 0.0%)
1  ------------------------------------------------------------------------O (414 = 100.0%) {0.0%}
2  ... 

Histogram: PerformanceManager.SiteDB.DatabaseInit recorded 1 samples, mean = 0.0 (flags = 0x41)
0  -O                                                                        (1 = 100.0%)
1  ... 

Histogram: PerformanceManager.SiteDB.OnDiskSize recorded 1 samples, mean = 5.0 (flags = 0x41)
0  -O                                                                        (1 = 100.0%)
1000... 

Histogram: PerformanceManager.TabRevisitTracker.TimeToClose2 recorded 1 samples, mean = 12480.0 (flags = 0x41)
0      ... 
12229  -O                                                                        (1 = 100.0%) {0.0%}
12868  ... 

Histogram: PerformanceManager.UserTuning.BatterySaverModeEnabledPercent recorded 1 samples, mean = 0.0 (flags = 0x41)
0  -O                                                                        (1 = 100.0%)
1  ... 

Histogram: PerformanceManager.UserTuning.MemorySaverModeEnabledPercent recorded 1 samples, mean = 0.0 (flags = 0x41)
0  -O                                                                        (1 = 100.0%)
1  ... 

Histogram: PerformanceMonitor.AverageCPU8.BrowserProcess recorded 103 samples, mean = 715.3 (flags = 0x41)
0     ... 
674   ------------------------------------------------------------------------O (101 = 98.1%) {0.0%}
814   -O                                                                        (1 = 1.0%) {98.1%}
983   O                                                                         (0 = 0.0%) {99.0%}
1187  -O                                                                        (1 = 1.0%) {99.0%}
1433  ... 

Histogram: PerformanceMonitor.AverageCPU8.GPUProcess recorded 103 samples, mean = 14.0 (flags = 0x41)
0    ... 
10   ------------------------------------------------------O                   (54 = 52.4%) {0.0%}
12   -------------------------------------O                                    (37 = 35.9%) {52.4%}
15   -----------O                                                              (11 = 10.7%) {88.3%}
18   ... 
181  -O                                                                        (1 = 1.0%) {99.0%}
218  ... 

Histogram: PerformanceMonitor.AverageCPU8.NetworkProcess recorded 103 samples, mean = 1.2 (flags = 0x41)
0   -----------------------O                                                  (23 = 22.3%)
1   -------------------------------------------------------------------O      (67 = 65.0%) {22.3%}
2   ----O                                                                     (4 = 3.9%) {87.4%}
3   ------O                                                                   (6 = 5.8%) {91.3%}
4   --O                                                                       (2 = 1.9%) {97.1%}
5   ... 
18  -O                                                                        (1 = 1.0%) {99.0%}
22  ... 

Histogram: PerformanceMonitor.AverageCPU8.OtherProcess recorded 103 samples, mean = 0.0 (flags = 0x41)
0  ------------------------------------------------------------------------O (103 = 100.0%)
1  ... 

Histogram: PerformanceMonitor.AverageCPU8.RendererExtensionEventProcess recorded 103 samples, mean = 0.0 (flags = 0x41)
0  ------------------------------------------------------------------------O (103 = 100.0%)
1  ... 

Histogram: PerformanceMonitor.AverageCPU8.RendererExtensionPersistentProcess recorded 103 samples, mean = 0.0 (flags = 0x41)
0  ------------------------------------------------------------------------O (103 = 100.0%)
1  ... 

Histogram: PerformanceMonitor.AverageCPU8.RendererProcess recorded 103 samples, mean = 0.6 (flags = 0x41)
0  ------------------------------------------------------------------------O (78 = 75.7%)
1  -----O                                                                    (5 = 4.9%) {75.7%}
2  -----------O                                                              (12 = 11.7%) {80.6%}
3  -----O                                                                    (5 = 4.9%) {92.2%}
4  -O                                                                        (1 = 1.0%) {97.1%}
5  --O                                                                       (2 = 1.9%) {98.1%}
6  ... 

Histogram: PerformanceMonitor.AverageCPU8.Total recorded 103 samples, mean = 731.0 (flags = 0x41)
0     ... 
674   ------------------------------------------------------------------------O (101 = 98.1%) {0.0%}
814   -O                                                                        (1 = 1.0%) {98.1%}
983   O                                                                         (0 = 0.0%) {99.0%}
1187  -O                                                                        (1 = 1.0%) {99.0%}
1433  ... 

Histogram: PerformanceMonitor.AverageCPU8.Total.ZeroWindow recorded 103 samples, mean = 731.0 (flags = 0x41)
0     ... 
674   ------------------------------------------------------------------------O (101 = 98.1%) {0.0%}
814   -O                                                                        (1 = 1.0%) {98.1%}
983   O                                                                         (0 = 0.0%) {99.0%}
1187  -O                                                                        (1 = 1.0%) {99.0%}
1433  ... 

Histogram: PerformanceMonitor.AverageCPU8.UtilityProcess recorded 103 samples, mean = 3.9 (flags = 0x41)
0    ------------------------------------------------------------------------O (101 = 98.1%)
1    O                                                                         (0 = 0.0%) {98.1%}
2    -O                                                                        (1 = 1.0%) {98.1%}
3    ... 
383  -O                                                                        (1 = 1.0%) {99.0%}
462  ... 

Histogram: PerformanceMonitor.HasPreciseCPUUsage recorded 16 samples, mean = 1.0 (flags = 0x41)
0  O                                                                         (0 = 0.0%)
1  ----------------O                                                         (16 = 100.0%) {0.0%}
2  O                                                                         (0 = 0.0%) {100.0%}

Histogram: PerformanceMonitor.UsageScenario.LongInterval recorded 103 samples, mean = 13.0 (flags = 0x41)
0   ... 
13  ------------------------------------------------------------------------O (103 = 100.0%) {0.0%}
14  ... 

Histogram: Permissions.QuietNotificationPrompts.RegularProfile.IsEnabledInPrefs recorded 1 samples, mean = 0.0 (flags = 0x41)
0  -O                                                                        (1 = 100.0%)
1  ... 

Histogram: Platform.IntelMaxMicroArchitecture recorded 1 samples, mean = 8.0 (flags = 0x41)
0  ... 
8  -O                                                                        (1 = 100.0%) {0.0%}
9  ... 

Histogram: Power.BatteryDischargeMode5 recorded 207 samples, mean = 4.0 (flags = 0x41)
0  ... 
4  ------------------------------------------------------------------------O (207 = 100.0%) {0.0%}
5  ... 

Histogram: Power.BatteryDischargeMode5.Initial recorded 1 samples, mean = 4.0 (flags = 0x41)
0  ... 
4  -O                                                                        (1 = 100.0%) {0.0%}
5  ... 

Histogram: Power.BatteryDischargeMode5.Periodic recorded 206 samples, mean = 4.0 (flags = 0x41)
0  ... 
4  ------------------------------------------------------------------------O (206 = 100.0%) {0.0%}
5  ... 

Histogram: Power.BatteryDischargeMode5.TenMinutes recorded 20 samples, mean = 4.0 (flags = 0x41)
0  ... 
4  --------------------O                                                     (20 = 100.0%) {0.0%}
5  ... 

Histogram: Power.BatteryDischargeMode5.ZeroWindow recorded 207 samples, mean = 4.0 (flags = 0x41)
0  ... 
4  ------------------------------------------------------------------------O (207 = 100.0%) {0.0%}
5  ... 

Histogram: Power.BatteryDischargeMode5.ZeroWindow.Initial recorded 1 samples, mean = 4.0 (flags = 0x41)
0  ... 
4  -O                                                                        (1 = 100.0%) {0.0%}
5  ... 

Histogram: Power.BatteryDischargeMode5.ZeroWindow.Periodic recorded 206 samples, mean = 4.0 (flags = 0x41)
0  ... 
4  ------------------------------------------------------------------------O (206 = 100.0%) {0.0%}
5  ... 

Histogram: Power.HasPreciseBatteryDischargeGranularity recorded 207 samples, mean = 0.0 (flags = 0x41)
0  ------------------------------------------------------------------------O (207 = 100.0%)
1  ... 

Histogram: Prefs.JSonStore.SetValueKey recorded 188 samples (flags = 0x41)
67499933    -O                                                                        (1 = 0.5%)
372921139   -----------------------------------------------------------------------O  (75 = 39.9%)
819550135   -O                                                                        (1 = 0.5%)
830521985   -O                                                                        (1 = 0.5%)
852125461   --O                                                                       (2 = 1.1%)
945162316   -O                                                                        (1 = 0.5%)
1132730623  -O                                                                        (1 = 0.5%)
1227647714  -O                                                                        (1 = 0.5%)
1285180254  -O                                                                        (1 = 0.5%)
1300345862  -O                                                                        (1 = 0.5%)
1441835268  -O                                                                        (1 = 0.5%)
1697794008  --O                                                                       (2 = 1.1%)
1886855768  -O                                                                        (1 = 0.5%)
1923415074  --------------O                                                           (15 = 8.0%)
1927273959  -O                                                                        (1 = 0.5%)
1936820420  --O                                                                       (2 = 1.1%)
1956100443  ----O                                                                     (4 = 2.1%)
2056672062  ------------------------------------------------------------------------O (76 = 40.4%)
2082524502  -O                                                                        (1 = 0.5%)

Histogram: Privacy.CookieControlsSetting.RegularProfile recorded 1 samples, mean = 2.0 (flags = 0x41)
0  ... 
2  -O                                                                        (1 = 100.0%) {0.0%}
3  O                                                                         (0 = 0.0%) {100.0%}

Histogram: Privacy.DIPS.BounceCategoryServer.Block3PC recorded 2 samples, mean = 0.0 (flags = 0x41)
0  --O                                                                       (2 = 100.0%)
1  ... 

Histogram: Privacy.DIPS.ClearedSitesCount.Block3PC recorded 4 samples, mean = 0.0 (flags = 0x41)
0  ----O                                                                     (4 = 100.0%)
1  ... 

Histogram: Privacy.DIPS.DIPSErrorCodes recorded 1 samples, mean = 0.0 (flags = 0x41)
0  -O                                                                        (1 = 100.0%)
1  ... 

Histogram: Privacy.DIPS.Database.Operation.FilterSitesWithProtectiveEventTime recorded 2 samples, mean = 17.0 (flags = 0x41)
0   -O                                                                        (1 = 50.0%)
1   ... 
34  -O                                                                        (1 = 50.0%) {50.0%}
40  ... 

Histogram: Privacy.DIPS.Database.Operation.GetSitesThatBouncedWithStateTime recorded 4 samples, mean = 0.0 (flags = 0x41)
0  ----O                                                                     (4 = 100.0%)
1  ... 

Histogram: Privacy.DIPS.Database.Operation.InitTime recorded 1 samples, mean = 221.0 (flags = 0x41)
0    ... 
190  -O                                                                        (1 = 100.0%) {0.0%}
226  ... 

Histogram: Privacy.DIPS.Database.Operation.ReadTime recorded 2 samples, mean = 0.0 (flags = 0x41)
0  --O                                                                       (2 = 100.0%)
1  ... 

Histogram: Privacy.DIPS.Database.Operation.RemoveRowsTime recorded 2 samples, mean = 88.5 (flags = 0x41)
0    -O                                                                        (1 = 50.0%)
1    ... 
160  -O                                                                        (1 = 50.0%) {50.0%}
190  ... 

Histogram: Privacy.DIPS.DatabaseEntryCount recorded 1 samples, mean = 2.0 (flags = 0x41)
0  ... 
2  -O                                                                        (1 = 100.0%) {0.0%}
3  ... 

Histogram: Privacy.DIPS.DatabaseHealthMetricsTime recorded 1 samples, mean = 0.0 (flags = 0x41)
0  -O                                                                        (1 = 100.0%)
1  ... 

Histogram: Privacy.DIPS.DatabaseInit recorded 1 samples, mean = 1.0 (flags = 0x41)
0  O                                                                         (0 = 0.0%)
1  -O                                                                        (1 = 100.0%) {0.0%}
2  ... 

Histogram: Privacy.DIPS.DatabaseSize recorded 1 samples, mean = 36.0 (flags = 0x41)
0  -O                                                                        (1 = 100.0%)
1000... 

Histogram: Privacy.DoNotTrackSetting2 recorded 1 samples, mean = 0.0 (flags = 0x41)
0  -O                                                                        (1 = 100.0%)
1  ... 

Histogram: Privacy.ThirdPartyCookieBlockingSetting.RegularProfile recorded 1 samples, mean = 0.0 (flags = 0x41)
0  -O                                                                        (1 = 100.0%)
1  ... 

Histogram: PrivacyBudget.Identifiability.FinchConfigValidationResult recorded 1 samples, mean = 1.0 (flags = 0x41)
0  O                                                                         (0 = 0.0%)
1  -O                                                                        (1 = 100.0%) {0.0%}
2  O                                                                         (0 = 0.0%) {100.0%}

Histogram: PrivacySandbox.Attestations.EstimateMemoryUsage.AttestationsMap recorded 1 samples, mean = 24.0 (flags = 0x41)
0   ... 
24  -O                                                                        (1 = 100.0%) {0.0%}
29  ... 

Histogram: PrivacySandbox.Attestations.InitializationDuration.ComponentReadyFromApplicationStart recorded 1 samples, mean = 79044.0 (flags = 0x41)
0      ... 
74859  -O                                                                        (1 = 100.0%) {0.0%}
86406  ... 

Histogram: PrivacySandbox.Attestations.InitializationDuration.Parsing recorded 1 samples, mean = 33.0 (flags = 0x41)
0   ... 
29  -O                                                                        (1 = 100.0%) {0.0%}
34  ... 

Histogram: PrivacySandbox.Attestations.Parsing.Status recorded 1 samples, mean = 0.0 (flags = 0x41)
0  -O                                                                        (1 = 100.0%)
1  ... 

Histogram: PrivacySandbox.NoticeRequirement.IsVariationCountryEmpty recorded 3 samples, mean = 1.0 (flags = 0x41)
0  O                                                                         (0 = 0.0%)
1  ---O                                                                      (3 = 100.0%) {0.0%}
2  O                                                                         (0 = 0.0%) {100.0%}

Histogram: PrivacySandbox.NoticeRequirement.IsVariationServiceReady recorded 3 samples, mean = 1.0 (flags = 0x41)
0  O                                                                         (0 = 0.0%)
1  ---O                                                                      (3 = 100.0%) {0.0%}
2  O                                                                         (0 = 0.0%) {100.0%}

Histogram: PrivacySandbox.TrackingProtection.OnboardingStartup.State recorded 1 samples, mean = 0.0 (flags = 0x41)
0  -O                                                                        (1 = 100.0%)
1  ... 

Histogram: PrivacySandbox.TrackingProtection.SilentOnboardingStartup.State recorded 1 samples, mean = 0.0 (flags = 0x41)
0  -O                                                                        (1 = 100.0%)
1  ... 

Histogram: Profile.AppCount recorded 1 samples, mean = 0.0 (flags = 0x41)
0  -O                                                                        (1 = 100.0%)
1  ... 

Histogram: Profile.BookmarksSize recorded 1 samples, mean = 0.0 (flags = 0x41)
0  -O                                                                        (1 = 100.0%)
1  ... 

Histogram: Profile.CookiesSize recorded 1 samples, mean = 0.0 (flags = 0x41)
0  -O                                                                        (1 = 100.0%)
1  ... 

Histogram: Profile.Destroyer.OffTheRecord recorded 1 samples, mean = 1.0 (flags = 0x41)
0  O                                                                         (0 = 0.0%)
1  -O                                                                        (1 = 100.0%) {0.0%}
2  ... 

Histogram: Profile.DidDestroyProfileBeforeShutdown recorded 1 samples, mean = 0.0 (flags = 0x41)
0  -O                                                                        (1 = 100.0%)
1  ... 

Histogram: Profile.ExtensionSize recorded 1 samples, mean = 0.0 (flags = 0x41)
0  -O                                                                        (1 = 100.0%)
1  ... 

Histogram: Profile.FaviconsSize recorded 1 samples, mean = 0.0 (flags = 0x41)
0  -O                                                                        (1 = 100.0%)
1  ... 

Histogram: Profile.HistorySize recorded 1 samples, mean = 0.0 (flags = 0x41)
0  -O                                                                        (1 = 100.0%)
1  ... 

Histogram: Profile.KeepAliveLeakAtShutdown recorded 2 samples, mean = 3.5 (flags = 0x41)
0  -O                                                                        (1 = 50.0%)
1  ... 
7  -O                                                                        (1 = 50.0%) {50.0%}
8  ... 

Histogram: Profile.LiveProfileCount recorded 6 samples, mean = 1.0 (flags = 0x41)
0  O                                                                         (0 = 0.0%)
1  ------O                                                                   (6 = 100.0%) {0.0%}
2  ... 

Histogram: Profile.NumberOfActiveProfiles recorded 1 samples, mean = 0.0 (flags = 0x41)
0  -O                                                                        (1 = 100.0%)
1  ... 

Histogram: Profile.NumberOfManagedProfiles recorded 1 samples, mean = 0.0 (flags = 0x41)
0  -O                                                                        (1 = 100.0%)
1  ... 

Histogram: Profile.NumberOfProfiles recorded 1 samples, mean = 1.0 (flags = 0x41)
0  O                                                                         (0 = 0.0%)
1  -O                                                                        (1 = 100.0%) {0.0%}
2  ... 

Histogram: Profile.NumberOfSignedInProfiles recorded 1 samples, mean = 0.0 (flags = 0x41)
0  -O                                                                        (1 = 100.0%)
1  ... 

Histogram: Profile.NumberOfUnusedProfiles recorded 1 samples, mean = 1.0 (flags = 0x41)
0  O                                                                         (0 = 0.0%)
1  -O                                                                        (1 = 100.0%) {0.0%}
2  ... 

Histogram: Profile.PercentageOfManagedProfiles recorded 1 samples, mean = 0.0 (flags = 0x41)
0  -O                                                                        (1 = 100.0%)
1  ... 

Histogram: Profile.TopSitesSize recorded 1 samples, mean = 0.0 (flags = 0x41)
0  -O                                                                        (1 = 100.0%)
1  ... 

Histogram: Profile.TotalHistorySize recorded 1 samples, mean = 0.0 (flags = 0x41)
0  -O                                                                        (1 = 100.0%)
1  ... 

Histogram: Profile.TotalSize recorded 1 samples, mean = 0.0 (flags = 0x41)
0  -O                                                                        (1 = 100.0%)
1  ... 

Histogram: Profile.TotalSizeRecursive recorded 1 samples, mean = 25.0 (flags = 0x41)
0   ... 
24  -O                                                                        (1 = 100.0%) {0.0%}
29  ... 

Histogram: Profile.TriggeredReset recorded 1 samples, mean = 0.0 (flags = 0x41)
0  -O                                                                        (1 = 100.0%)
1  ... 

Histogram: Profile.VisitedLinksSize recorded 1 samples, mean = 0.0 (flags = 0x41)
0  -O                                                                        (1 = 100.0%)
1  ... 

Histogram: Profile.WebDataSize recorded 1 samples, mean = 0.0 (flags = 0x41)
0  -O                                                                        (1 = 100.0%)
1  ... 

Histogram: Profile.ZombieProfileCount recorded 6 samples, mean = 0.0 (flags = 0x41)
0  ------O                                                                   (6 = 100.0%)
1  ... 

Histogram: ProfilePicker.StartupMode.CreateInitialProfile recorded 1 samples, mean = 0.0 (flags = 0x41)
0  -O                                                                        (1 = 100.0%)
1  ... 

Histogram: ProfilePicker.StartupMode.GetStartupProfile recorded 1 samples, mean = 0.0 (flags = 0x41)
0  -O                                                                        (1 = 100.0%)
1  ... 

Histogram: ProfilePicker.StartupReason.GetStartupProfile recorded 1 samples, mean = 27.0 (flags = 0x41)
0   ... 
27  -O                                                                        (1 = 100.0%) {0.0%}
28  ... 

Histogram: ProtoDB.GetErrorStatus.Metadata recorded 0 samples (flags = 0x41)
0 ... 

Histogram: ProtoDB.GetFound.Metadata recorded 18 samples, mean = 1.0 (flags = 0x41)
0  O                                                                         (0 = 0.0%)
1  ------------------O                                                       (18 = 100.0%) {0.0%}
2  O                                                                         (0 = 0.0%) {100.0%}

Histogram: ProtoDB.GetSuccess.Metadata recorded 18 samples, mean = 1.0 (flags = 0x41)
0  O                                                                         (0 = 0.0%)
1  ------------------O                                                       (18 = 100.0%) {0.0%}
2  O                                                                         (0 = 0.0%) {100.0%}

Histogram: ProtoDB.InitStatus.BudgetManager recorded 1 samples, mean = 4.0 (flags = 0x41)
0  ... 
4  -O                                                                        (1 = 100.0%) {0.0%}
5  ... 

Histogram: ProtoDB.InitStatus.CartDatabase recorded 1 samples, mean = 4.0 (flags = 0x41)
0  ... 
4  -O                                                                        (1 = 100.0%) {0.0%}
5  ... 

Histogram: ProtoDB.InitStatus.ClientCertificatesDatabase recorded 1 samples, mean = 4.0 (flags = 0x41)
0  ... 
4  -O                                                                        (1 = 100.0%) {0.0%}
5  ... 

Histogram: ProtoDB.InitStatus.CommerceParcelTrackingDatabase recorded 1 samples, mean = 4.0 (flags = 0x41)
0  ... 
4  -O                                                                        (1 = 100.0%) {0.0%}
5  ... 

Histogram: ProtoDB.InitStatus.CommerceSubscriptionDatabase recorded 1 samples, mean = 4.0 (flags = 0x41)
0  ... 
4  -O                                                                        (1 = 100.0%) {0.0%}
5  ... 

Histogram: ProtoDB.InitStatus.CouponDatabase recorded 1 samples, mean = 4.0 (flags = 0x41)
0  ... 
4  -O                                                                        (1 = 100.0%) {0.0%}
5  ... 

Histogram: ProtoDB.InitStatus.DiscountsDatabase recorded 1 samples, mean = 4.0 (flags = 0x41)
0  ... 
4  -O                                                                        (1 = 100.0%) {0.0%}
5  ... 

Histogram: ProtoDB.InitStatus.DownloadDB recorded 1 samples, mean = 4.0 (flags = 0x41)
0  ... 
4  -O                                                                        (1 = 100.0%) {0.0%}
5  ... 

Histogram: ProtoDB.InitStatus.DownloadService recorded 1 samples, mean = 4.0 (flags = 0x41)
0  ... 
4  -O                                                                        (1 = 100.0%) {0.0%}
5  ... 

Histogram: ProtoDB.InitStatus.FeatureEngagementTrackerAvailabilityStore recorded 1 samples, mean = 4.0 (flags = 0x41)
0  ... 
4  -O                                                                        (1 = 100.0%) {0.0%}
5  ... 

Histogram: ProtoDB.InitStatus.FeatureEngagementTrackerEventStore recorded 1 samples, mean = 4.0 (flags = 0x41)
0  ... 
4  -O                                                                        (1 = 100.0%) {0.0%}
5  ... 

Histogram: ProtoDB.InitStatus.GCMKeyStore recorded 1 samples, mean = 0.0 (flags = 0x41)
0  -O                                                                        (1 = 100.0%)
1  ... 

Histogram: ProtoDB.InitStatus.Metadata recorded 1 samples, mean = 0.0 (flags = 0x41)
0  -O                                                                        (1 = 100.0%)
1  ... 

Histogram: ProtoDB.InitStatus.PersistentOriginTrials recorded 1 samples, mean = 4.0 (flags = 0x41)
0  ... 
4  -O                                                                        (1 = 100.0%) {0.0%}
5  ... 

Histogram: ProtoDB.InitStatus.PreviewsHintCacheStore recorded 1 samples, mean = 4.0 (flags = 0x41)
0  ... 
4  -O                                                                        (1 = 100.0%) {0.0%}
5  ... 

Histogram: ProtoDB.InitStatus.SegmentInfoDatabase recorded 1 samples, mean = 4.0 (flags = 0x41)
0  ... 
4  -O                                                                        (1 = 100.0%) {0.0%}
5  ... 

Histogram: ProtoDB.InitStatus.SharedDb recorded 1 samples, mean = 0.0 (flags = 0x41)
0  -O                                                                        (1 = 100.0%)
1  ... 

Histogram: ProtoDB.InitStatus.SignalDatabase recorded 1 samples, mean = 4.0 (flags = 0x41)
0  ... 
4  -O                                                                        (1 = 100.0%) {0.0%}
5  ... 

Histogram: ProtoDB.InitStatus.SignalStorageConfigDatabase recorded 1 samples, mean = 4.0 (flags = 0x41)
0  ... 
4  -O                                                                        (1 = 100.0%) {0.0%}
5  ... 

Histogram: ProtoDB.InitStatus.StrikeService recorded 1 samples, mean = 4.0 (flags = 0x41)
0  ... 
4  -O                                                                        (1 = 100.0%) {0.0%}
5  ... 

Histogram: ProtoDB.LoadEntriesSuccess.CartDatabase recorded 1 samples, mean = 1.0 (flags = 0x41)
0  O                                                                         (0 = 0.0%)
1  -O                                                                        (1 = 100.0%) {0.0%}
2  O                                                                         (0 = 0.0%) {100.0%}

Histogram: ProtoDB.LoadEntriesSuccess.CommerceSubscriptionDatabase recorded 2 samples, mean = 1.0 (flags = 0x41)
0  O                                                                         (0 = 0.0%)
1  --O                                                                       (2 = 100.0%) {0.0%}
2  O                                                                         (0 = 0.0%) {100.0%}

Histogram: ProtoDB.LoadEntriesSuccess.CouponDatabase recorded 1 samples, mean = 1.0 (flags = 0x41)
0  O                                                                         (0 = 0.0%)
1  -O                                                                        (1 = 100.0%) {0.0%}
2  O                                                                         (0 = 0.0%) {100.0%}

Histogram: ProtoDB.LoadEntriesSuccess.DownloadDB recorded 1 samples, mean = 1.0 (flags = 0x41)
0  O                                                                         (0 = 0.0%)
1  -O                                                                        (1 = 100.0%) {0.0%}
2  O                                                                         (0 = 0.0%) {100.0%}

Histogram: ProtoDB.LoadEntriesSuccess.DownloadService recorded 1 samples, mean = 1.0 (flags = 0x41)
0  O                                                                         (0 = 0.0%)
1  -O                                                                        (1 = 100.0%) {0.0%}
2  O                                                                         (0 = 0.0%) {100.0%}

Histogram: ProtoDB.LoadEntriesSuccess.FeatureEngagementTrackerAvailabilityStore recorded 1 samples, mean = 1.0 (flags = 0x41)
0  O                                                                         (0 = 0.0%)
1  -O                                                                        (1 = 100.0%) {0.0%}
2  O                                                                         (0 = 0.0%) {100.0%}

Histogram: ProtoDB.LoadEntriesSuccess.FeatureEngagementTrackerEventStore recorded 1 samples, mean = 1.0 (flags = 0x41)
0  O                                                                         (0 = 0.0%)
1  -O                                                                        (1 = 100.0%) {0.0%}
2  O                                                                         (0 = 0.0%) {100.0%}

Histogram: ProtoDB.LoadEntriesSuccess.GCMKeyStore recorded 1 samples, mean = 1.0 (flags = 0x41)
0  O                                                                         (0 = 0.0%)
1  -O                                                                        (1 = 100.0%) {0.0%}
2  O                                                                         (0 = 0.0%) {100.0%}

Histogram: ProtoDB.LoadEntriesSuccess.PersistentOriginTrials recorded 1 samples, mean = 1.0 (flags = 0x41)
0  O                                                                         (0 = 0.0%)
1  -O                                                                        (1 = 100.0%) {0.0%}
2  O                                                                         (0 = 0.0%) {100.0%}

Histogram: ProtoDB.LoadEntriesSuccess.SegmentInfoDatabase recorded 1 samples, mean = 1.0 (flags = 0x41)
0  O                                                                         (0 = 0.0%)
1  -O                                                                        (1 = 100.0%) {0.0%}
2  O                                                                         (0 = 0.0%) {100.0%}

Histogram: ProtoDB.LoadEntriesSuccess.SignalStorageConfigDatabase recorded 1 samples, mean = 1.0 (flags = 0x41)
0  O                                                                         (0 = 0.0%)
1  -O                                                                        (1 = 100.0%) {0.0%}
2  O                                                                         (0 = 0.0%) {100.0%}

Histogram: ProtoDB.LoadKeysAndEntriesSuccess.PreviewsHintCacheStore recorded 3 samples, mean = 1.0 (flags = 0x41)
0  O                                                                         (0 = 0.0%)
1  ---O                                                                      (3 = 100.0%) {0.0%}
2  O                                                                         (0 = 0.0%) {100.0%}

Histogram: ProtoDB.LoadKeysAndEntriesSuccess.SignalDatabase recorded 80 samples, mean = 1.0 (flags = 0x41)
0  O                                                                         (0 = 0.0%)
1  ------------------------------------------------------------------------O (80 = 100.0%) {0.0%}
2  O                                                                         (0 = 0.0%) {100.0%}

Histogram: ProtoDB.LoadKeysAndEntriesSuccess.StrikeService recorded 1 samples, mean = 1.0 (flags = 0x41)
0  O                                                                         (0 = 0.0%)
1  -O                                                                        (1 = 100.0%) {0.0%}
2  O                                                                         (0 = 0.0%) {100.0%}

Histogram: ProtoDB.SharedDbInitStatus recorded 55 samples, mean = 11.5 (flags = 0x41)
0   -------------------O                                                      (19 = 34.5%)
1   ... 
11  -----------------O                                                        (17 = 30.9%) {34.5%}
12  ... 
23  -----------------O                                                        (17 = 30.9%) {65.5%}
24  ... 
27  --O                                                                       (2 = 3.6%) {96.4%}
28  ... 

Histogram: ProtoDB.UpdateErrorStatus.CartDatabase recorded 0 samples (flags = 0x41)
0 ... 

Histogram: ProtoDB.UpdateErrorStatus.CouponDatabase recorded 0 samples (flags = 0x41)
0 ... 

Histogram: ProtoDB.UpdateErrorStatus.Default recorded 0 samples (flags = 0x41)
0 ... 

Histogram: ProtoDB.UpdateErrorStatus.DiscountsDatabase recorded 0 samples (flags = 0x41)
0 ... 

Histogram: ProtoDB.UpdateErrorStatus.FeatureEngagementTrackerAvailabilityStore recorded 0 samples (flags = 0x41)
0 ... 

Histogram: ProtoDB.UpdateErrorStatus.Metadata recorded 0 samples (flags = 0x41)
0 ... 

Histogram: ProtoDB.UpdateErrorStatus.PreviewsHintCacheStore recorded 0 samples (flags = 0x41)
0 ... 

Histogram: ProtoDB.UpdateErrorStatus.SegmentInfoDatabase recorded 0 samples (flags = 0x41)
0 ... 

Histogram: ProtoDB.UpdateErrorStatus.SignalDatabase recorded 0 samples (flags = 0x41)
0 ... 

Histogram: ProtoDB.UpdateErrorStatus.SignalStorageConfigDatabase recorded 0 samples (flags = 0x41)
0 ... 

Histogram: ProtoDB.UpdateSuccess.CartDatabase recorded 1 samples, mean = 1.0 (flags = 0x41)
0  O                                                                         (0 = 0.0%)
1  -O                                                                        (1 = 100.0%) {0.0%}
2  O                                                                         (0 = 0.0%) {100.0%}

Histogram: ProtoDB.UpdateSuccess.CouponDatabase recorded 1 samples, mean = 1.0 (flags = 0x41)
0  O                                                                         (0 = 0.0%)
1  -O                                                                        (1 = 100.0%) {0.0%}
2  O                                                                         (0 = 0.0%) {100.0%}

Histogram: ProtoDB.UpdateSuccess.Default recorded 5 samples, mean = 1.0 (flags = 0x41)
0  O                                                                         (0 = 0.0%)
1  -----O                                                                    (5 = 100.0%) {0.0%}
2  O                                                                         (0 = 0.0%) {100.0%}

Histogram: ProtoDB.UpdateSuccess.DiscountsDatabase recorded 2 samples, mean = 1.0 (flags = 0x41)
0  O                                                                         (0 = 0.0%)
1  --O                                                                       (2 = 100.0%) {0.0%}
2  O                                                                         (0 = 0.0%) {100.0%}

Histogram: ProtoDB.UpdateSuccess.FeatureEngagementTrackerAvailabilityStore recorded 1 samples, mean = 1.0 (flags = 0x41)
0  O                                                                         (0 = 0.0%)
1  -O                                                                        (1 = 100.0%) {0.0%}
2  O                                                                         (0 = 0.0%) {100.0%}

Histogram: ProtoDB.UpdateSuccess.Metadata recorded 1 samples, mean = 1.0 (flags = 0x41)
0  O                                                                         (0 = 0.0%)
1  -O                                                                        (1 = 100.0%) {0.0%}
2  O                                                                         (0 = 0.0%) {100.0%}

Histogram: ProtoDB.UpdateSuccess.PreviewsHintCacheStore recorded 1 samples, mean = 1.0 (flags = 0x41)
0  O                                                                         (0 = 0.0%)
1  -O                                                                        (1 = 100.0%) {0.0%}
2  O                                                                         (0 = 0.0%) {100.0%}

Histogram: ProtoDB.UpdateSuccess.SegmentInfoDatabase recorded 17 samples, mean = 1.0 (flags = 0x41)
0  O                                                                         (0 = 0.0%)
1  -----------------O                                                        (17 = 100.0%) {0.0%}
2  O                                                                         (0 = 0.0%) {100.0%}

Histogram: ProtoDB.UpdateSuccess.SignalDatabase recorded 21 samples, mean = 1.0 (flags = 0x41)
0  O                                                                         (0 = 0.0%)
1  ---------------------O                                                    (21 = 100.0%) {0.0%}
2  O                                                                         (0 = 0.0%) {100.0%}

Histogram: ProtoDB.UpdateSuccess.SignalStorageConfigDatabase recorded 1 samples, mean = 1.0 (flags = 0x41)
0  O                                                                         (0 = 0.0%)
1  -O                                                                        (1 = 100.0%) {0.0%}
2  O                                                                         (0 = 0.0%) {100.0%}

Histogram: ReadingList.Read.Count.OnModelLoaded.AccountStorage recorded 1 samples, mean = 0.0 (flags = 0x41)
0  -O                                                                        (1 = 100.0%)
1  ... 

Histogram: ReadingList.Read.Count.OnModelLoaded.LocalStorage recorded 1 samples, mean = 0.0 (flags = 0x41)
0  -O                                                                        (1 = 100.0%)
1  ... 

Histogram: ReadingList.Unread.Count.OnModelLoaded.AccountStorage recorded 1 samples, mean = 0.0 (flags = 0x41)
0  -O                                                                        (1 = 100.0%)
1  ... 

Histogram: ReadingList.Unread.Count.OnModelLoaded.LocalStorage recorded 1 samples, mean = 0.0 (flags = 0x41)
0  -O                                                                        (1 = 100.0%)
1  ... 

Histogram: Renderer.Core.Timing.Performance.SwapsPerPerformanceEntryInsertion recorded 1 samples, mean = 0.0 (flags = 0x41)
0  -O                                                                        (1 = 100.0%)
1  ... 

Histogram: Renderer.ProcessLifetime3 recorded 2 samples, mean = 12420186.0 (flags = 0x41)
0         ... 
12028224  --O                                                                       (2 = 100.0%) {0.0%}
13507433  ... 

Histogram: Renderer.ProcessLifetime3.Empty recorded 1 samples, mean = 12420785.0 (flags = 0x41)
0         ... 
12028224  -O                                                                        (1 = 100.0%) {0.0%}
13507433  ... 

Histogram: Renderer.ProcessLifetime3.Speculative recorded 1 samples, mean = 12419587.0 (flags = 0x41)
0         ... 
12028224  -O                                                                        (1 = 100.0%) {0.0%}
13507433  ... 

Histogram: RendererScheduler.RendererMainThreadLoad5.Background recorded 12420 samples, mean = 0.0 (flags = 0x41)
0   ------------------------------------------------------------------------O (12417 = 100.0%)
1   O                                                                         (1 = 0.0%) {100.0%}
2   ... 
14  O                                                                         (1 = 0.0%) {100.0%}
15  ... 
23  O                                                                         (1 = 0.0%) {100.0%}
24  ... 

Histogram: RendererScheduler.RendererMainThreadLoad5.Background.AfterFifthMinute recorded 12121 samples, mean = 0.0 (flags = 0x41)
0  ------------------------------------------------------------------------O (12121 = 100.0%)
1  ... 

Histogram: RendererScheduler.RendererMainThreadLoad5.Background.AfterFirstMinute recorded 12361 samples, mean = 0.0 (flags = 0x41)
0  ------------------------------------------------------------------------O (12361 = 100.0%)
1  ... 

Histogram: RendererScheduler.RendererMainThreadLoad5.Background.AfterTenthMinute recorded 11821 samples, mean = 0.0 (flags = 0x41)
0  ------------------------------------------------------------------------O (11821 = 100.0%)
1  ... 

Histogram: RendererScheduler.RendererMainThreadLoad5.Foreground.AfterFirstMinute recorded 12419 samples, mean = 0.1 (flags = 0x41)
0    ------------------------------------------------------------------------O (12405 = 99.9%)
1    ... 
9    O                                                                         (1 = 0.0%) {99.9%}
10   ... 
38   O                                                                         (1 = 0.0%) {99.9%}
39   ... 
60   O                                                                         (1 = 0.0%) {99.9%}
61   ... 
99   O                                                                         (1 = 0.0%) {99.9%}
100  O                                                                         (10 = 0.1%) {99.9%}
101  O                                                                         (0 = 0.0%) {100.0%}

Histogram: ReportingAndNEL.NumberOfLoadedNELPolicies recorded 1 samples, mean = 0.0 (flags = 0x41)
0  -O                                                                        (1 = 100.0%)
1  ... 

Histogram: ReportingAndNEL.NumberOfLoadedNELPolicies2 recorded 1 samples, mean = 0.0 (flags = 0x41)
0  -O                                                                        (1 = 100.0%)
1  ... 

Histogram: ReportingAndNEL.TimeInitializeDB recorded 1 samples, mean = 12.0 (flags = 0x41)
0   ... 
11  -O                                                                        (1 = 100.0%) {0.0%}
14  ... 

Histogram: ResourceScheduler.RequestQueuingDuration.Priority1 recorded 85 samples, mean = 0.4 (flags = 0x41)
0   ------------------------------------------------------------------------O (84 = 98.8%)
1   ... 
32  -O                                                                        (1 = 1.2%) {98.8%}
41  ... 

Histogram: SBClientPhishing.LoadReportTimesFromPrefAtServiceCreationSuccessful recorded 1 samples, mean = 1.0 (flags = 0x41)
0  O                                                                         (0 = 0.0%)
1  -O                                                                        (1 = 100.0%) {0.0%}
2  O                                                                         (0 = 0.0%) {100.0%}

Histogram: SBIRS.DroppedIncident recorded 1 samples, mean = 1.0 (flags = 0x41)
0  O                                                                         (0 = 0.0%)
1  -O                                                                        (1 = 100.0%) {0.0%}
2  ... 

Histogram: SBIRS.ReceivedIncident recorded 1 samples, mean = 1.0 (flags = 0x41)
0  O                                                                         (0 = 0.0%)
1  -O                                                                        (1 = 100.0%) {0.0%}
2  ... 

Histogram: SafeBrowsing.AsyncCheck.CommittedNavigationIdsSize recorded 2 samples, mean = 0.0 (flags = 0x41)
0  --O                                                                       (2 = 100.0%)
1  ... 

Histogram: SafeBrowsing.BrowserThrottle.CheckerOnIOLifetime recorded 1 samples, mean = 12437018.0 (flags = 0x41)
0       ... 
180000  -O                                                                        (1 = 100.0%) {0.0%}

Histogram: SafeBrowsing.BrowserThrottle.RequestDestination recorded 1 samples, mean = 3.0 (flags = 0x41)
0  ... 
3  -O                                                                        (1 = 100.0%) {0.0%}
4  ... 

Histogram: SafeBrowsing.BrowserThrottle.RequestDestination.Checked recorded 1 samples, mean = 3.0 (flags = 0x41)
0  ... 
3  -O                                                                        (1 = 100.0%) {0.0%}
4  ... 

Histogram: SafeBrowsing.BrowserThrottle.TotalDelay2.HashPrefixDatabaseCheck recorded 1 samples, mean = 0.0 (flags = 0x41)
0  -O                                                                        (1 = 100.0%)
1  ... 

Histogram: SafeBrowsing.CheckBrowseUrl.HasLocalMatch recorded 1 samples, mean = 1.0 (flags = 0x41)
0  O                                                                         (0 = 0.0%)
1  -O                                                                        (1 = 100.0%) {0.0%}
2  O                                                                         (0 = 0.0%) {100.0%}

Histogram: SafeBrowsing.CheckUrl.Action recorded 1 samples, mean = 0.0 (flags = 0x41)
0  -O                                                                        (1 = 100.0%)
1  ... 

Histogram: SafeBrowsing.CheckUrl.IsDocumentCheckPrefetch recorded 1 samples, mean = 0.0 (flags = 0x41)
0  -O                                                                        (1 = 100.0%)
1  ... 

Histogram: SafeBrowsing.CheckUrl.TimeTaken.HashDatabase recorded 1 samples, mean = 23458.0 (flags = 0x41)
0      ... 
10000  -O                                                                        (1 = 100.0%) {0.0%}

Histogram: SafeBrowsing.CheckUrl.Timeout recorded 1 samples, mean = 1.0 (flags = 0x41)
0  O                                                                         (0 = 0.0%)
1  -O                                                                        (1 = 100.0%) {0.0%}
2  O                                                                         (0 = 0.0%) {100.0%}

Histogram: SafeBrowsing.CheckUrl.UrlScheme recorded 1 samples, mean = 10.0 (flags = 0x41)
0   ... 
10  -O                                                                        (1 = 100.0%) {0.0%}
11  ... 

Histogram: SafeBrowsing.Daily.BypassCountLast28Days.StandardProtection.AllEvents recorded 1 samples, mean = 0.0 (flags = 0x41)
0  -O                                                                        (1 = 100.0%)
1  ... 

Histogram: SafeBrowsing.Daily.SecuritySensitiveCountLast28Days.StandardProtection.AllEvents recorded 1 samples, mean = 0.0 (flags = 0x41)
0  -O                                                                        (1 = 100.0%)
1  ... 

Histogram: SafeBrowsing.FileTypeUpdate.DynamicUpdateResult recorded 1 samples (flags = 0x41)
1  -O                                                                        (1 = 100.0%)

Histogram: SafeBrowsing.FileTypeUpdate.DynamicUpdateVersion recorded 1 samples (flags = 0x41)
69  -O                                                                        (1 = 100.0%)

Histogram: SafeBrowsing.FileTypeUpdate.ResourceBundleResult recorded 1 samples (flags = 0x41)
1  -O                                                                        (1 = 100.0%)

Histogram: SafeBrowsing.FileTypeUpdate.ResourceBundleVersion recorded 1 samples (flags = 0x41)
66  -O                                                                        (1 = 100.0%)

Histogram: SafeBrowsing.HPRT.Cache.FullHashCount recorded 8 samples, mean = 0.0 (flags = 0x41)
0  --------O                                                                 (8 = 100.0%)
1  ... 

Histogram: SafeBrowsing.HPRT.Cache.HashPrefixCount recorded 8 samples, mean = 0.0 (flags = 0x41)
0  --------O                                                                 (8 = 100.0%)
1  ... 

Histogram: SafeBrowsing.HPRT.Ineligible.FeatureOff recorded 1 samples, mean = 0.0 (flags = 0x41)
0  -O                                                                        (1 = 100.0%)
1  ... 

Histogram: SafeBrowsing.HPRT.Ineligible.IneligibleForLocation recorded 1 samples, mean = 0.0 (flags = 0x41)
0  -O                                                                        (1 = 100.0%)
1  ... 

Histogram: SafeBrowsing.HPRT.Ineligible.IneligibleForSessionOrLocation recorded 1 samples, mean = 1.0 (flags = 0x41)
0  O                                                                         (0 = 0.0%)
1  -O                                                                        (1 = 100.0%) {0.0%}
2  O                                                                         (0 = 0.0%) {100.0%}

Histogram: SafeBrowsing.HPRT.Ineligible.NoGoogleChromeBranding recorded 1 samples, mean = 1.0 (flags = 0x41)
0  O                                                                         (0 = 0.0%)
1  -O                                                                        (1 = 100.0%) {0.0%}
2  O                                                                         (0 = 0.0%) {100.0%}

Histogram: SafeBrowsing.HPRT.Ineligible.NotAllowedByPolicy recorded 1 samples, mean = 0.0 (flags = 0x41)
0  -O                                                                        (1 = 100.0%)
1  ... 

Histogram: SafeBrowsing.HPRT.Ineligible.NotStandardProtection recorded 1 samples, mean = 0.0 (flags = 0x41)
0  -O                                                                        (1 = 100.0%)
1  ... 

Histogram: SafeBrowsing.HPRT.Ineligible.OffTheRecord recorded 1 samples, mean = 0.0 (flags = 0x41)
0  -O                                                                        (1 = 100.0%)
1  ... 

Histogram: SafeBrowsing.PageLoadToken.TokenCount recorded 8 samples, mean = 0.0 (flags = 0x41)
0  --------O                                                                 (8 = 100.0%)
1  ... 

Histogram: SafeBrowsing.Pref.Daily.Extended recorded 1 samples, mean = 0.0 (flags = 0x41)
0  -O                                                                        (1 = 100.0%)
1  ... 

Histogram: SafeBrowsing.Pref.Daily.PasswordLeakToggle recorded 1 samples, mean = 1.0 (flags = 0x41)
0  O                                                                         (0 = 0.0%)
1  -O                                                                        (1 = 100.0%) {0.0%}
2  O                                                                         (0 = 0.0%) {100.0%}

Histogram: SafeBrowsing.Pref.Daily.SafeBrowsingModeManaged recorded 1 samples, mean = 0.0 (flags = 0x41)
0  -O                                                                        (1 = 100.0%)
1  ... 

Histogram: SafeBrowsing.Pref.Daily.SafeBrowsingState recorded 1 samples, mean = 1.0 (flags = 0x41)
0  O                                                                         (0 = 0.0%)
1  -O                                                                        (1 = 100.0%) {0.0%}
2  ... 

Histogram: SafeBrowsing.Pref.Enhanced recorded 1 samples, mean = 0.0 (flags = 0x41)
0  -O                                                                        (1 = 100.0%)
1  ... 

Histogram: SafeBrowsing.Pref.Enhanced.RegularProfile recorded 1 samples, mean = 0.0 (flags = 0x41)
0  -O                                                                        (1 = 100.0%)
1  ... 

Histogram: SafeBrowsing.Pref.Extended recorded 1 samples, mean = 0.0 (flags = 0x41)
0  -O                                                                        (1 = 100.0%)
1  ... 

Histogram: SafeBrowsing.Pref.General recorded 1 samples, mean = 1.0 (flags = 0x41)
0  O                                                                         (0 = 0.0%)
1  -O                                                                        (1 = 100.0%) {0.0%}
2  O                                                                         (0 = 0.0%) {100.0%}

Histogram: SafeBrowsing.RT.CacheManager.CleanUpTime recorded 8 samples, mean = 1.9 (flags = 0x41)
0   -------O                                                                  (7 = 87.5%)
1   ... 
14  -O                                                                        (1 = 12.5%) {87.5%}
17  ... 

Histogram: SafeBrowsing.RT.CanCheckDatabase recorded 1 samples, mean = 1.0 (flags = 0x41)
0  O                                                                         (0 = 0.0%)
1  -O                                                                        (1 = 100.0%) {0.0%}
2  O                                                                         (0 = 0.0%) {100.0%}

Histogram: SafeBrowsing.RT.ConsumerVersionReason recorded 2 samples, mean = 1.0 (flags = 0x41)
0  -O                                                                        (1 = 50.0%)
1  O                                                                         (0 = 0.0%) {50.0%}
2  -O                                                                        (1 = 50.0%) {50.0%}
3  ... 

Histogram: SafeBrowsing.V4Database.Size recorded 1 samples, mean = 0.0 (flags = 0x41)
0  -O                                                                        (1 = 100.0%)
1  ... 

Histogram: SafeBrowsing.V4Database.Size.ChromeExtMalware recorded 1 samples, mean = 0.0 (flags = 0x41)
0  -O                                                                        (1 = 100.0%)
1  ... 

Histogram: SafeBrowsing.V4Database.Size.UrlBilling recorded 1 samples, mean = 0.0 (flags = 0x41)
0  -O                                                                        (1 = 100.0%)
1  ... 

Histogram: SafeBrowsing.V4Database.Size.UrlCsdDownloadAllowlist recorded 1 samples, mean = 0.0 (flags = 0x41)
0  -O                                                                        (1 = 100.0%)
1  ... 

Histogram: SafeBrowsing.V4Database.Size.UrlMalBin recorded 1 samples, mean = 0.0 (flags = 0x41)
0  -O                                                                        (1 = 100.0%)
1  ... 

Histogram: SafeBrowsing.V4Database.Size.UrlMalware recorded 1 samples, mean = 0.0 (flags = 0x41)
0  -O                                                                        (1 = 100.0%)
1  ... 

Histogram: SafeBrowsing.V4Database.Size.UrlSoceng recorded 1 samples, mean = 0.0 (flags = 0x41)
0  -O                                                                        (1 = 100.0%)
1  ... 

Histogram: SafeBrowsing.V4Database.Size.UrlUws recorded 1 samples, mean = 0.0 (flags = 0x41)
0  -O                                                                        (1 = 100.0%)
1  ... 

Histogram: SafeBrowsing.V4Database.SizeLinear recorded 1 samples, mean = 0.0 (flags = 0x41)
0  -O                                                                        (1 = 100.0%)
1  ... 

Histogram: SafeBrowsing.V4Database.SizeLinear.ChromeExtMalware recorded 1 samples, mean = 0.0 (flags = 0x41)
0  -O                                                                        (1 = 100.0%)
1  ... 

Histogram: SafeBrowsing.V4Database.SizeLinear.UrlMalBin recorded 1 samples, mean = 0.0 (flags = 0x41)
0  -O                                                                        (1 = 100.0%)
1  ... 

Histogram: SafeBrowsing.V4Database.SizeLinear.UrlSoceng recorded 1 samples, mean = 0.0 (flags = 0x41)
0  -O                                                                        (1 = 100.0%)
1  ... 

Histogram: SafeBrowsing.V4DatabaseInitializationTime recorded 1 samples, mean = 59449.0 (flags = 0x41)
0      ... 
10000  -O                                                                        (1 = 100.0%) {0.0%}

Histogram: SafeBrowsing.V4Store.IsStoreValid recorded 7 samples, mean = 0.0 (flags = 0x41)
0  -------O                                                                  (7 = 100.0%)
1  ... 

Histogram: SafeBrowsing.V4Store.IsStoreValid.ChromeExtMalware recorded 1 samples, mean = 0.0 (flags = 0x41)
0  -O                                                                        (1 = 100.0%)
1  ... 

Histogram: SafeBrowsing.V4Store.IsStoreValid.UrlBilling recorded 1 samples, mean = 0.0 (flags = 0x41)
0  -O                                                                        (1 = 100.0%)
1  ... 

Histogram: SafeBrowsing.V4Store.IsStoreValid.UrlCsdDownloadAllowlist recorded 1 samples, mean = 0.0 (flags = 0x41)
0  -O                                                                        (1 = 100.0%)
1  ... 

Histogram: SafeBrowsing.V4Store.IsStoreValid.UrlMalBin recorded 1 samples, mean = 0.0 (flags = 0x41)
0  -O                                                                        (1 = 100.0%)
1  ... 

Histogram: SafeBrowsing.V4Store.IsStoreValid.UrlMalware recorded 1 samples, mean = 0.0 (flags = 0x41)
0  -O                                                                        (1 = 100.0%)
1  ... 

Histogram: SafeBrowsing.V4Store.IsStoreValid.UrlSoceng recorded 1 samples, mean = 0.0 (flags = 0x41)
0  -O                                                                        (1 = 100.0%)
1  ... 

Histogram: SafeBrowsing.V4Store.IsStoreValid.UrlUws recorded 1 samples, mean = 0.0 (flags = 0x41)
0  -O                                                                        (1 = 100.0%)
1  ... 

Histogram: SafeBrowsing.V4Store.ReadyOnStartup recorded 7 samples, mean = 0.0 (flags = 0x41)
0  -------O                                                                  (7 = 100.0%)
1  ... 

Histogram: SafeBrowsing.V4StoreRead.Result recorded 7 samples, mean = 2.0 (flags = 0x41)
0  ... 
2  -------O                                                                  (7 = 100.0%) {0.0%}
3  ... 

Histogram: SafeBrowsing.V4Update.Network.Result recorded 4 samples (flags = 0x41)
400  ----O                                                                     (4 = 100.0%)

Histogram: SafeBrowsing.V4Update.Result recorded 4 samples, mean = 2.0 (flags = 0x41)
0  ... 
2  ----O                                                                     (4 = 100.0%) {0.0%}
3  ... 

Histogram: Scheduling.MessagePumpTimeKeeper.BrowserIO recorded 0 samples (flags = 0x41)
0 ... 

Histogram: Scheduling.MessagePumpTimeKeeper.BrowserUI recorded 0 samples (flags = 0x41)
0 ... 

Histogram: Scheduling.ThreadController.ActiveIntervalDuration.Any.BrowserUI recorded 30 samples, mean = 0.0 (flags = 0x41)
0  ------------------------------O                                           (30 = 100.0%)
1  ... 

Histogram: Scheduling.ThreadController.ActiveIntervalDuration.Any.Other recorded 447 samples, mean = 1.0 (flags = 0x41)
0    ------------------------------------------------------------------------O (445 = 99.6%)
1    O                                                                         (1 = 0.2%) {99.6%}
2    ... 
378  O                                                                         (1 = 0.2%) {99.8%}
449  ... 

Histogram: Scheduling.ThreadController.ActiveIntervalDuration.Medium.Other recorded 1 samples, mean = 1.0 (flags = 0x41)
0  O                                                                         (0 = 0.0%)
1  -O                                                                        (1 = 100.0%) {0.0%}
2  ... 

Histogram: Scheduling.ThreadController.ActiveIntervalDuration.Short.BrowserUI recorded 30 samples, mean = 0.6 (flags = 0x41)
0  ------------O                                                             (12 = 40.0%)
1  -----------------O                                                        (17 = 56.7%) {40.0%}
2  -O                                                                        (1 = 3.3%) {96.7%}
3  ... 

Histogram: Scheduling.ThreadController.ActiveIntervalDuration.Short.Other recorded 445 samples, mean = 38.4 (flags = 0x41)
0    ... 
4    --O                                                                       (2 = 0.4%) {0.0%}
5    -------------------O                                                      (19 = 4.3%) {0.4%}
6    ---------O                                                                (9 = 2.0%) {4.7%}
7    --O                                                                       (2 = 0.4%) {6.7%}
8    -----------O                                                              (11 = 2.5%) {7.2%}
9    ... 
12   ---O                                                                      (3 = 0.7%) {9.7%}
13   ----O                                                                     (4 = 0.9%) {10.3%}
14   --------O                                                                 (8 = 1.8%) {11.2%}
15   -----------O                                                              (11 = 2.5%) {13.0%}
16   -----------O                                                              (11 = 2.5%) {15.5%}
17   ---------------O                                                          (15 = 3.4%) {18.0%}
18   -------O                                                                  (7 = 1.6%) {21.3%}
19   -------------O                                                            (13 = 2.9%) {22.9%}
20   --------------O                                                           (14 = 3.1%) {25.8%}
21   -------------O                                                            (13 = 2.9%) {29.0%}
22   --------------------O                                                     (20 = 4.5%) {31.9%}
23   ---------O                                                                (9 = 2.0%) {36.4%}
24   -----------------O                                                        (17 = 3.8%) {38.4%}
25   -------------O                                                            (13 = 2.9%) {42.2%}
26   ------------------O                                                       (18 = 4.0%) {45.2%}
27   ---------------O                                                          (15 = 3.4%) {49.2%}
28   ----------------------O                                                   (22 = 4.9%) {52.6%}
29   -------------------------O                                                (25 = 5.6%) {57.5%}
31   -------------------------------O                                          (31 = 7.0%) {63.1%}
33   ---------------O                                                          (15 = 3.4%) {70.1%}
35   ------------O                                                             (12 = 2.7%) {73.5%}
37   ----O                                                                     (4 = 0.9%) {76.2%}
39   ------O                                                                   (6 = 1.3%) {77.1%}
41   -----O                                                                    (5 = 1.1%) {78.4%}
43   ---------O                                                                (9 = 2.0%) {79.6%}
45   ----O                                                                     (4 = 0.9%) {81.6%}
47   --O                                                                       (2 = 0.4%) {82.5%}
49   -----O                                                                    (5 = 1.1%) {82.9%}
52   -----O                                                                    (5 = 1.1%) {84.0%}
55   ----O                                                                     (4 = 0.9%) {85.2%}
58   ------O                                                                   (6 = 1.3%) {86.1%}
61   ---O                                                                      (3 = 0.7%) {87.4%}
64   ----O                                                                     (4 = 0.9%) {88.1%}
67   O                                                                         (0 = 0.0%) {89.0%}
70   --O                                                                       (2 = 0.4%) {89.0%}
74   O                                                                         (0 = 0.0%) {89.4%}
78   ------O                                                                   (6 = 1.3%) {89.4%}
82   ----O                                                                     (4 = 0.9%) {90.8%}
86   --O                                                                       (2 = 0.4%) {91.7%}
90   ----O                                                                     (4 = 0.9%) {92.1%}
95   ------O                                                                   (6 = 1.3%) {93.0%}
100  ---O                                                                      (3 = 0.7%) {94.4%}
105  -O                                                                        (1 = 0.2%) {95.1%}
110  -----O                                                                    (5 = 1.1%) {95.3%}
116  --O                                                                       (2 = 0.4%) {96.4%}
122  -O                                                                        (1 = 0.2%) {96.9%}
128  -O                                                                        (1 = 0.2%) {97.1%}
135  ---O                                                                      (3 = 0.7%) {97.3%}
142  O                                                                         (0 = 0.0%) {98.0%}
149  --O                                                                       (2 = 0.4%) {98.0%}
157  -O                                                                        (1 = 0.2%) {98.4%}
165  O                                                                         (0 = 0.0%) {98.7%}
173  --O                                                                       (2 = 0.4%) {98.7%}
182  ... 
245  -O                                                                        (1 = 0.2%) {99.1%}
258  ... 
385  -O                                                                        (1 = 0.2%) {99.3%}
405  ... 
495  -O                                                                        (1 = 0.2%) {99.6%}
520  ... 
817  -O                                                                        (1 = 0.2%) {99.8%}
859  ... 

Histogram: Scheduling.ThreadController.ActiveIntervalOffCpuDuration.Any.BrowserUI recorded 30 samples, mean = 0.0 (flags = 0x41)
0  ------------------------------O                                           (30 = 100.0%)
1  ... 

Histogram: Scheduling.ThreadController.ActiveIntervalOffCpuDuration.Any.Other recorded 447 samples, mean = 1.0 (flags = 0x41)
0    ------------------------------------------------------------------------O (446 = 99.8%)
1    ... 
378  O                                                                         (1 = 0.2%) {99.8%}
449  ... 

Histogram: Scheduling.ThreadController.ActiveIntervalOffCpuDuration.Medium.Other recorded 1 samples, mean = 0.0 (flags = 0x41)
0  -O                                                                        (1 = 100.0%)
1  ... 

Histogram: Scheduling.ThreadController.ActiveIntervalOffCpuDuration.Short.BrowserUI recorded 30 samples, mean = 0.4 (flags = 0x41)
0  ------------------O                                                       (18 = 60.0%)
1  ------------O                                                             (12 = 40.0%) {60.0%}
2  ... 

Histogram: Scheduling.ThreadController.ActiveIntervalOffCpuDuration.Short.Other recorded 445 samples, mean = 3.0 (flags = 0x41)
0    ---------------------------------------O                                  (121 = 27.2%)
1    ------------------------------------------------------------------------O (224 = 50.3%) {27.2%}
2    -------------------O                                                      (59 = 13.3%) {77.5%}
3    -O                                                                        (2 = 0.4%) {90.8%}
4    -O                                                                        (2 = 0.4%) {91.2%}
5    --O                                                                       (5 = 1.1%) {91.7%}
6    -O                                                                        (2 = 0.4%) {92.8%}
7    O                                                                         (1 = 0.2%) {93.3%}
8    -O                                                                        (3 = 0.7%) {93.5%}
9    O                                                                         (0 = 0.0%) {94.2%}
10   -O                                                                        (2 = 0.4%) {94.2%}
11   O                                                                         (1 = 0.2%) {94.6%}
12   O                                                                         (1 = 0.2%) {94.8%}
13   -O                                                                        (2 = 0.4%) {95.1%}
14   O                                                                         (1 = 0.2%) {95.5%}
15   -O                                                                        (2 = 0.4%) {95.7%}
16   O                                                                         (1 = 0.2%) {96.2%}
17   O                                                                         (0 = 0.0%) {96.4%}
18   O                                                                         (1 = 0.2%) {96.4%}
19   -O                                                                        (2 = 0.4%) {96.6%}
20   ... 
23   O                                                                         (1 = 0.2%) {97.1%}
24   ... 
35   -O                                                                        (3 = 0.7%) {97.3%}
37   ... 
43   O                                                                         (1 = 0.2%) {98.0%}
45   O                                                                         (1 = 0.2%) {98.2%}
47   O                                                                         (0 = 0.0%) {98.4%}
49   O                                                                         (1 = 0.2%) {98.4%}
52   O                                                                         (1 = 0.2%) {98.7%}
55   ... 
61   -O                                                                        (2 = 0.4%) {98.9%}
64   O                                                                         (1 = 0.2%) {99.3%}
67   ... 
82   O                                                                         (1 = 0.2%) {99.6%}
86   ... 
135  O                                                                         (1 = 0.2%) {99.8%}
142  ... 

Histogram: Scheduling.ThreadController.ActiveIntervalOnCpuDuration.Any.BrowserUI recorded 30 samples, mean = 0.0 (flags = 0x41)
0  ------------------------------O                                           (30 = 100.0%)
1  ... 

Histogram: Scheduling.ThreadController.ActiveIntervalOnCpuDuration.Any.Other recorded 447 samples, mean = 0.0 (flags = 0x41)
0  ------------------------------------------------------------------------O (445 = 99.6%)
1  O                                                                         (1 = 0.2%) {99.6%}
2  O                                                                         (1 = 0.2%) {99.8%}
3  ... 

Histogram: Scheduling.ThreadController.ActiveIntervalOnCpuDuration.Medium.Other recorded 1 samples, mean = 1.0 (flags = 0x41)
0  O                                                                         (0 = 0.0%)
1  -O                                                                        (1 = 100.0%) {0.0%}
2  ... 

Histogram: Scheduling.ThreadController.ActiveIntervalOnCpuDuration.Short.BrowserUI recorded 30 samples, mean = 0.2 (flags = 0x41)
0  -----------------------O                                                  (23 = 76.7%)
1  -------O                                                                  (7 = 23.3%) {76.7%}
2  ... 

Histogram: Scheduling.ThreadController.ActiveIntervalOnCpuDuration.Short.Other recorded 445 samples, mean = 35.4 (flags = 0x41)
0    ---O                                                                      (3 = 0.7%)
1    ... 
3    -O                                                                        (1 = 0.2%) {0.7%}
4    -----------------O                                                        (17 = 3.8%) {0.9%}
5    ------------O                                                             (12 = 2.7%) {4.7%}
6    O                                                                         (0 = 0.0%) {7.4%}
7    ----------O                                                               (10 = 2.2%) {7.4%}
8    ---O                                                                      (3 = 0.7%) {9.7%}
9    O                                                                         (0 = 0.0%) {10.3%}
10   -O                                                                        (1 = 0.2%) {10.3%}
11   -O                                                                        (1 = 0.2%) {10.6%}
12   ------O                                                                   (6 = 1.3%) {10.8%}
13   -------O                                                                  (7 = 1.6%) {12.1%}
14   ------O                                                                   (6 = 1.3%) {13.7%}
15   --------------O                                                           (14 = 3.1%) {15.1%}
16   ------------O                                                             (12 = 2.7%) {18.2%}
17   ---------O                                                                (9 = 2.0%) {20.9%}
18   ----------O                                                               (10 = 2.2%) {22.9%}
19   --------------O                                                           (14 = 3.1%) {25.2%}
20   ------------------O                                                       (18 = 4.0%) {28.3%}
21   ------------------O                                                       (18 = 4.0%) {32.4%}
22   ---------------O                                                          (15 = 3.4%) {36.4%}
23   ------------------O                                                       (18 = 4.0%) {39.8%}
24   --------------O                                                           (14 = 3.1%) {43.8%}
25   -----------------O                                                        (17 = 3.8%) {47.0%}
26   -----------------O                                                        (17 = 3.8%) {50.8%}
27   ---------------------O                                                    (21 = 4.7%) {54.6%}
28   -----------------O                                                        (17 = 3.8%) {59.3%}
29   --------------------------O                                               (26 = 5.8%) {63.1%}
31   ---------------------O                                                    (21 = 4.7%) {69.0%}
33   -----------O                                                              (11 = 2.5%) {73.7%}
35   -----------O                                                              (11 = 2.5%) {76.2%}
37   ---O                                                                      (3 = 0.7%) {78.7%}
39   ---------O                                                                (9 = 2.0%) {79.3%}
41   ---O                                                                      (3 = 0.7%) {81.3%}
43   ------O                                                                   (6 = 1.3%) {82.0%}
45   ----O                                                                     (4 = 0.9%) {83.4%}
47   --O                                                                       (2 = 0.4%) {84.3%}
49   -----O                                                                    (5 = 1.1%) {84.7%}
52   ----O                                                                     (4 = 0.9%) {85.8%}
55   -------O                                                                  (7 = 1.6%) {86.7%}
58   ---O                                                                      (3 = 0.7%) {88.3%}
61   ----O                                                                     (4 = 0.9%) {89.0%}
64   ----O                                                                     (4 = 0.9%) {89.9%}
67   --O                                                                       (2 = 0.4%) {90.8%}
70   ---O                                                                      (3 = 0.7%) {91.2%}
74   --O                                                                       (2 = 0.4%) {91.9%}
78   --------O                                                                 (8 = 1.8%) {92.4%}
82   ---O                                                                      (3 = 0.7%) {94.2%}
86   --O                                                                       (2 = 0.4%) {94.8%}
90   --O                                                                       (2 = 0.4%) {95.3%}
95   --O                                                                       (2 = 0.4%) {95.7%}
100  ---O                                                                      (3 = 0.7%) {96.2%}
105  -O                                                                        (1 = 0.2%) {96.9%}
110  --O                                                                       (2 = 0.4%) {97.1%}
116  ... 
128  -O                                                                        (1 = 0.2%) {97.5%}
135  -O                                                                        (1 = 0.2%) {97.8%}
142  O                                                                         (0 = 0.0%) {98.0%}
149  --O                                                                       (2 = 0.4%) {98.0%}
157  -O                                                                        (1 = 0.2%) {98.4%}
165  O                                                                         (0 = 0.0%) {98.7%}
173  --O                                                                       (2 = 0.4%) {98.7%}
182  ... 
245  -O                                                                        (1 = 0.2%) {99.1%}
258  ... 
385  -O                                                                        (1 = 0.2%) {99.3%}
405  ... 
495  -O                                                                        (1 = 0.2%) {99.6%}
520  ... 
817  -O                                                                        (1 = 0.2%) {99.8%}
859  ... 

Histogram: Scheduling.ThreadController.ActiveIntervalOnCpuPercentage..Other recorded 1 samples, mean = 0.0 (flags = 0x41)
0  -O                                                                        (1 = 100.0%)
1  ... 

Histogram: Scheduling.ThreadController.ActiveIntervalOnCpuPercentage.Any.BrowserUI recorded 30 samples, mean = 61.7 (flags = 0x41)
0    -----------O                                                              (11 = 36.7%)
1    ... 
50   -O                                                                        (1 = 3.3%) {36.7%}
51   ... 
100  ------------------O                                                       (18 = 60.0%) {40.0%}
101  O                                                                         (0 = 0.0%) {100.0%}

Histogram: Scheduling.ThreadController.ActiveIntervalOnCpuPercentage.Any.Other recorded 447 samples, mean = 92.7 (flags = 0x41)
0    --O                                                                       (4 = 0.9%)
1    ... 
30   -O                                                                        (1 = 0.2%) {0.9%}
31   ... 
37   -O                                                                        (1 = 0.2%) {1.1%}
38   ... 
40   -O                                                                        (1 = 0.2%) {1.3%}
41   ... 
45   -O                                                                        (1 = 0.2%) {1.6%}
46   ... 
49   -O                                                                        (1 = 0.2%) {1.8%}
50   ... 
53   -O                                                                        (1 = 0.2%) {2.0%}
54   O                                                                         (0 = 0.0%) {2.2%}
55   -O                                                                        (1 = 0.2%) {2.2%}
56   -O                                                                        (1 = 0.2%) {2.5%}
57   O                                                                         (0 = 0.0%) {2.7%}
58   -O                                                                        (1 = 0.2%) {2.7%}
59   -O                                                                        (1 = 0.2%) {2.9%}
60   ... 
66   -O                                                                        (1 = 0.2%) {3.1%}
67   -O                                                                        (1 = 0.2%) {3.4%}
68   O                                                                         (0 = 0.0%) {3.6%}
69   -O                                                                        (1 = 0.2%) {3.6%}
70   ... 
74   -O                                                                        (1 = 0.2%) {3.8%}
75   -O                                                                        (1 = 0.2%) {4.0%}
76   ... 
78   -O                                                                        (1 = 0.2%) {4.3%}
79   O                                                                         (0 = 0.0%) {4.5%}
80   ---------O                                                                (15 = 3.4%) {4.5%}
81   -O                                                                        (1 = 0.2%) {7.8%}
82   -O                                                                        (1 = 0.2%) {8.1%}
83   --------O                                                                 (14 = 3.1%) {8.3%}
84   --O                                                                       (4 = 0.9%) {11.4%}
85   -O                                                                        (1 = 0.2%) {12.3%}
86   -O                                                                        (2 = 0.4%) {12.5%}
87   ------O                                                                   (10 = 2.2%) {13.0%}
88   ---O                                                                      (5 = 1.1%) {15.2%}
89   O                                                                         (0 = 0.0%) {16.3%}
90   ----O                                                                     (7 = 1.6%) {16.3%}
91   --O                                                                       (3 = 0.7%) {17.9%}
92   -----------------O                                                        (28 = 6.3%) {18.6%}
93   -----------------O                                                        (28 = 6.3%) {24.8%}
94   ----------------O                                                         (27 = 6.0%) {31.1%}
95   ---------------------------O                                              (46 = 10.3%) {37.1%}
96   -------------------------------------------O                              (72 = 16.1%) {47.4%}
97   -----------O                                                              (19 = 4.3%) {63.5%}
98   ----------O                                                               (17 = 3.8%) {67.8%}
99   ----O                                                                     (6 = 1.3%) {71.6%}
100  ------------------------------------------------------------------------O (121 = 27.1%) {72.9%}
101  O                                                                         (0 = 0.0%) {100.0%}

Histogram: Scheduling.ThreadController.ActiveIntervalOnCpuPercentage.Medium.Other recorded 1 samples, mean = 97.0 (flags = 0x41)
0   ... 
97  -O                                                                        (1 = 100.0%) {0.0%}
98  ... 

Histogram: Scheduling.ThreadController.ActiveIntervalOnCpuPercentage.Short.BrowserUI recorded 30 samples, mean = 61.7 (flags = 0x41)
0    -----------O                                                              (11 = 36.7%)
1    ... 
50   -O                                                                        (1 = 3.3%) {36.7%}
51   ... 
100  ------------------O                                                       (18 = 60.0%) {40.0%}
101  O                                                                         (0 = 0.0%) {100.0%}

Histogram: Scheduling.ThreadController.ActiveIntervalOnCpuPercentage.Short.Other recorded 445 samples, mean = 92.9 (flags = 0x41)
0    --O                                                                       (3 = 0.7%)
1    ... 
30   -O                                                                        (1 = 0.2%) {0.7%}
31   ... 
37   -O                                                                        (1 = 0.2%) {0.9%}
38   ... 
40   -O                                                                        (1 = 0.2%) {1.1%}
41   ... 
45   -O                                                                        (1 = 0.2%) {1.3%}
46   ... 
49   -O                                                                        (1 = 0.2%) {1.6%}
50   ... 
53   -O                                                                        (1 = 0.2%) {1.8%}
54   O                                                                         (0 = 0.0%) {2.0%}
55   -O                                                                        (1 = 0.2%) {2.0%}
56   -O                                                                        (1 = 0.2%) {2.2%}
57   O                                                                         (0 = 0.0%) {2.5%}
58   -O                                                                        (1 = 0.2%) {2.5%}
59   -O                                                                        (1 = 0.2%) {2.7%}
60   ... 
66   -O                                                                        (1 = 0.2%) {2.9%}
67   -O                                                                        (1 = 0.2%) {3.1%}
68   O                                                                         (0 = 0.0%) {3.4%}
69   -O                                                                        (1 = 0.2%) {3.4%}
70   ... 
74   -O                                                                        (1 = 0.2%) {3.6%}
75   -O                                                                        (1 = 0.2%) {3.8%}
76   ... 
78   -O                                                                        (1 = 0.2%) {4.0%}
79   O                                                                         (0 = 0.0%) {4.3%}
80   ---------O                                                                (15 = 3.4%) {4.3%}
81   -O                                                                        (1 = 0.2%) {7.6%}
82   -O                                                                        (1 = 0.2%) {7.9%}
83   --------O                                                                 (14 = 3.1%) {8.1%}
84   --O                                                                       (4 = 0.9%) {11.2%}
85   -O                                                                        (1 = 0.2%) {12.1%}
86   -O                                                                        (2 = 0.4%) {12.4%}
87   ------O                                                                   (10 = 2.2%) {12.8%}
88   ---O                                                                      (5 = 1.1%) {15.1%}
89   O                                                                         (0 = 0.0%) {16.2%}
90   ----O                                                                     (7 = 1.6%) {16.2%}
91   --O                                                                       (3 = 0.7%) {17.8%}
92   -----------------O                                                        (28 = 6.3%) {18.4%}
93   -----------------O                                                        (28 = 6.3%) {24.7%}
94   ----------------O                                                         (27 = 6.1%) {31.0%}
95   ---------------------------O                                              (46 = 10.3%) {37.1%}
96   -------------------------------------------O                              (72 = 16.2%) {47.4%}
97   -----------O                                                              (18 = 4.0%) {63.6%}
98   ----------O                                                               (17 = 3.8%) {67.6%}
99   ----O                                                                     (6 = 1.3%) {71.5%}
100  ------------------------------------------------------------------------O (121 = 27.2%) {72.8%}
101  O                                                                         (0 = 0.0%) {100.0%}

Histogram: Scheduling.ThreadController.IdleDuration.Any.BrowserUI recorded 30 samples, mean = 0.0 (flags = 0x41)
0  ------------------------------O                                           (30 = 100.0%)
1  ... 

Histogram: Scheduling.ThreadController.IdleDuration.Any.Other recorded 413 samples, mean = 577.8 (flags = 0x41)
0      -------------O                                                            (51 = 12.3%)
1      O                                                                         (1 = 0.2%) {12.3%}
2      ... 
4      O                                                                         (1 = 0.2%) {12.6%}
5      O                                                                         (0 = 0.0%) {12.8%}
6      O                                                                         (1 = 0.2%) {12.8%}
7      O                                                                         (1 = 0.2%) {13.1%}
8      -O                                                                        (3 = 0.7%) {13.3%}
10     -O                                                                        (5 = 1.2%) {14.0%}
12     O                                                                         (0 = 0.0%) {15.3%}
14     O                                                                         (1 = 0.2%) {15.3%}
17     O                                                                         (1 = 0.2%) {15.5%}
20     ... 
34     O                                                                         (1 = 0.2%) {15.7%}
40     ------------------------------------------------------------------------O (284 = 68.8%) {16.0%}
48     -O                                                                        (2 = 0.5%) {84.7%}
57     ... 
81     --O                                                                       (9 = 2.2%) {85.2%}
96     ---O                                                                      (10 = 2.4%) {87.4%}
114    O                                                                         (1 = 0.2%) {89.8%}
135    O                                                                         (1 = 0.2%) {90.1%}
160    O                                                                         (0 = 0.0%) {90.3%}
190    -O                                                                        (2 = 0.5%) {90.3%}
226    ... 
318    O                                                                         (1 = 0.2%) {90.8%}
378    O                                                                         (1 = 0.2%) {91.0%}
449    O                                                                         (0 = 0.0%) {91.3%}
533    -O                                                                        (2 = 0.5%) {91.3%}
633    O                                                                         (1 = 0.2%) {91.8%}
752    O                                                                         (1 = 0.2%) {92.0%}
894    ---O                                                                      (13 = 3.1%) {92.3%}
1062   O                                                                         (1 = 0.2%) {95.4%}
1262   O                                                                         (0 = 0.0%) {95.6%}
1500   O                                                                         (1 = 0.2%) {95.6%}
1782   O                                                                         (1 = 0.2%) {95.9%}
2117   -O                                                                        (2 = 0.5%) {96.1%}
2516   O                                                                         (1 = 0.2%) {96.6%}
2990   O                                                                         (0 = 0.0%) {96.9%}
3553   --O                                                                       (7 = 1.7%) {96.9%}
4222   O                                                                         (0 = 0.0%) {98.5%}
5017   O                                                                         (1 = 0.2%) {98.5%}
5961   ... 
10000  -O                                                                        (5 = 1.2%) {98.8%}

Histogram: Scheduling.ThreadController.IdleDuration.Medium.Other recorded 312 samples, mean = 46.1 (flags = 0x41)
0   O                                                                         (0 = 0.0%)
1   O                                                                         (1 = 0.3%) {0.0%}
2   ... 
4   O                                                                         (1 = 0.3%) {0.3%}
5   O                                                                         (0 = 0.0%) {0.6%}
6   O                                                                         (1 = 0.3%) {0.6%}
7   O                                                                         (1 = 0.3%) {1.0%}
8   O                                                                         (0 = 0.0%) {1.3%}
9   -O                                                                        (3 = 1.0%) {1.3%}
10  -O                                                                        (3 = 1.0%) {2.2%}
11  -O                                                                        (2 = 0.6%) {3.2%}
12  ... 
15  O                                                                         (1 = 0.3%) {3.8%}
16  ... 
19  O                                                                         (1 = 0.3%) {4.2%}
20  ... 
34  O                                                                         (1 = 0.3%) {4.5%}
35  ... 
45  ---------------------O                                                    (48 = 15.4%) {4.8%}
46  ------------------------------------------------------------------------O (161 = 51.6%) {20.2%}
47  ----------------------------------O                                       (75 = 24.0%) {71.8%}
48  -O                                                                        (2 = 0.6%) {95.8%}
49  ... 
92  -O                                                                        (3 = 1.0%) {96.5%}
93  --O                                                                       (5 = 1.6%) {97.4%}
94  O                                                                         (0 = 0.0%) {99.0%}
95  O                                                                         (1 = 0.3%) {99.0%}
96  ... 
98  -O                                                                        (2 = 0.6%) {99.4%}
100 O                                                                         (0 = 0.0%) {100.0%}

Histogram: Scheduling.ThreadController.IdleDuration.Short.BrowserUI recorded 30 samples, mean = 4.4 (flags = 0x41)
0   ... 
2   --O                                                                       (2 = 6.7%) {0.0%}
3   ------------------------O                                                 (24 = 80.0%) {6.7%}
4   -O                                                                        (1 = 3.3%) {86.7%}
5   -O                                                                        (1 = 3.3%) {90.0%}
6   -O                                                                        (1 = 3.3%) {93.3%}
7   ... 
39  -O                                                                        (1 = 3.3%) {96.7%}
41  ... 

Histogram: Scheduling.ThreadController.IdleDuration.Short.Other recorded 51 samples, mean = 184.0 (flags = 0x41)
0    ... 
22   -O                                                                        (1 = 2.0%) {0.0%}
23   ... 
41   -O                                                                        (1 = 2.0%) {2.0%}
43   -O                                                                        (1 = 2.0%) {3.9%}
45   ... 
70   ----O                                                                     (4 = 7.8%) {5.9%}
74   ----O                                                                     (4 = 7.8%) {13.7%}
78   ---O                                                                      (3 = 5.9%) {21.6%}
82   -O                                                                        (1 = 2.0%) {27.5%}
86   ... 
105  -O                                                                        (1 = 2.0%) {29.4%}
110  -O                                                                        (1 = 2.0%) {31.4%}
116  ... 
128  -O                                                                        (1 = 2.0%) {33.3%}
135  --O                                                                       (2 = 3.9%) {35.3%}
142  -----O                                                                    (5 = 9.8%) {39.2%}
149  ... 
165  -O                                                                        (1 = 2.0%) {49.0%}
173  -----O                                                                    (5 = 9.8%) {51.0%}
182  -O                                                                        (1 = 2.0%) {60.8%}
191  O                                                                         (0 = 0.0%) {62.7%}
201  --O                                                                       (2 = 3.9%) {62.7%}
211  --O                                                                       (2 = 3.9%) {66.7%}
222  -O                                                                        (1 = 2.0%) {70.6%}
233  -O                                                                        (1 = 2.0%) {72.5%}
245  ---O                                                                      (3 = 5.9%) {74.5%}
258  -O                                                                        (1 = 2.0%) {80.4%}
271  -O                                                                        (1 = 2.0%) {82.4%}
285  -O                                                                        (1 = 2.0%) {84.3%}
300  -O                                                                        (1 = 2.0%) {86.3%}
315  ... 
348  -O                                                                        (1 = 2.0%) {88.2%}
366  -O                                                                        (1 = 2.0%) {90.2%}
385  -O                                                                        (1 = 2.0%) {92.2%}
405  ... 
448  -O                                                                        (1 = 2.0%) {94.1%}
471  O                                                                         (0 = 0.0%) {96.1%}
495  --O                                                                       (2 = 3.9%) {96.1%}
520  ... 

Histogram: Search.ChoiceReprompt recorded 1 samples, mean = 6.0 (flags = 0x41)
0  ... 
6  -O                                                                        (1 = 100.0%) {0.0%}
7  O                                                                         (0 = 0.0%) {100.0%}

Histogram: Search.DefaultSearchProviderType2 recorded 1 samples, mean = 14.0 (flags = 0x41)
0   ... 
14  -O                                                                        (1 = 100.0%) {0.0%}
15  ... 

Histogram: Search.SearchProviderOverrideStatus recorded 2 samples, mean = 0.0 (flags = 0x41)
0  --O                                                                       (2 = 100.0%)
1  ... 

Histogram: Security.GwpAsan.Activated.Malloc.Browser recorded 1 samples, mean = 0.0 (flags = 0x41)
0  -O                                                                        (1 = 100.0%)
1  ... 

Histogram: Security.GwpAsan.Activated.PartitionAlloc.Browser recorded 1 samples, mean = 0.0 (flags = 0x41)
0  -O                                                                        (1 = 100.0%)
1  ... 

Histogram: Security.HttpsFirstMode.SettingEnabledAtStartup recorded 1 samples, mean = 0.0 (flags = 0x41)
0  -O                                                                        (1 = 100.0%)
1  ... 

Histogram: Security.JSONParser.ChromiumExtensionUsage recorded 1 samples, mean = 1.0 (flags = 0x41)
0  O                                                                         (0 = 0.0%)
1  -O                                                                        (1 = 100.0%) {0.0%}
2  ... 

Histogram: Security.JSONParser.ParsingTime recorded 126 samples, mean = 219.5 (flags = 0x41)
0      ---------O                                                                (9 = 7.1%)
1      -----------------------------------------O                                (41 = 32.5%) {7.1%}
2      -------------------------O                                                (25 = 19.8%) {39.7%}
3      ---O                                                                      (3 = 2.4%) {59.5%}
4      ------O                                                                   (6 = 4.8%) {61.9%}
5      ---------O                                                                (9 = 7.1%) {66.7%}
7      --------O                                                                 (8 = 6.3%) {73.8%}
9      ----O                                                                     (4 = 3.2%) {80.2%}
12     ---O                                                                      (3 = 2.4%) {83.3%}
16     ----O                                                                     (4 = 3.2%) {85.7%}
21     --O                                                                       (2 = 1.6%) {88.9%}
28     O                                                                         (0 = 0.0%) {90.5%}
37     ----O                                                                     (4 = 3.2%) {90.5%}
49     --O                                                                       (2 = 1.6%) {93.7%}
65     -O                                                                        (1 = 0.8%) {95.2%}
86     --O                                                                       (2 = 1.6%) {96.0%}
113    -O                                                                        (1 = 0.8%) {97.6%}
149    O                                                                         (0 = 0.0%) {98.4%}
196    -O                                                                        (1 = 0.8%) {98.4%}
258    ... 
21156  -O                                                                        (1 = 0.8%) {99.2%}
27864  ... 

Histogram: Security.NavigationRequestSecurityLevel recorded 1 samples, mean = 1.0 (flags = 0x41)
0  O                                                                         (0 = 0.0%)
1  -O                                                                        (1 = 100.0%) {0.0%}
2  ... 

Histogram: Security.PrivateNetworkAccess.CheckResult recorded 85 samples, mean = 0.0 (flags = 0x41)
0  ------------------------------------------------------------------------O (85 = 100.0%)
1  ... 

Histogram: Security.SCTAuditing.NumPersistedReportsLoaded recorded 1 samples, mean = 0.0 (flags = 0x41)
0  -O                                                                        (1 = 100.0%)
1  ... 

Histogram: SegmentationPlatform.ChromeLowUserEngagement.PostProcessing.TopLabel.Computed recorded 1 samples (flags = 0x41)
1  -O                                                                        (1 = 100.0%)

Histogram: SegmentationPlatform.ClassificationRequest.TotalDuration.DeviceSwitcher recorded 1 samples, mean = 138911.0 (flags = 0x41)
0      ... 
10000  -O                                                                        (1 = 100.0%) {0.0%}

Histogram: SegmentationPlatform.CrossDeviceUser.PostProcessing.TopLabel.Computed recorded 1 samples (flags = 0x41)
-1 -O                                                                        (1 = 100.0%)

Histogram: SegmentationPlatform.Database.AddUmaMetric recorded 1 samples, mean = 0.0 (flags = 0x41)
0  -O                                                                        (1 = 100.0%)
1  ... 

Histogram: SegmentationPlatform.Database.RemoveUrls recorded 2 samples, mean = 47.5 (flags = 0x41)
0   -O                                                                        (1 = 50.0%)
1   ... 
81  -O                                                                        (1 = 50.0%) {50.0%}
96  ... 

Histogram: SegmentationPlatform.Database.RunReadOnlyQueries recorded 1 samples, mean = 0.0 (flags = 0x41)
0  -O                                                                        (1 = 100.0%)
1  ... 

Histogram: SegmentationPlatform.Database.StoreUkmEntry recorded 4 samples, mean = 0.0 (flags = 0x41)
0  ----O                                                                     (4 = 100.0%)
1  ... 

Histogram: SegmentationPlatform.Database.UpdateUrlForUkmSource recorded 4 samples, mean = 5.5 (flags = 0x41)
0   ---O                                                                      (3 = 75.0%)
1   ... 
20  -O                                                                        (1 = 25.0%) {75.0%}
24  ... 

Histogram: SegmentationPlatform.DefaultModelDelivery.Metadata.FeatureCount.ChromeLowUserEngagement recorded 1 samples, mean = 1.0 (flags = 0x41)
0  O                                                                         (0 = 0.0%)
1  -O                                                                        (1 = 100.0%) {0.0%}
2  ... 

Histogram: SegmentationPlatform.DefaultModelDelivery.Metadata.FeatureCount.ComposePromotion recorded 1 samples, mean = 1.0 (flags = 0x41)
0  O                                                                         (0 = 0.0%)
1  -O                                                                        (1 = 100.0%) {0.0%}
2  ... 

Histogram: SegmentationPlatform.DefaultModelDelivery.Metadata.FeatureCount.CrossDeviceUserSegment recorded 1 samples, mean = 4.0 (flags = 0x41)
0  ... 
4  -O                                                                        (1 = 100.0%) {0.0%}
5  ... 

Histogram: SegmentationPlatform.DefaultModelDelivery.Metadata.FeatureCount.DatabaseApiClients recorded 1 samples, mean = 3.0 (flags = 0x41)
0  ... 
3  -O                                                                        (1 = 100.0%) {0.0%}
4  ... 

Histogram: SegmentationPlatform.DefaultModelDelivery.Metadata.FeatureCount.DeviceSwitcher recorded 1 samples, mean = 1.0 (flags = 0x41)
0  O                                                                         (0 = 0.0%)
1  -O                                                                        (1 = 100.0%) {0.0%}
2  ... 

Histogram: SegmentationPlatform.DefaultModelDelivery.Metadata.FeatureCount.PasswordManagerUser recorded 1 samples, mean = 7.0 (flags = 0x41)
0  ... 
7  -O                                                                        (1 = 100.0%) {0.0%}
8  ... 

Histogram: SegmentationPlatform.DefaultModelDelivery.Metadata.FeatureCount.ResumeHeavyUserSegment recorded 1 samples, mean = 5.0 (flags = 0x41)
0  ... 
5  -O                                                                        (1 = 100.0%) {0.0%}
6  ... 

Histogram: SegmentationPlatform.DefaultModelDelivery.Metadata.FeatureCount.SearchUser recorded 1 samples, mean = 2.0 (flags = 0x41)
0  ... 
2  -O                                                                        (1 = 100.0%) {0.0%}
3  ... 

Histogram: SegmentationPlatform.DefaultModelDelivery.Metadata.FeatureCount.ShoppingUser recorded 1 samples, mean = 2.0 (flags = 0x41)
0  ... 
2  -O                                                                        (1 = 100.0%) {0.0%}
3  ... 

Histogram: SegmentationPlatform.DefaultModelDelivery.Metadata.FeatureCount.UrlVisitResumptionRanker recorded 1 samples, mean = 23.0 (flags = 0x41)
0   ... 
23  -O                                                                        (1 = 100.0%) {0.0%}
26  ... 

Histogram: SegmentationPlatform.DefaultModelDelivery.Metadata.Validation.Processed.ChromeLowUserEngagement recorded 1 samples, mean = 0.0 (flags = 0x41)
0  -O                                                                        (1 = 100.0%)
1  ... 

Histogram: SegmentationPlatform.DefaultModelDelivery.Metadata.Validation.Processed.ComposePromotion recorded 1 samples, mean = 0.0 (flags = 0x41)
0  -O                                                                        (1 = 100.0%)
1  ... 

Histogram: SegmentationPlatform.DefaultModelDelivery.Metadata.Validation.Processed.CrossDeviceUserSegment recorded 1 samples, mean = 0.0 (flags = 0x41)
0  -O                                                                        (1 = 100.0%)
1  ... 

Histogram: SegmentationPlatform.DefaultModelDelivery.Metadata.Validation.Processed.DatabaseApiClients recorded 1 samples, mean = 0.0 (flags = 0x41)
0  -O                                                                        (1 = 100.0%)
1  ... 

Histogram: SegmentationPlatform.DefaultModelDelivery.Metadata.Validation.Processed.DeviceSwitcher recorded 1 samples, mean = 0.0 (flags = 0x41)
0  -O                                                                        (1 = 100.0%)
1  ... 

Histogram: SegmentationPlatform.DefaultModelDelivery.Metadata.Validation.Processed.PasswordManagerUser recorded 1 samples, mean = 0.0 (flags = 0x41)
0  -O                                                                        (1 = 100.0%)
1  ... 

Histogram: SegmentationPlatform.DefaultModelDelivery.Metadata.Validation.Processed.ResumeHeavyUserSegment recorded 1 samples, mean = 0.0 (flags = 0x41)
0  -O                                                                        (1 = 100.0%)
1  ... 

Histogram: SegmentationPlatform.DefaultModelDelivery.Metadata.Validation.Processed.SearchUser recorded 1 samples, mean = 0.0 (flags = 0x41)
0  -O                                                                        (1 = 100.0%)
1  ... 

Histogram: SegmentationPlatform.DefaultModelDelivery.Metadata.Validation.Processed.ShoppingUser recorded 1 samples, mean = 0.0 (flags = 0x41)
0  -O                                                                        (1 = 100.0%)
1  ... 

Histogram: SegmentationPlatform.DefaultModelDelivery.Metadata.Validation.Processed.UrlVisitResumptionRanker recorded 1 samples, mean = 0.0 (flags = 0x41)
0  -O                                                                        (1 = 100.0%)
1  ... 

Histogram: SegmentationPlatform.DefaultModelDelivery.Received recorded 10 samples (flags = 0x41)
16    -O                                                                        (1 = 10.0%)
21    -O                                                                        (1 = 10.0%)
23    -O                                                                        (1 = 10.0%)
27    -O                                                                        (1 = 10.0%)
45    -O                                                                        (1 = 10.0%)
46    -O                                                                        (1 = 10.0%)
1001  -O                                                                        (1 = 10.0%)
1004  -O                                                                        (1 = 10.0%)
1007  -O                                                                        (1 = 10.0%)
1009  -O                                                                        (1 = 10.0%)

Histogram: SegmentationPlatform.DefaultModelDelivery.SaveResult.ChromeLowUserEngagement recorded 1 samples, mean = 1.0 (flags = 0x41)
0  O                                                                         (0 = 0.0%)
1  -O                                                                        (1 = 100.0%) {0.0%}
2  O                                                                         (0 = 0.0%) {100.0%}

Histogram: SegmentationPlatform.DefaultModelDelivery.SaveResult.ComposePromotion recorded 1 samples, mean = 1.0 (flags = 0x41)
0  O                                                                         (0 = 0.0%)
1  -O                                                                        (1 = 100.0%) {0.0%}
2  O                                                                         (0 = 0.0%) {100.0%}

Histogram: SegmentationPlatform.DefaultModelDelivery.SaveResult.CrossDeviceUserSegment recorded 1 samples, mean = 1.0 (flags = 0x41)
0  O                                                                         (0 = 0.0%)
1  -O                                                                        (1 = 100.0%) {0.0%}
2  O                                                                         (0 = 0.0%) {100.0%}

Histogram: SegmentationPlatform.DefaultModelDelivery.SaveResult.DatabaseApiClients recorded 1 samples, mean = 1.0 (flags = 0x41)
0  O                                                                         (0 = 0.0%)
1  -O                                                                        (1 = 100.0%) {0.0%}
2  O                                                                         (0 = 0.0%) {100.0%}

Histogram: SegmentationPlatform.DefaultModelDelivery.SaveResult.DeviceSwitcher recorded 1 samples, mean = 1.0 (flags = 0x41)
0  O                                                                         (0 = 0.0%)
1  -O                                                                        (1 = 100.0%) {0.0%}
2  O                                                                         (0 = 0.0%) {100.0%}

Histogram: SegmentationPlatform.DefaultModelDelivery.SaveResult.PasswordManagerUser recorded 1 samples, mean = 1.0 (flags = 0x41)
0  O                                                                         (0 = 0.0%)
1  -O                                                                        (1 = 100.0%) {0.0%}
2  O                                                                         (0 = 0.0%) {100.0%}

Histogram: SegmentationPlatform.DefaultModelDelivery.SaveResult.ResumeHeavyUserSegment recorded 1 samples, mean = 1.0 (flags = 0x41)
0  O                                                                         (0 = 0.0%)
1  -O                                                                        (1 = 100.0%) {0.0%}
2  O                                                                         (0 = 0.0%) {100.0%}

Histogram: SegmentationPlatform.DefaultModelDelivery.SaveResult.SearchUser recorded 1 samples, mean = 1.0 (flags = 0x41)
0  O                                                                         (0 = 0.0%)
1  -O                                                                        (1 = 100.0%) {0.0%}
2  O                                                                         (0 = 0.0%) {100.0%}

Histogram: SegmentationPlatform.DefaultModelDelivery.SaveResult.ShoppingUser recorded 1 samples, mean = 1.0 (flags = 0x41)
0  O                                                                         (0 = 0.0%)
1  -O                                                                        (1 = 100.0%) {0.0%}
2  O                                                                         (0 = 0.0%) {100.0%}

Histogram: SegmentationPlatform.DefaultModelDelivery.SaveResult.UrlVisitResumptionRanker recorded 1 samples, mean = 1.0 (flags = 0x41)
0  O                                                                         (0 = 0.0%)
1  -O                                                                        (1 = 100.0%) {0.0%}
2  O                                                                         (0 = 0.0%) {100.0%}

Histogram: SegmentationPlatform.DefaultModelDelivery.SegmentIdMatches.ChromeLowUserEngagement recorded 1 samples, mean = 1.0 (flags = 0x41)
0  O                                                                         (0 = 0.0%)
1  -O                                                                        (1 = 100.0%) {0.0%}
2  O                                                                         (0 = 0.0%) {100.0%}

Histogram: SegmentationPlatform.DefaultModelDelivery.SegmentIdMatches.ComposePromotion recorded 1 samples, mean = 1.0 (flags = 0x41)
0  O                                                                         (0 = 0.0%)
1  -O                                                                        (1 = 100.0%) {0.0%}
2  O                                                                         (0 = 0.0%) {100.0%}

Histogram: SegmentationPlatform.DefaultModelDelivery.SegmentIdMatches.CrossDeviceUserSegment recorded 1 samples, mean = 1.0 (flags = 0x41)
0  O                                                                         (0 = 0.0%)
1  -O                                                                        (1 = 100.0%) {0.0%}
2  O                                                                         (0 = 0.0%) {100.0%}

Histogram: SegmentationPlatform.DefaultModelDelivery.SegmentIdMatches.DatabaseApiClients recorded 1 samples, mean = 1.0 (flags = 0x41)
0  O                                                                         (0 = 0.0%)
1  -O                                                                        (1 = 100.0%) {0.0%}
2  O                                                                         (0 = 0.0%) {100.0%}

Histogram: SegmentationPlatform.DefaultModelDelivery.SegmentIdMatches.DeviceSwitcher recorded 1 samples, mean = 1.0 (flags = 0x41)
0  O                                                                         (0 = 0.0%)
1  -O                                                                        (1 = 100.0%) {0.0%}
2  O                                                                         (0 = 0.0%) {100.0%}

Histogram: SegmentationPlatform.DefaultModelDelivery.SegmentIdMatches.PasswordManagerUser recorded 1 samples, mean = 1.0 (flags = 0x41)
0  O                                                                         (0 = 0.0%)
1  -O                                                                        (1 = 100.0%) {0.0%}
2  O                                                                         (0 = 0.0%) {100.0%}

Histogram: SegmentationPlatform.DefaultModelDelivery.SegmentIdMatches.ResumeHeavyUserSegment recorded 1 samples, mean = 1.0 (flags = 0x41)
0  O                                                                         (0 = 0.0%)
1  -O                                                                        (1 = 100.0%) {0.0%}
2  O                                                                         (0 = 0.0%) {100.0%}

Histogram: SegmentationPlatform.DefaultModelDelivery.SegmentIdMatches.SearchUser recorded 1 samples, mean = 1.0 (flags = 0x41)
0  O                                                                         (0 = 0.0%)
1  -O                                                                        (1 = 100.0%) {0.0%}
2  O                                                                         (0 = 0.0%) {100.0%}

Histogram: SegmentationPlatform.DefaultModelDelivery.SegmentIdMatches.ShoppingUser recorded 1 samples, mean = 1.0 (flags = 0x41)
0  O                                                                         (0 = 0.0%)
1  -O                                                                        (1 = 100.0%) {0.0%}
2  O                                                                         (0 = 0.0%) {100.0%}

Histogram: SegmentationPlatform.DefaultModelDelivery.SegmentIdMatches.UrlVisitResumptionRanker recorded 1 samples, mean = 1.0 (flags = 0x41)
0  O                                                                         (0 = 0.0%)
1  -O                                                                        (1 = 100.0%) {0.0%}
2  O                                                                         (0 = 0.0%) {100.0%}

Histogram: SegmentationPlatform.DeviceSwitcher.PostProcessing.TopLabel.Computed recorded 1 samples (flags = 0x41)
7  -O                                                                        (1 = 100.0%)

Histogram: SegmentationPlatform.FeatureProcessing.Error.ChromeLowUserEngagement recorded 1 samples, mean = 7.0 (flags = 0x41)
0  ... 
7  -O                                                                        (1 = 100.0%) {0.0%}
8  O                                                                         (0 = 0.0%) {100.0%}

Histogram: SegmentationPlatform.FeatureProcessing.Error.CrossDeviceUserSegment recorded 1 samples, mean = 7.0 (flags = 0x41)
0  ... 
7  -O                                                                        (1 = 100.0%) {0.0%}
8  O                                                                         (0 = 0.0%) {100.0%}

Histogram: SegmentationPlatform.FeatureProcessing.Error.DeviceSwitcher recorded 1 samples, mean = 7.0 (flags = 0x41)
0  ... 
7  -O                                                                        (1 = 100.0%) {0.0%}
8  O                                                                         (0 = 0.0%) {100.0%}

Histogram: SegmentationPlatform.FeatureProcessing.Error.PasswordManagerUser recorded 1 samples, mean = 7.0 (flags = 0x41)
0  ... 
7  -O                                                                        (1 = 100.0%) {0.0%}
8  O                                                                         (0 = 0.0%) {100.0%}

Histogram: SegmentationPlatform.FeatureProcessing.Error.ResumeHeavyUserSegment recorded 1 samples, mean = 7.0 (flags = 0x41)
0  ... 
7  -O                                                                        (1 = 100.0%) {0.0%}
8  O                                                                         (0 = 0.0%) {100.0%}

Histogram: SegmentationPlatform.FeatureProcessing.Error.SearchUser recorded 1 samples, mean = 7.0 (flags = 0x41)
0  ... 
7  -O                                                                        (1 = 100.0%) {0.0%}
8  O                                                                         (0 = 0.0%) {100.0%}

Histogram: SegmentationPlatform.FeatureProcessing.Error.ShoppingUser recorded 1 samples, mean = 7.0 (flags = 0x41)
0  ... 
7  -O                                                                        (1 = 100.0%) {0.0%}
8  O                                                                         (0 = 0.0%) {100.0%}

Histogram: SegmentationPlatform.Init.CreationToInitializationLatency recorded 1 samples, mean = 74397.0 (flags = 0x41)
0      ... 
69059  -O                                                                        (1 = 100.0%) {0.0%}
87747  ... 

Histogram: SegmentationPlatform.Init.ModelUpdatedTimeDifferenceInDays.ChromeLowUserEngagement recorded 1 samples, mean = 96.0 (flags = 0x41)
0   ... 
95  -O                                                                        (1 = 100.0%) {0.0%}
107 ... 

Histogram: SegmentationPlatform.Init.ModelUpdatedTimeDifferenceInDays.ComposePromotion recorded 1 samples, mean = 96.0 (flags = 0x41)
0   ... 
95  -O                                                                        (1 = 100.0%) {0.0%}
107 ... 

Histogram: SegmentationPlatform.Init.ModelUpdatedTimeDifferenceInDays.CrossDeviceUserSegment recorded 1 samples, mean = 96.0 (flags = 0x41)
0   ... 
95  -O                                                                        (1 = 100.0%) {0.0%}
107 ... 

Histogram: SegmentationPlatform.Init.ModelUpdatedTimeDifferenceInDays.DatabaseApiClients recorded 1 samples, mean = 96.0 (flags = 0x41)
0   ... 
95  -O                                                                        (1 = 100.0%) {0.0%}
107 ... 

Histogram: SegmentationPlatform.Init.ModelUpdatedTimeDifferenceInDays.DeviceSwitcher recorded 1 samples, mean = 96.0 (flags = 0x41)
0   ... 
95  -O                                                                        (1 = 100.0%) {0.0%}
107 ... 

Histogram: SegmentationPlatform.Init.ModelUpdatedTimeDifferenceInDays.PasswordManagerUser recorded 1 samples, mean = 96.0 (flags = 0x41)
0   ... 
95  -O                                                                        (1 = 100.0%) {0.0%}
107 ... 

Histogram: SegmentationPlatform.Init.ModelUpdatedTimeDifferenceInDays.ResumeHeavyUserSegment recorded 1 samples, mean = 96.0 (flags = 0x41)
0   ... 
95  -O                                                                        (1 = 100.0%) {0.0%}
107 ... 

Histogram: SegmentationPlatform.Init.ModelUpdatedTimeDifferenceInDays.SearchUser recorded 1 samples, mean = 96.0 (flags = 0x41)
0   ... 
95  -O                                                                        (1 = 100.0%) {0.0%}
107 ... 

Histogram: SegmentationPlatform.Init.ModelUpdatedTimeDifferenceInDays.ShoppingUser recorded 1 samples, mean = 96.0 (flags = 0x41)
0   ... 
95  -O                                                                        (1 = 100.0%) {0.0%}
107 ... 

Histogram: SegmentationPlatform.Init.ModelUpdatedTimeDifferenceInDays.UrlVisitResumptionRanker recorded 1 samples, mean = 96.0 (flags = 0x41)
0   ... 
95  -O                                                                        (1 = 100.0%) {0.0%}
107 ... 

Histogram: SegmentationPlatform.Init.ProcessCreationToServiceCreationLatency recorded 1 samples, mean = 17923914.0 (flags = 0x41)
0       ... 
180000  -O                                                                        (1 = 100.0%) {0.0%}

Histogram: SegmentationPlatform.Maintenance.CleanupSignalSuccessCount recorded 1 samples, mean = 20.0 (flags = 0x41)
0   ... 
20  -O                                                                        (1 = 100.0%) {0.0%}
23  ... 

Histogram: SegmentationPlatform.Maintenance.CompactionResult.HistogramEnum recorded 14 samples, mean = 1.0 (flags = 0x41)
0  O                                                                         (0 = 0.0%)
1  --------------O                                                           (14 = 100.0%) {0.0%}
2  O                                                                         (0 = 0.0%) {100.0%}

Histogram: SegmentationPlatform.Maintenance.CompactionResult.HistogramValue recorded 12 samples, mean = 1.0 (flags = 0x41)
0  O                                                                         (0 = 0.0%)
1  ------------O                                                             (12 = 100.0%) {0.0%}
2  O                                                                         (0 = 0.0%) {100.0%}

Histogram: SegmentationPlatform.Maintenance.CompactionResult.UserAction recorded 14 samples, mean = 1.0 (flags = 0x41)
0  O                                                                         (0 = 0.0%)
1  --------------O                                                           (14 = 100.0%) {0.0%}
2  O                                                                         (0 = 0.0%) {100.0%}

Histogram: SegmentationPlatform.Maintenance.SignalIdentifierCount recorded 1 samples, mean = 20.0 (flags = 0x41)
0   ... 
20  -O                                                                        (1 = 100.0%) {0.0%}
23  ... 

Histogram: SegmentationPlatform.ModelAvailability.ChromeLowUserEngagement recorded 1 samples, mean = 0.0 (flags = 0x41)
0  -O                                                                        (1 = 100.0%)
1  ... 

Histogram: SegmentationPlatform.ModelAvailability.ComposePromotion recorded 1 samples, mean = 0.0 (flags = 0x41)
0  -O                                                                        (1 = 100.0%)
1  ... 

Histogram: SegmentationPlatform.ModelAvailability.DeviceSwitcher recorded 1 samples, mean = 0.0 (flags = 0x41)
0  -O                                                                        (1 = 100.0%)
1  ... 

Histogram: SegmentationPlatform.ModelAvailability.SearchUser recorded 1 samples, mean = 0.0 (flags = 0x41)
0  -O                                                                        (1 = 100.0%)
1  ... 

Histogram: SegmentationPlatform.ModelAvailability.ShoppingUser recorded 1 samples, mean = 0.0 (flags = 0x41)
0  -O                                                                        (1 = 100.0%)
1  ... 

Histogram: SegmentationPlatform.ModelAvailability.UrlVisitResumptionRanker recorded 1 samples, mean = 0.0 (flags = 0x41)
0  -O                                                                        (1 = 100.0%)
1  ... 

Histogram: SegmentationPlatform.ModelAvailability.WebAppInstallationPromo recorded 1 samples, mean = 0.0 (flags = 0x41)
0  -O                                                                        (1 = 100.0%)
1  ... 

Histogram: SegmentationPlatform.ModelExecution.DefaultProvider.Status.ChromeLowUserEngagement recorded 1 samples, mean = 0.0 (flags = 0x41)
0  -O                                                                        (1 = 100.0%)
1  ... 

Histogram: SegmentationPlatform.ModelExecution.DefaultProvider.Status.CrossDeviceUserSegment recorded 1 samples, mean = 0.0 (flags = 0x41)
0  -O                                                                        (1 = 100.0%)
1  ... 

Histogram: SegmentationPlatform.ModelExecution.DefaultProvider.Status.DeviceSwitcher recorded 1 samples, mean = 0.0 (flags = 0x41)
0  -O                                                                        (1 = 100.0%)
1  ... 

Histogram: SegmentationPlatform.ModelExecution.DefaultProvider.Status.PasswordManagerUser recorded 1 samples, mean = 0.0 (flags = 0x41)
0  -O                                                                        (1 = 100.0%)
1  ... 

Histogram: SegmentationPlatform.ModelExecution.DefaultProvider.Status.ResumeHeavyUserSegment recorded 1 samples, mean = 0.0 (flags = 0x41)
0  -O                                                                        (1 = 100.0%)
1  ... 

Histogram: SegmentationPlatform.ModelExecution.DefaultProvider.Status.SearchUser recorded 1 samples, mean = 0.0 (flags = 0x41)
0  -O                                                                        (1 = 100.0%)
1  ... 

Histogram: SegmentationPlatform.ModelExecution.DefaultProvider.Status.ShoppingUser recorded 1 samples, mean = 0.0 (flags = 0x41)
0  -O                                                                        (1 = 100.0%)
1  ... 

Histogram: SegmentationPlatform.ModelExecution.Duration.FeatureProcessing.ChromeLowUserEngagement recorded 1 samples, mean = 0.0 (flags = 0x41)
0  -O                                                                        (1 = 100.0%)
1  ... 

Histogram: SegmentationPlatform.ModelExecution.Duration.FeatureProcessing.CrossDeviceUserSegment recorded 4 samples, mean = 0.0 (flags = 0x41)
0  ----O                                                                     (4 = 100.0%)
1  ... 

Histogram: SegmentationPlatform.ModelExecution.Duration.FeatureProcessing.PasswordManagerUser recorded 7 samples, mean = 0.0 (flags = 0x41)
0  -------O                                                                  (7 = 100.0%)
1  ... 

Histogram: SegmentationPlatform.ModelExecution.Duration.FeatureProcessing.ResumeHeavyUserSegment recorded 5 samples, mean = 0.0 (flags = 0x41)
0  -----O                                                                    (5 = 100.0%)
1  ... 

Histogram: SegmentationPlatform.ModelExecution.Duration.FeatureProcessing.SearchUser recorded 1 samples, mean = 0.0 (flags = 0x41)
0  -O                                                                        (1 = 100.0%)
1  ... 

Histogram: SegmentationPlatform.ModelExecution.Duration.FeatureProcessing.ShoppingUser recorded 2 samples, mean = 0.0 (flags = 0x41)
0  --O                                                                       (2 = 100.0%)
1  ... 

Histogram: SegmentationPlatform.ModelExecution.Duration.Model.ChromeLowUserEngagement.Success recorded 1 samples, mean = 0.0 (flags = 0x41)
0  -O                                                                        (1 = 100.0%)
1  ... 

Histogram: SegmentationPlatform.ModelExecution.Duration.Model.CrossDeviceUserSegment.Success recorded 1 samples, mean = 0.0 (flags = 0x41)
0  -O                                                                        (1 = 100.0%)
1  ... 

Histogram: SegmentationPlatform.ModelExecution.Duration.Model.DeviceSwitcher.Success recorded 1 samples, mean = 0.0 (flags = 0x41)
0  -O                                                                        (1 = 100.0%)
1  ... 

Histogram: SegmentationPlatform.ModelExecution.Duration.Model.PasswordManagerUser.Success recorded 1 samples, mean = 0.0 (flags = 0x41)
0  -O                                                                        (1 = 100.0%)
1  ... 

Histogram: SegmentationPlatform.ModelExecution.Duration.Model.ResumeHeavyUserSegment.Success recorded 1 samples, mean = 0.0 (flags = 0x41)
0  -O                                                                        (1 = 100.0%)
1  ... 

Histogram: SegmentationPlatform.ModelExecution.Duration.Model.SearchUser.Success recorded 1 samples, mean = 0.0 (flags = 0x41)
0  -O                                                                        (1 = 100.0%)
1  ... 

Histogram: SegmentationPlatform.ModelExecution.Duration.Model.ShoppingUser.Success recorded 1 samples, mean = 324.0 (flags = 0x41)
0    ... 
318  -O                                                                        (1 = 100.0%) {0.0%}
378  ... 

Histogram: SegmentationPlatform.ModelExecution.Duration.Total.ChromeLowUserEngagement.Success recorded 1 samples, mean = 2378.0 (flags = 0x41)
0     ... 
2117  -O                                                                        (1 = 100.0%) {0.0%}
2516  ... 

Histogram: SegmentationPlatform.ModelExecution.Duration.Total.CrossDeviceUserSegment.Success recorded 1 samples, mean = 3023.0 (flags = 0x41)
0     ... 
2990  -O                                                                        (1 = 100.0%) {0.0%}
3553  ... 

Histogram: SegmentationPlatform.ModelExecution.Duration.Total.DeviceSwitcher.Success recorded 1 samples, mean = 60104.0 (flags = 0x41)
0      ... 
10000  -O                                                                        (1 = 100.0%) {0.0%}

Histogram: SegmentationPlatform.ModelExecution.Duration.Total.PasswordManagerUser.Success recorded 1 samples, mean = 3023.0 (flags = 0x41)
0     ... 
2990  -O                                                                        (1 = 100.0%) {0.0%}
3553  ... 

Histogram: SegmentationPlatform.ModelExecution.Duration.Total.ResumeHeavyUserSegment.Success recorded 1 samples, mean = 3023.0 (flags = 0x41)
0     ... 
2990  -O                                                                        (1 = 100.0%) {0.0%}
3553  ... 

Histogram: SegmentationPlatform.ModelExecution.Duration.Total.SearchUser.Success recorded 1 samples, mean = 3023.0 (flags = 0x41)
0     ... 
2990  -O                                                                        (1 = 100.0%) {0.0%}
3553  ... 

Histogram: SegmentationPlatform.ModelExecution.Duration.Total.ShoppingUser.Success recorded 1 samples, mean = 2689.0 (flags = 0x41)
0     ... 
2516  -O                                                                        (1 = 100.0%) {0.0%}
2990  ... 

Histogram: SegmentationPlatform.ModelExecution.Result.0.ChromeLowUserEngagement recorded 1 samples, mean = 100.0 (flags = 0x41)
0    ... 
100  -O                                                                        (1 = 100.0%) {0.0%}
101  O                                                                         (0 = 0.0%) {100.0%}

Histogram: SegmentationPlatform.ModelExecution.Result.0.CrossDeviceUserSegment recorded 1 samples, mean = 1.0 (flags = 0x41)
0  O                                                                         (0 = 0.0%)
1  -O                                                                        (1 = 100.0%) {0.0%}
2  ... 

Histogram: SegmentationPlatform.ModelExecution.Result.0.DeviceSwitcher recorded 1 samples, mean = 0.0 (flags = 0x41)
0  -O                                                                        (1 = 100.0%)
1  ... 

Histogram: SegmentationPlatform.ModelExecution.Result.0.PasswordManagerUser recorded 1 samples, mean = 0.0 (flags = 0x41)
0  -O                                                                        (1 = 100.0%)
1  ... 

Histogram: SegmentationPlatform.ModelExecution.Result.0.ResumeHeavyUserSegment recorded 1 samples, mean = 0.0 (flags = 0x41)
0  -O                                                                        (1 = 100.0%)
1  ... 

Histogram: SegmentationPlatform.ModelExecution.Result.0.SearchUser recorded 1 samples, mean = 0.0 (flags = 0x41)
0  -O                                                                        (1 = 100.0%)
1  ... 

Histogram: SegmentationPlatform.ModelExecution.Result.0.ShoppingUser recorded 1 samples, mean = 0.0 (flags = 0x41)
0  -O                                                                        (1 = 100.0%)
1  ... 

Histogram: SegmentationPlatform.ModelExecution.Result.1.DeviceSwitcher recorded 1 samples, mean = 0.0 (flags = 0x41)
0  -O                                                                        (1 = 100.0%)
1  ... 

Histogram: SegmentationPlatform.ModelExecution.Result.2.DeviceSwitcher recorded 1 samples, mean = 0.0 (flags = 0x41)
0  -O                                                                        (1 = 100.0%)
1  ... 

Histogram: SegmentationPlatform.ModelExecution.Result.3.DeviceSwitcher recorded 1 samples, mean = 0.0 (flags = 0x41)
0  -O                                                                        (1 = 100.0%)
1  ... 

Histogram: SegmentationPlatform.ModelExecution.Result.4.DeviceSwitcher recorded 1 samples, mean = 0.0 (flags = 0x41)
0  -O                                                                        (1 = 100.0%)
1  ... 

Histogram: SegmentationPlatform.ModelExecution.Result.5.DeviceSwitcher recorded 1 samples, mean = 0.0 (flags = 0x41)
0  -O                                                                        (1 = 100.0%)
1  ... 

Histogram: SegmentationPlatform.ModelExecution.Result.6.DeviceSwitcher recorded 1 samples, mean = 0.0 (flags = 0x41)
0  -O                                                                        (1 = 100.0%)
1  ... 

Histogram: SegmentationPlatform.ModelExecution.Result.7.DeviceSwitcher recorded 1 samples, mean = 100.0 (flags = 0x41)
0    ... 
100  -O                                                                        (1 = 100.0%) {0.0%}
101  O                                                                         (0 = 0.0%) {100.0%}

Histogram: SegmentationPlatform.ModelExecution.SaveResult.ChromeLowUserEngagement recorded 1 samples, mean = 1.0 (flags = 0x41)
0  O                                                                         (0 = 0.0%)
1  -O                                                                        (1 = 100.0%) {0.0%}
2  O                                                                         (0 = 0.0%) {100.0%}

Histogram: SegmentationPlatform.ModelExecution.SaveResult.CrossDeviceUserSegment recorded 1 samples, mean = 1.0 (flags = 0x41)
0  O                                                                         (0 = 0.0%)
1  -O                                                                        (1 = 100.0%) {0.0%}
2  O                                                                         (0 = 0.0%) {100.0%}

Histogram: SegmentationPlatform.ModelExecution.SaveResult.PasswordManagerUser recorded 1 samples, mean = 1.0 (flags = 0x41)
0  O                                                                         (0 = 0.0%)
1  -O                                                                        (1 = 100.0%) {0.0%}
2  O                                                                         (0 = 0.0%) {100.0%}

Histogram: SegmentationPlatform.ModelExecution.SaveResult.ResumeHeavyUserSegment recorded 1 samples, mean = 1.0 (flags = 0x41)
0  O                                                                         (0 = 0.0%)
1  -O                                                                        (1 = 100.0%) {0.0%}
2  O                                                                         (0 = 0.0%) {100.0%}

Histogram: SegmentationPlatform.ModelExecution.SaveResult.SearchUser recorded 1 samples, mean = 1.0 (flags = 0x41)
0  O                                                                         (0 = 0.0%)
1  -O                                                                        (1 = 100.0%) {0.0%}
2  O                                                                         (0 = 0.0%) {100.0%}

Histogram: SegmentationPlatform.ModelExecution.SaveResult.ShoppingUser recorded 1 samples, mean = 1.0 (flags = 0x41)
0  O                                                                         (0 = 0.0%)
1  -O                                                                        (1 = 100.0%) {0.0%}
2  O                                                                         (0 = 0.0%) {100.0%}

Histogram: SegmentationPlatform.ModelExecution.ZeroValuePercent.ChromeLowUserEngagement recorded 1 samples, mean = 100.0 (flags = 0x41)
0    ... 
100  -O                                                                        (1 = 100.0%) {0.0%}
101  O                                                                         (0 = 0.0%) {100.0%}

Histogram: SegmentationPlatform.ModelExecution.ZeroValuePercent.CrossDeviceUserSegment recorded 1 samples, mean = 100.0 (flags = 0x41)
0    ... 
100  -O                                                                        (1 = 100.0%) {0.0%}
101  O                                                                         (0 = 0.0%) {100.0%}

Histogram: SegmentationPlatform.ModelExecution.ZeroValuePercent.DeviceSwitcher recorded 1 samples, mean = 90.0 (flags = 0x41)
0   ... 
90  -O                                                                        (1 = 100.0%) {0.0%}
91  ... 

Histogram: SegmentationPlatform.ModelExecution.ZeroValuePercent.PasswordManagerUser recorded 1 samples, mean = 100.0 (flags = 0x41)
0    ... 
100  -O                                                                        (1 = 100.0%) {0.0%}
101  O                                                                         (0 = 0.0%) {100.0%}

Histogram: SegmentationPlatform.ModelExecution.ZeroValuePercent.ResumeHeavyUserSegment recorded 1 samples, mean = 100.0 (flags = 0x41)
0    ... 
100  -O                                                                        (1 = 100.0%) {0.0%}
101  O                                                                         (0 = 0.0%) {100.0%}

Histogram: SegmentationPlatform.ModelExecution.ZeroValuePercent.SearchUser recorded 1 samples, mean = 100.0 (flags = 0x41)
0    ... 
100  -O                                                                        (1 = 100.0%) {0.0%}
101  O                                                                         (0 = 0.0%) {100.0%}

Histogram: SegmentationPlatform.ModelExecution.ZeroValuePercent.ShoppingUser recorded 1 samples, mean = 100.0 (flags = 0x41)
0    ... 
100  -O                                                                        (1 = 100.0%) {0.0%}
101  O                                                                         (0 = 0.0%) {100.0%}

Histogram: SegmentationPlatform.PasswordManagerUser.PostProcessing.TopLabel.Computed recorded 1 samples (flags = 0x41)
0  -O                                                                        (1 = 100.0%)

Histogram: SegmentationPlatform.ResumeHeavyUser.PostProcessing.TopLabel.Computed recorded 1 samples (flags = 0x41)
0  -O                                                                        (1 = 100.0%)

Histogram: SegmentationPlatform.SearchUser.PostProcessing.TopLabel.Computed recorded 1 samples (flags = 0x41)
-1 -O                                                                        (1 = 100.0%)

Histogram: SegmentationPlatform.SegmentInfoDatabase.ProtoDBUpdateResult.ChromeLowUserEngagement recorded 2 samples, mean = 1.0 (flags = 0x41)
0  O                                                                         (0 = 0.0%)
1  --O                                                                       (2 = 100.0%) {0.0%}
2  O                                                                         (0 = 0.0%) {100.0%}

Histogram: SegmentationPlatform.SegmentInfoDatabase.ProtoDBUpdateResult.ComposePromotion recorded 1 samples, mean = 1.0 (flags = 0x41)
0  O                                                                         (0 = 0.0%)
1  -O                                                                        (1 = 100.0%) {0.0%}
2  O                                                                         (0 = 0.0%) {100.0%}

Histogram: SegmentationPlatform.SegmentInfoDatabase.ProtoDBUpdateResult.CrossDeviceUserSegment recorded 2 samples, mean = 1.0 (flags = 0x41)
0  O                                                                         (0 = 0.0%)
1  --O                                                                       (2 = 100.0%) {0.0%}
2  O                                                                         (0 = 0.0%) {100.0%}

Histogram: SegmentationPlatform.SegmentInfoDatabase.ProtoDBUpdateResult.DatabaseApiClients recorded 1 samples, mean = 1.0 (flags = 0x41)
0  O                                                                         (0 = 0.0%)
1  -O                                                                        (1 = 100.0%) {0.0%}
2  O                                                                         (0 = 0.0%) {100.0%}

Histogram: SegmentationPlatform.SegmentInfoDatabase.ProtoDBUpdateResult.DeviceSwitcher recorded 1 samples, mean = 1.0 (flags = 0x41)
0  O                                                                         (0 = 0.0%)
1  -O                                                                        (1 = 100.0%) {0.0%}
2  O                                                                         (0 = 0.0%) {100.0%}

Histogram: SegmentationPlatform.SegmentInfoDatabase.ProtoDBUpdateResult.PasswordManagerUser recorded 2 samples, mean = 1.0 (flags = 0x41)
0  O                                                                         (0 = 0.0%)
1  --O                                                                       (2 = 100.0%) {0.0%}
2  O                                                                         (0 = 0.0%) {100.0%}

Histogram: SegmentationPlatform.SegmentInfoDatabase.ProtoDBUpdateResult.ResumeHeavyUserSegment recorded 2 samples, mean = 1.0 (flags = 0x41)
0  O                                                                         (0 = 0.0%)
1  --O                                                                       (2 = 100.0%) {0.0%}
2  O                                                                         (0 = 0.0%) {100.0%}

Histogram: SegmentationPlatform.SegmentInfoDatabase.ProtoDBUpdateResult.SearchUser recorded 2 samples, mean = 1.0 (flags = 0x41)
0  O                                                                         (0 = 0.0%)
1  --O                                                                       (2 = 100.0%) {0.0%}
2  O                                                                         (0 = 0.0%) {100.0%}

Histogram: SegmentationPlatform.SegmentInfoDatabase.ProtoDBUpdateResult.ShoppingUser recorded 2 samples, mean = 1.0 (flags = 0x41)
0  O                                                                         (0 = 0.0%)
1  --O                                                                       (2 = 100.0%) {0.0%}
2  O                                                                         (0 = 0.0%) {100.0%}

Histogram: SegmentationPlatform.SegmentInfoDatabase.ProtoDBUpdateResult.UrlVisitResumptionRanker recorded 1 samples, mean = 1.0 (flags = 0x41)
0  O                                                                         (0 = 0.0%)
1  -O                                                                        (1 = 100.0%) {0.0%}
2  O                                                                         (0 = 0.0%) {100.0%}

Histogram: SegmentationPlatform.SegmentInfoDatabase.ProtoDBUpdateResult.WebAppInstallationPromo recorded 1 samples, mean = 1.0 (flags = 0x41)
0  O                                                                         (0 = 0.0%)
1  -O                                                                        (1 = 100.0%) {0.0%}
2  O                                                                         (0 = 0.0%) {100.0%}

Histogram: SegmentationPlatform.SelectionFailedReason.ChromeLowUserEngagement recorded 3 samples, mean = 18.3 (flags = 0x41)
0   ... 
16  -O                                                                        (1 = 33.3%) {0.0%}
17  O                                                                         (0 = 0.0%) {33.3%}
18  -O                                                                        (1 = 33.3%) {33.3%}
19  ... 
21  -O                                                                        (1 = 33.3%) {66.7%}
22  ... 

Histogram: SegmentationPlatform.SelectionFailedReason.ComposePromotion recorded 1 samples, mean = 17.0 (flags = 0x41)
0   ... 
17  -O                                                                        (1 = 100.0%) {0.0%}
18  ... 

Histogram: SegmentationPlatform.SelectionFailedReason.CrossDeviceUser recorded 3 samples, mean = 18.3 (flags = 0x41)
0   ... 
16  -O                                                                        (1 = 33.3%) {0.0%}
17  O                                                                         (0 = 0.0%) {33.3%}
18  -O                                                                        (1 = 33.3%) {33.3%}
19  ... 
21  -O                                                                        (1 = 33.3%) {66.7%}
22  ... 

Histogram: SegmentationPlatform.SelectionFailedReason.DatabaseApiClients recorded 1 samples, mean = 17.0 (flags = 0x41)
0   ... 
17  -O                                                                        (1 = 100.0%) {0.0%}
18  ... 

Histogram: SegmentationPlatform.SelectionFailedReason.DeviceSwitcher recorded 2 samples, mean = 19.0 (flags = 0x41)
0   ... 
17  -O                                                                        (1 = 50.0%) {0.0%}
18  ... 
21  -O                                                                        (1 = 50.0%) {50.0%}
22  ... 

Histogram: SegmentationPlatform.SelectionFailedReason.PasswordManagerUser recorded 3 samples, mean = 18.3 (flags = 0x41)
0   ... 
16  -O                                                                        (1 = 33.3%) {0.0%}
17  O                                                                         (0 = 0.0%) {33.3%}
18  -O                                                                        (1 = 33.3%) {33.3%}
19  ... 
21  -O                                                                        (1 = 33.3%) {66.7%}
22  ... 

Histogram: SegmentationPlatform.SelectionFailedReason.ResumeHeavyUser recorded 3 samples, mean = 18.3 (flags = 0x41)
0   ... 
16  -O                                                                        (1 = 33.3%) {0.0%}
17  O                                                                         (0 = 0.0%) {33.3%}
18  -O                                                                        (1 = 33.3%) {33.3%}
19  ... 
21  -O                                                                        (1 = 33.3%) {66.7%}
22  ... 

Histogram: SegmentationPlatform.SelectionFailedReason.SearchUser recorded 3 samples, mean = 18.3 (flags = 0x41)
0   ... 
16  -O                                                                        (1 = 33.3%) {0.0%}
17  O                                                                         (0 = 0.0%) {33.3%}
18  -O                                                                        (1 = 33.3%) {33.3%}
19  ... 
21  -O                                                                        (1 = 33.3%) {66.7%}
22  ... 

Histogram: SegmentationPlatform.SelectionFailedReason.ShoppingUser recorded 3 samples, mean = 18.7 (flags = 0x41)
0   ... 
16  -O                                                                        (1 = 33.3%) {0.0%}
17  ... 
19  -O                                                                        (1 = 33.3%) {33.3%}
20  O                                                                         (0 = 0.0%) {66.7%}
21  -O                                                                        (1 = 33.3%) {66.7%}
22  ... 

Histogram: SegmentationPlatform.SelectionFailedReason.URLVisitResumptionRanker recorded 1 samples, mean = 17.0 (flags = 0x41)
0   ... 
17  -O                                                                        (1 = 100.0%) {0.0%}
18  ... 

Histogram: SegmentationPlatform.SelectionFailedReason.WebAppInstallationPromo recorded 1 samples, mean = 17.0 (flags = 0x41)
0   ... 
17  -O                                                                        (1 = 100.0%) {0.0%}
18  ... 

Histogram: SegmentationPlatform.ShoppingUser.PostProcessing.TopLabel.Computed recorded 1 samples (flags = 0x41)
0  -O                                                                        (1 = 100.0%)

Histogram: SegmentationPlatform.SignalDatabase.GetSamples.DatabaseEntryCount recorded 20 samples, mean = 0.8 (flags = 0x41)
0   -------------------O                                                      (19 = 95.0%)
1   ... 
16  -O                                                                        (1 = 5.0%) {95.0%}
18  ... 

Histogram: SegmentationPlatform.SignalDatabase.GetSamples.Result recorded 20 samples, mean = 1.0 (flags = 0x41)
0  O                                                                         (0 = 0.0%)
1  --------------------O                                                     (20 = 100.0%) {0.0%}
2  O                                                                         (0 = 0.0%) {100.0%}

Histogram: SegmentationPlatform.SignalDatabase.GetSamples.SampleCount recorded 20 samples, mean = 0.8 (flags = 0x41)
0   -------------------O                                                      (19 = 95.0%)
1   ... 
14  -O                                                                        (1 = 5.0%) {95.0%}
17  ... 

Histogram: SegmentationPlatform.Signals.ListeningCount.HistogramEnum recorded 1 samples, mean = 7.0 (flags = 0x41)
0  ... 
7  -O                                                                        (1 = 100.0%) {0.0%}
8  ... 

Histogram: SegmentationPlatform.Signals.ListeningCount.HistogramValue recorded 1 samples, mean = 6.0 (flags = 0x41)
0  ... 
6  -O                                                                        (1 = 100.0%) {0.0%}
7  ... 

Histogram: SegmentationPlatform.Signals.ListeningCount.UserAction recorded 1 samples, mean = 7.0 (flags = 0x41)
0  ... 
7  -O                                                                        (1 = 100.0%) {0.0%}
8  ... 

Histogram: SegmentationPlatform.SyncSessions.TabsCountAtStartup recorded 1 samples, mean = 0.0 (flags = 0x41)
0  -O                                                                        (1 = 100.0%)
1  ... 

Histogram: SegmentationPlatform.UkmDatabase.InitTime recorded 1 samples, mean = 259.0 (flags = 0x41)
0    ... 
226  -O                                                                        (1 = 100.0%) {0.0%}
268  ... 

Histogram: ServiceWorker.FindRegistrationForClientUrl.IsCalledForNavigation recorded 4 samples, mean = 0.2 (flags = 0x41)
0  ---O                                                                      (3 = 75.0%)
1  -O                                                                        (1 = 25.0%) {75.0%}
2  O                                                                         (0 = 0.0%) {100.0%}

Histogram: ServiceWorker.FindRegistrationForClientUrl.SkippedMojoCall.OnNavigation recorded 1 samples, mean = 0.0 (flags = 0x41)
0  -O                                                                        (1 = 100.0%)
1  ... 

Histogram: ServiceWorker.OnBrowserStartup.SkipServiceWorkerOnFirstNavigation recorded 1 samples, mean = 0.0 (flags = 0x41)
0  -O                                                                        (1 = 100.0%)
1  ... 

Histogram: ServiceWorker.RegisteredStorageKeyCount recorded 1 samples, mean = 0.0 (flags = 0x41)
0  -O                                                                        (1 = 100.0%)
1  ... 

Histogram: ServiceWorker.Storage.ReadInitialDataFromDB.Time recorded 1 samples, mean = 0.0 (flags = 0x41)
0  -O                                                                        (1 = 100.0%)
1  ... 

Histogram: ServiceWorker.Storage.RegisteredStorageKeyCacheInitialization.Time recorded 1 samples, mean = 45462.0 (flags = 0x41)
0      ... 
42775  -O                                                                        (1 = 100.0%) {0.0%}
54351  ... 

Histogram: SessionRestore.UnrecoverableWriteErrorCount recorded 1 samples, mean = 0.0 (flags = 0x41)
0  -O                                                                        (1 = 100.0%)
1  ... 

Histogram: SessionStorageContext.CommitResult recorded 2 samples, mean = 0.0 (flags = 0x41)
0  --O                                                                       (2 = 100.0%)
1  ... 

Histogram: Settings.AdvancedSpellcheck.OnStartup2 recorded 1 samples, mean = 0.0 (flags = 0x41)
0  -O                                                                        (1 = 100.0%)
1  ... 

Histogram: Settings.AutocompleteSearches.OnStartup2 recorded 1 samples, mean = 1.0 (flags = 0x41)
0  O                                                                         (0 = 0.0%)
1  -O                                                                        (1 = 100.0%) {0.0%}
2  O                                                                         (0 = 0.0%) {100.0%}

Histogram: Settings.FingerprintingProtection.Enabled recorded 1 samples, mean = 0.0 (flags = 0x41)
0  -O                                                                        (1 = 100.0%)
1  ... 

Histogram: Settings.FirstPartySets.State recorded 1 samples, mean = 0.0 (flags = 0x41)
0  -O                                                                        (1 = 100.0%)
1  ... 

Histogram: Settings.IpProtection.Enabled recorded 1 samples, mean = 0.0 (flags = 0x41)
0  -O                                                                        (1 = 100.0%)
1  ... 

Histogram: Settings.PreloadStatus.OnStartup3 recorded 1 samples, mean = 1.0 (flags = 0x41)
0  O                                                                         (0 = 0.0%)
1  -O                                                                        (1 = 100.0%) {0.0%}
2  ... 

Histogram: Settings.PrivacySandbox.AdMeasurement.Enabled recorded 1 samples, mean = 0.0 (flags = 0x41)
0  -O                                                                        (1 = 100.0%)
1  ... 

Histogram: Settings.PrivacySandbox.Fledge.Enabled recorded 1 samples, mean = 0.0 (flags = 0x41)
0  -O                                                                        (1 = 100.0%)
1  ... 

Histogram: Settings.PrivacySandbox.Topics.Enabled recorded 1 samples, mean = 0.0 (flags = 0x41)
0  -O                                                                        (1 = 100.0%)
1  ... 

Histogram: Settings.ShowHomeButton2 recorded 1 samples, mean = 0.0 (flags = 0x41)
0  -O                                                                        (1 = 100.0%)
1  ... 

Histogram: Settings.StartupPageLoadSettings2 recorded 1 samples, mean = 5.0 (flags = 0x41)
0  ... 
5  -O                                                                        (1 = 100.0%) {0.0%}
6  ... 

Histogram: Settings.TrackedPreferenceChanged.FromRegistry recorded 1 samples, mean = 5.0 (flags = 0x41)
0  ... 
5  -O                                                                        (1 = 100.0%) {0.0%}
6  ... 

Histogram: Settings.TrackedPreferenceUnchanged recorded 18 samples, mean = 14.5 (flags = 0x41)
0   -O                                                                        (1 = 5.6%)
1   -O                                                                        (1 = 5.6%) {5.6%}
2   -O                                                                        (1 = 5.6%) {11.1%}
3   -O                                                                        (1 = 5.6%) {16.7%}
4   -O                                                                        (1 = 5.6%) {22.2%}
5   -O                                                                        (1 = 5.6%) {27.8%}
6   -O                                                                        (1 = 5.6%) {33.3%}
7   -O                                                                        (1 = 5.6%) {38.9%}
8   ... 
11  -O                                                                        (1 = 5.6%) {44.4%}
12  ... 
14  -O                                                                        (1 = 5.6%) {50.0%}
15  -O                                                                        (1 = 5.6%) {55.6%}
16  ... 
18  -O                                                                        (1 = 5.6%) {61.1%}
19  ... 
23  -O                                                                        (1 = 5.6%) {66.7%}
24  -O                                                                        (1 = 5.6%) {72.2%}
25  ... 
29  -O                                                                        (1 = 5.6%) {77.8%}
30  ... 
32  -O                                                                        (1 = 5.6%) {83.3%}
33  -O                                                                        (1 = 5.6%) {88.9%}
34  -O                                                                        (1 = 5.6%) {94.4%}
35  O                                                                         (0 = 0.0%) {100.0%}

Histogram: Settings.TrackedPreferenceUnchanged.FromRegistry recorded 17 samples, mean = 15.1 (flags = 0x41)
0   -O                                                                        (1 = 5.9%)
1   -O                                                                        (1 = 5.9%) {5.9%}
2   -O                                                                        (1 = 5.9%) {11.8%}
3   -O                                                                        (1 = 5.9%) {17.6%}
4   -O                                                                        (1 = 5.9%) {23.5%}
5   O                                                                         (0 = 0.0%) {29.4%}
6   -O                                                                        (1 = 5.9%) {29.4%}
7   -O                                                                        (1 = 5.9%) {35.3%}
8   ... 
11  -O                                                                        (1 = 5.9%) {41.2%}
12  ... 
14  -O                                                                        (1 = 5.9%) {47.1%}
15  -O                                                                        (1 = 5.9%) {52.9%}
16  ... 
18  -O                                                                        (1 = 5.9%) {58.8%}
19  ... 
23  -O                                                                        (1 = 5.9%) {64.7%}
24  -O                                                                        (1 = 5.9%) {70.6%}
25  ... 
29  -O                                                                        (1 = 5.9%) {76.5%}
30  ... 
32  -O                                                                        (1 = 5.9%) {82.4%}
33  -O                                                                        (1 = 5.9%) {88.2%}
34  -O                                                                        (1 = 5.9%) {94.1%}
35  O                                                                         (0 = 0.0%) {100.0%}

Histogram: Settings.TrackingProtection.Enabled recorded 1 samples, mean = 0.0 (flags = 0x41)
0  -O                                                                        (1 = 100.0%)
1  ... 

Histogram: SharedDictionary.TimeInitializeDB recorded 2 samples, mean = 48.5 (flags = 0x41)
0   O                                                                         (0 = 0.0%)
1   -O                                                                        (1 = 50.0%) {0.0%}
2   ... 
95  -O                                                                        (1 = 50.0%) {50.0%}
118 ... 

Histogram: Signin.APIKeyMatchesFeatureOnStartup recorded 1 samples, mean = 0.0 (flags = 0x41)
0  -O                                                                        (1 = 100.0%)
1  ... 

Histogram: Signin.AccountTracker.CountOfLoadedAccounts recorded 1 samples, mean = 0.0 (flags = 0x41)
0  -O                                                                        (1 = 100.0%)
1  ... 

Histogram: Signin.ExplicitSigninMigration recorded 1 samples, mean = 0.0 (flags = 0x41)
0  -O                                                                        (1 = 100.0%)
1  ... 

Histogram: Signin.HadPreviousSyncAccount.SignedOutOnProfileLoad recorded 1 samples, mean = 0.0 (flags = 0x41)
0  -O                                                                        (1 = 100.0%)
1  ... 

Histogram: Signin.HadPreviousSyncAccount.SyncOffOnProfileLoad recorded 1 samples, mean = 0.0 (flags = 0x41)
0  -O                                                                        (1 = 100.0%)
1  ... 

Histogram: Signin.ListAccountsFailure recorded 1 samples, mean = 0.0 (flags = 0x41)
0  -O                                                                        (1 = 100.0%)
1  ... 

Histogram: Signin.ListAccountsRetry recorded 1 samples, mean = 3.0 (flags = 0x41)
0  ... 
3  -O                                                                        (1 = 100.0%) {0.0%}
4  ... 

Histogram: Signin.PAMInitialize.PrimaryAccountPrefs recorded 1 samples, mean = 2.0 (flags = 0x41)
0  ... 
2  -O                                                                        (1 = 100.0%) {0.0%}
3  ... 

Histogram: Signin.SigninAllowed recorded 1 samples, mean = 0.0 (flags = 0x41)
0  -O                                                                        (1 = 100.0%)
1  ... 

Histogram: Signin.TokenTable.GetAllTokensSqlStatementValidity recorded 1 samples, mean = 1.0 (flags = 0x41)
0  O                                                                         (0 = 0.0%)
1  -O                                                                        (1 = 100.0%) {0.0%}
2  O                                                                         (0 = 0.0%) {100.0%}

Histogram: SimpleCache.App.CacheSizeOnInit recorded 1 samples, mean = 0.0 (flags = 0x41)
0  -O                                                                        (1 = 100.0%)
1000... 

Histogram: SimpleCache.App.ConsistencyResult recorded 2 samples, mean = 0.0 (flags = 0x41)
0  --O                                                                       (2 = 100.0%)
1  ... 

Histogram: SimpleCache.App.CreationToIndex recorded 1 samples, mean = 112.0 (flags = 0x41)
0   ... 
96  -O                                                                        (1 = 100.0%) {0.0%}
114 ... 

Histogram: SimpleCache.App.IndexFileStateOnLoad recorded 1 samples, mean = 2.0 (flags = 0x41)
0  ... 
2  -O                                                                        (1 = 100.0%) {0.0%}
3  ... 

Histogram: SimpleCache.App.IndexInitializeMethod recorded 1 samples, mean = 1.0 (flags = 0x41)
0  O                                                                         (0 = 0.0%)
1  -O                                                                        (1 = 100.0%) {0.0%}
2  ... 

Histogram: SimpleCache.App.IndexNumEntriesOnInit recorded 1 samples, mean = 0.0 (flags = 0x41)
0  -O                                                                        (1 = 100.0%)
1  ... 

Histogram: SimpleCache.App.MaxCacheSizeOnInit recorded 1 samples, mean = 0.0 (flags = 0x41)
0  -O                                                                        (1 = 100.0%)
1000... 

Histogram: SimpleCache.Code.CacheSizeOnInit recorded 1 samples, mean = 11780.0 (flags = 0x41)
0      ... 
11702  -O                                                                        (1 = 100.0%) {0.0%}
13320  ... 

Histogram: SimpleCache.Code.ConsistencyResult recorded 1 samples, mean = 0.0 (flags = 0x41)
0  -O                                                                        (1 = 100.0%)
1  ... 

Histogram: SimpleCache.Code.CreationToIndex recorded 1 samples, mean = 142.0 (flags = 0x41)
0    ... 
135  -O                                                                        (1 = 100.0%) {0.0%}
160  ... 

Histogram: SimpleCache.Code.IndexFileStateOnLoad recorded 1 samples, mean = 2.0 (flags = 0x41)
0  ... 
2  -O                                                                        (1 = 100.0%) {0.0%}
3  ... 

Histogram: SimpleCache.Code.IndexInitializeMethod recorded 1 samples, mean = 1.0 (flags = 0x41)
0  O                                                                         (0 = 0.0%)
1  -O                                                                        (1 = 100.0%) {0.0%}
2  ... 

Histogram: SimpleCache.Code.IndexNumEntriesOnInit recorded 1 samples, mean = 270.0 (flags = 0x41)
0    ... 
233  -O                                                                        (1 = 100.0%) {0.0%}
292  ... 

Histogram: SimpleCache.Code.MaxCacheSizeOnInit recorded 1 samples, mean = 327680.0 (flags = 0x41)
0       ... 
297881  -O                                                                        (1 = 100.0%) {0.0%}
339058  ... 

Histogram: SiteIsolatedCodeCache.JS.PotentialMemoryBackedCodeCacheSize2 recorded 41 samples, mean = 0.0 (flags = 0x41)
0  -----------------------------------------O                                (41 = 100.0%)
1  ... 

Histogram: SiteIsolation.BrowsingInstance.MaxCountPerProcess recorded 2 samples, mean = 0.5 (flags = 0x41)
0  -O                                                                        (1 = 50.0%)
1  -O                                                                        (1 = 50.0%) {50.0%}
2  ... 

Histogram: SiteIsolation.ProcessPerSiteWithMainFrameThreshold.IsDevToolsUser recorded 1 samples, mean = 0.0 (flags = 0x41)
0  -O                                                                        (1 = 100.0%)
1  ... 

Histogram: Skia.SubmitRenderPasses recorded 8 samples, mean = 0.1 (flags = 0x41)
0  -------O                                                                  (7 = 87.5%)
1  -O                                                                        (1 = 12.5%) {87.5%}
2  ... 

Histogram: Sql.Statement.Affiliation.VMSteps recorded 15 samples, mean = 15.5 (flags = 0x41)
0   ... 
3   ----O                                                                     (4 = 26.7%) {0.0%}
4   O                                                                         (0 = 0.0%) {26.7%}
5   -O                                                                        (1 = 6.7%) {26.7%}
6   -O                                                                        (1 = 6.7%) {33.3%}
7   ... 
12  -----O                                                                    (5 = 33.3%) {40.0%}
14  ... 
20  -O                                                                        (1 = 6.7%) {73.3%}
24  O                                                                         (0 = 0.0%) {80.0%}
29  -O                                                                        (1 = 6.7%) {80.0%}
34  O                                                                         (0 = 0.0%) {86.7%}
40  -O                                                                        (1 = 6.7%) {86.7%}
48  -O                                                                        (1 = 6.7%) {93.3%}
57  ... 

Histogram: Sql.Statement.BrowsingTopics.VMSteps recorded 12 samples, mean = 8.0 (flags = 0x41)
0   ... 
3   ----O                                                                     (4 = 33.3%) {0.0%}
4   O                                                                         (0 = 0.0%) {33.3%}
5   -O                                                                        (1 = 8.3%) {33.3%}
6   ... 
8   --O                                                                       (2 = 16.7%) {41.7%}
10  O                                                                         (0 = 0.0%) {58.3%}
12  -----O                                                                    (5 = 41.7%) {58.3%}
14  ... 

Histogram: Sql.Statement.Cookie.VMSteps recorded 13 samples, mean = 18.8 (flags = 0x41)
0   ... 
3   --O                                                                       (2 = 15.4%) {0.0%}
4   O                                                                         (0 = 0.0%) {15.4%}
5   -O                                                                        (1 = 7.7%) {15.4%}
6   ... 
12  -----O                                                                    (5 = 38.5%) {23.1%}
14  ... 
20  -O                                                                        (1 = 7.7%) {61.5%}
24  -O                                                                        (1 = 7.7%) {69.2%}
29  O                                                                         (0 = 0.0%) {76.9%}
34  --O                                                                       (2 = 15.4%) {76.9%}
40  ... 
57  -O                                                                        (1 = 7.7%) {92.3%}
68  ... 

Histogram: Sql.Statement.DIPS.VMSteps recorded 41 samples, mean = 13.9 (flags = 0x41)
0   ... 
3   --O                                                                       (2 = 4.9%) {0.0%}
4   O                                                                         (0 = 0.0%) {4.9%}
5   -O                                                                        (1 = 2.4%) {4.9%}
6   ... 
8   --------O                                                                 (8 = 19.5%) {7.3%}
10  ---O                                                                      (3 = 7.3%) {26.8%}
12  ------------O                                                             (12 = 29.3%) {34.1%}
14  --O                                                                       (2 = 4.9%) {63.4%}
17  -----O                                                                    (5 = 12.2%) {68.3%}
20  -----O                                                                    (5 = 12.2%) {80.5%}
24  ---O                                                                      (3 = 7.3%) {92.7%}
29  ... 

Histogram: Sql.Statement.FirstPartySets.VMSteps recorded 34 samples, mean = 64.9 (flags = 0x41)
0     ... 
3     ----------O                                                               (10 = 29.4%) {0.0%}
4     O                                                                         (0 = 0.0%) {29.4%}
5     -O                                                                        (1 = 2.9%) {29.4%}
6     ... 
8     ---O                                                                      (3 = 8.8%) {32.4%}
10    -----O                                                                    (5 = 14.7%) {41.2%}
12    -----------O                                                              (11 = 32.4%) {55.9%}
14    ... 
20    -O                                                                        (1 = 2.9%) {88.2%}
24    --O                                                                       (2 = 5.9%) {91.2%}
29    ... 
1782  -O                                                                        (1 = 2.9%) {97.1%}
2117  ... 

Histogram: Sql.Statement.History.VMSteps recorded 370 samples, mean = 78.7 (flags = 0x41)
0     ... 
3     -----O                                                                    (6 = 1.6%) {0.0%}
4     O                                                                         (0 = 0.0%) {1.6%}
5     -O                                                                        (1 = 0.3%) {1.6%}
6     --O                                                                       (2 = 0.5%) {1.9%}
7     O                                                                         (0 = 0.0%) {2.4%}
8     ------------------------------------O                                     (47 = 12.7%) {2.4%}
10    -----------------------O                                                  (30 = 8.1%) {15.1%}
12    ---------------------------------------------------------------------O    (91 = 24.6%) {23.2%}
14    -----------O                                                              (15 = 4.1%) {47.8%}
17    -----------------------------------O                                      (46 = 12.4%) {51.9%}
20    ------------------------------------------------------------------------O (95 = 25.7%) {64.3%}
24    ------O                                                                   (8 = 2.2%) {90.0%}
29    --O                                                                       (3 = 0.8%) {92.2%}
34    --O                                                                       (2 = 0.5%) {93.0%}
40    --O                                                                       (2 = 0.5%) {93.5%}
48    -O                                                                        (1 = 0.3%) {94.1%}
57    -O                                                                        (1 = 0.3%) {94.3%}
68    --O                                                                       (3 = 0.8%) {94.6%}
81    -O                                                                        (1 = 0.3%) {95.4%}
96    -O                                                                        (1 = 0.3%) {95.7%}
114   O                                                                         (0 = 0.0%) {95.9%}
135   ----O                                                                     (5 = 1.4%) {95.9%}
160   -O                                                                        (1 = 0.3%) {97.3%}
190   ... 
318   -O                                                                        (1 = 0.3%) {97.6%}
378   ... 
752   --O                                                                       (2 = 0.5%) {97.8%}
894   -O                                                                        (1 = 0.3%) {98.4%}
1062  -O                                                                        (1 = 0.3%) {98.6%}
1262  ... 
3553  --O                                                                       (2 = 0.5%) {98.9%}
4222  -O                                                                        (1 = 0.3%) {99.5%}
5017  -O                                                                        (1 = 0.3%) {99.7%}
5961  ... 

Histogram: Sql.Statement.OptOutBlacklist.VMSteps recorded 4 samples, mean = 10.8 (flags = 0x41)
0   ... 
5   -O                                                                        (1 = 25.0%) {0.0%}
6   O                                                                         (0 = 0.0%) {25.0%}
7   -O                                                                        (1 = 25.0%) {25.0%}
8   O                                                                         (0 = 0.0%) {50.0%}
10  -O                                                                        (1 = 25.0%) {50.0%}
12  ... 
20  -O                                                                        (1 = 25.0%) {75.0%}
24  ... 

Histogram: Sql.Statement.Passwords.VMSteps recorded 53 samples, mean = 23.9 (flags = 0x41)
0   ... 
3   ----O                                                                     (4 = 7.5%) {0.0%}
4   O                                                                         (0 = 0.0%) {7.5%}
5   --O                                                                       (2 = 3.8%) {7.5%}
6   --------O                                                                 (8 = 15.1%) {11.3%}
7   ----O                                                                     (4 = 7.5%) {26.4%}
8   ---O                                                                      (3 = 5.7%) {34.0%}
10  O                                                                         (0 = 0.0%) {39.6%}
12  ------------O                                                             (12 = 22.6%) {39.6%}
14  --O                                                                       (2 = 3.8%) {62.3%}
17  O                                                                         (0 = 0.0%) {66.0%}
20  --O                                                                       (2 = 3.8%) {66.0%}
24  ... 
34  --O                                                                       (2 = 3.8%) {69.8%}
40  ----O                                                                     (4 = 7.5%) {73.6%}
48  O                                                                         (0 = 0.0%) {81.1%}
57  ----O                                                                     (4 = 7.5%) {81.1%}
68  ------O                                                                   (6 = 11.3%) {88.7%}
81  ... 

Histogram: Sql.Statement.Predictor.VMSteps recorded 12 samples, mean = 17.8 (flags = 0x41)
0   ... 
3   --O                                                                       (2 = 16.7%) {0.0%}
4   O                                                                         (0 = 0.0%) {16.7%}
5   -O                                                                        (1 = 8.3%) {16.7%}
6   ... 
8   -O                                                                        (1 = 8.3%) {25.0%}
10  --O                                                                       (2 = 16.7%) {33.3%}
12  -O                                                                        (1 = 8.3%) {50.0%}
14  -O                                                                        (1 = 8.3%) {58.3%}
17  ... 
24  -O                                                                        (1 = 8.3%) {66.7%}
29  -O                                                                        (1 = 8.3%) {75.0%}
34  O                                                                         (0 = 0.0%) {83.3%}
40  -O                                                                        (1 = 8.3%) {83.3%}
48  -O                                                                        (1 = 8.3%) {91.7%}
57  ... 

Histogram: Sql.Statement.ReportingAndNEL.VMSteps recorded 12 samples, mean = 13.8 (flags = 0x41)
0   ... 
3   --O                                                                       (2 = 16.7%) {0.0%}
4   O                                                                         (0 = 0.0%) {16.7%}
5   -O                                                                        (1 = 8.3%) {16.7%}
6   -O                                                                        (1 = 8.3%) {25.0%}
7   ... 
12  -----O                                                                    (5 = 41.7%) {33.3%}
14  ... 
20  -O                                                                        (1 = 8.3%) {75.0%}
24  O                                                                         (0 = 0.0%) {83.3%}
29  -O                                                                        (1 = 8.3%) {83.3%}
34  -O                                                                        (1 = 8.3%) {91.7%}
40  ... 

Histogram: Sql.Statement.SharedDictionary.VMSteps recorded 38 samples, mean = 8.9 (flags = 0x41)
0   ... 
3   ----------------O                                                         (16 = 42.1%) {0.0%}
4   O                                                                         (0 = 0.0%) {42.1%}
5   --O                                                                       (2 = 5.3%) {42.1%}
6   ... 
8   --O                                                                       (2 = 5.3%) {47.4%}
10  O                                                                         (0 = 0.0%) {52.6%}
12  ------------O                                                             (12 = 31.6%) {52.6%}
14  O                                                                         (0 = 0.0%) {84.2%}
17  ----O                                                                     (4 = 10.5%) {84.2%}
20  --O                                                                       (2 = 5.3%) {94.7%}
24  ... 

Histogram: Sql.Statement.SharedStorage.VMSteps recorded 3 samples, mean = 7.7 (flags = 0x41)
0   ... 
5   -O                                                                        (1 = 33.3%) {0.0%}
6   ... 
8   -O                                                                        (1 = 33.3%) {33.3%}
10  -O                                                                        (1 = 33.3%) {66.7%}
12  ... 

Histogram: Sql.Statement.Thumbnail.VMSteps recorded 17 samples, mean = 8.8 (flags = 0x41)
0   ... 
3   ------O                                                                   (6 = 35.3%) {0.0%}
4   O                                                                         (0 = 0.0%) {35.3%}
5   -O                                                                        (1 = 5.9%) {35.3%}
6   ... 
12  --------O                                                                 (8 = 47.1%) {41.2%}
14  --O                                                                       (2 = 11.8%) {88.2%}
17  ... 

Histogram: Sql.Statement.TopSites.VMSteps recorded 13 samples, mean = 13.5 (flags = 0x41)
0   ... 
3   --O                                                                       (2 = 15.4%) {0.0%}
4   O                                                                         (0 = 0.0%) {15.4%}
5   -O                                                                        (1 = 7.7%) {15.4%}
6   ... 
12  ---------O                                                                (9 = 69.2%) {23.1%}
14  ... 
48  -O                                                                        (1 = 7.7%) {92.3%}
57  ... 

Histogram: Sql.Statement.TrustTokens.VMSteps recorded 16 samples, mean = 14.1 (flags = 0x41)
0   ... 
3   --O                                                                       (2 = 12.5%) {0.0%}
4   O                                                                         (0 = 0.0%) {12.5%}
5   -O                                                                        (1 = 6.2%) {12.5%}
6   ---O                                                                      (3 = 18.8%) {18.8%}
7   ... 
10  -O                                                                        (1 = 6.2%) {37.5%}
12  -----O                                                                    (5 = 31.2%) {43.8%}
14  ... 
20  -O                                                                        (1 = 6.2%) {75.0%}
24  O                                                                         (0 = 0.0%) {81.2%}
29  -O                                                                        (1 = 6.2%) {81.2%}
34  --O                                                                       (2 = 12.5%) {87.5%}
40  ... 

Histogram: Sql.Statement.UKMMetrics.VMSteps recorded 32 samples, mean = 13.9 (flags = 0x41)
0   ... 
3   -------O                                                                  (7 = 21.9%) {0.0%}
4   O                                                                         (0 = 0.0%) {21.9%}
5   -O                                                                        (1 = 3.1%) {21.9%}
6   ... 
8   -------O                                                                  (7 = 21.9%) {25.0%}
10  ---O                                                                      (3 = 9.4%) {46.9%}
12  ----O                                                                     (4 = 12.5%) {56.2%}
14  ... 
20  -----O                                                                    (5 = 15.6%) {68.8%}
24  O                                                                         (0 = 0.0%) {84.4%}
29  --O                                                                       (2 = 6.2%) {84.4%}
34  -O                                                                        (1 = 3.1%) {90.6%}
40  --O                                                                       (2 = 6.2%) {93.8%}
48  ... 

Histogram: Sql.Statement.Web.VMSteps recorded 125 samples, mean = 52.3 (flags = 0x41)
0    ... 
3    ----------O                                                               (10 = 8.0%) {0.0%}
4    -O                                                                        (1 = 0.8%) {8.0%}
5    -O                                                                        (1 = 0.8%) {8.8%}
6    ------------O                                                             (12 = 9.6%) {9.6%}
7    ----------O                                                               (10 = 8.0%) {19.2%}
8    ------O                                                                   (6 = 4.8%) {27.2%}
10   ----------O                                                               (10 = 8.0%) {32.0%}
12   ------------------O                                                       (18 = 14.4%) {40.0%}
14   -O                                                                        (1 = 0.8%) {54.4%}
17   ---O                                                                      (3 = 2.4%) {55.2%}
20   -O                                                                        (1 = 0.8%) {57.6%}
24   -O                                                                        (1 = 0.8%) {58.4%}
29   --O                                                                       (2 = 1.6%) {59.2%}
34   --O                                                                       (2 = 1.6%) {60.8%}
40   ---O                                                                      (3 = 2.4%) {62.4%}
48   ---O                                                                      (3 = 2.4%) {64.8%}
57   ----O                                                                     (4 = 3.2%) {67.2%}
68   ----O                                                                     (4 = 3.2%) {70.4%}
81   --O                                                                       (2 = 1.6%) {73.6%}
96   -------O                                                                  (7 = 5.6%) {75.2%}
114  -----O                                                                    (5 = 4.0%) {80.8%}
135  -------O                                                                  (7 = 5.6%) {84.8%}
160  -----O                                                                    (5 = 4.0%) {90.4%}
190  ------O                                                                   (6 = 4.8%) {94.4%}
226  O                                                                         (0 = 0.0%) {99.2%}
268  -O                                                                        (1 = 0.8%) {99.2%}
318  ... 

Histogram: Sql.vfs.SyncTime recorded 46 samples, mean = 34.5 (flags = 0x41)
0    -O                                                                        (1 = 2.2%)
1    ... 
8    -O                                                                        (1 = 2.2%) {2.2%}
10   -------------------------O                                                (25 = 54.3%) {4.3%}
12   O                                                                         (0 = 0.0%) {58.7%}
14   -O                                                                        (1 = 2.2%) {58.7%}
17   ---O                                                                      (3 = 6.5%) {60.9%}
20   --O                                                                       (2 = 4.3%) {67.4%}
24   ---O                                                                      (3 = 6.5%) {71.7%}
29   -O                                                                        (1 = 2.2%) {78.3%}
34   -O                                                                        (1 = 2.2%) {80.4%}
40   -O                                                                        (1 = 2.2%) {82.6%}
48   --O                                                                       (2 = 4.3%) {84.8%}
57   O                                                                         (0 = 0.0%) {89.1%}
68   --O                                                                       (2 = 4.3%) {89.1%}
81   ... 
114  -O                                                                        (1 = 2.2%) {93.5%}
135  O                                                                         (0 = 0.0%) {95.7%}
160  -O                                                                        (1 = 2.2%) {95.7%}
190  ... 
378  -O                                                                        (1 = 2.2%) {97.8%}
449  ... 

Histogram: Stability.Counts2 recorded 15 samples, mean = 28.8 (flags = 0x43)
0   ... 
2   -O                                                                        (1 = 6.7%) {0.0%}
3   ... 
15  -O                                                                        (1 = 6.7%) {6.7%}
16  ... 
26  --O                                                                       (2 = 13.3%) {13.3%}
27  ... 
33  -----------O                                                              (11 = 73.3%) {26.7%}
34  O                                                                         (0 = 0.0%) {100.0%}

Histogram: Startup.AfterStartupTaskCount recorded 1 samples, mean = 2.0 (flags = 0x41)
0  ... 
2  -O                                                                        (1 = 100.0%) {0.0%}
3  ... 

Histogram: Startup.AfterStartupTaskDelayedUntilTime recorded 1 samples, mean = 289319.0 (flags = 0x41)
0       ... 
234039  -O                                                                        (1 = 100.0%) {0.0%}
317087  ... 

Histogram: Startup.BrowserMainRunnerImplInitializeLongTime recorded 1 samples, mean = 11573.0 (flags = 0x41)
0      ... 
10047  -O                                                                        (1 = 100.0%) {0.0%}
11597  ... 

Histogram: Startup.BrowserMessageLoopFirstIdle recorded 1 samples, mean = 12501489.0 (flags = 0x41)
0        ... 
3600000  -O                                                                        (1 = 100.0%) {0.0%}

Histogram: Startup.BrowserMessageLoopStartTime recorded 1 samples, mean = 19295.0 (flags = 0x41)
0      ... 
17834  -O                                                                        (1 = 100.0%) {0.0%}
20585  ... 

Histogram: Startup.CreateFirstProfile recorded 1 samples, mean = 4861.0 (flags = 0x41)
0     ... 
4516  -O                                                                        (1 = 100.0%) {0.0%}
6118  ... 

Histogram: Startup.FirstWebContents.FinishReason recorded 1 samples, mean = 6.0 (flags = 0x41)
0  ... 
6  -O                                                                        (1 = 100.0%) {0.0%}
7  ... 

Histogram: Startup.LoadTime.ApplicationStartToChromeMain recorded 1 samples, mean = 32.0 (flags = 0x41)
0   ... 
26  -O                                                                        (1 = 100.0%) {0.0%}
35  ... 

Histogram: Startup.LoadTime.ProcessCreateToApplicationStart recorded 1 samples, mean = 198791.0 (flags = 0x41)
0       ... 
172742  -O                                                                        (1 = 100.0%) {0.0%}
234039  ... 

Histogram: Startup.LoadTime.RecordedProcessCreation recorded 1 samples, mean = 1.0 (flags = 0x1)
0  O                                                                         (0 = 0.0%)
1  -O                                                                        (1 = 100.0%) {0.0%}
2  O                                                                         (0 = 0.0%) {100.0%}

Histogram: Startup.PreMainMessageLoopRunImplLongTime recorded 1 samples, mean = 6769.0 (flags = 0x41)
0     ... 
6533  -O                                                                        (1 = 100.0%) {0.0%}
7541  ... 

Histogram: Startup.Temperature recorded 1 samples, mean = 3.0 (flags = 0x41)
0  ... 
3  -O                                                                        (1 = 100.0%) {0.0%}
4  O                                                                         (0 = 0.0%) {100.0%}

Histogram: Storage.Blob.CreateDirectoryResult recorded 1 samples, mean = 0.0 (flags = 0x41)
0  -O                                                                        (1 = 100.0%)
1  ... 

Histogram: Storage.SharedStorage.Database.Timing.OpenImpl recorded 1 samples, mean = 41.0 (flags = 0x41)
0   ... 
40  -O                                                                        (1 = 100.0%) {0.0%}
48  ... 

Histogram: Storage.SharedStorage.OnShutdown.NumSqlErrors recorded 1 samples, mean = 0.0 (flags = 0x41)
0  -O                                                                        (1 = 100.0%)
1  ... 

Histogram: Storage.SharedStorage.OnShutdown.RecoveryFromInitFailureAttempted recorded 1 samples, mean = 0.0 (flags = 0x41)
0  -O                                                                        (1 = 100.0%)
1  ... 

Histogram: Storage.SharedStorage.OnShutdown.RecoveryOnDiskAttempted recorded 1 samples, mean = 0.0 (flags = 0x41)
0  -O                                                                        (1 = 100.0%)
1  ... 

Histogram: Style.RebuildLayoutTreeTime recorded 1 samples, mean = 187.0 (flags = 0x41)
0    ... 
146  -O                                                                        (1 = 100.0%) {0.0%}
203  ... 

Histogram: Style.RecalcTime recorded 1 samples, mean = 42215.0 (flags = 0x41)
0      ... 
38240  -O                                                                        (1 = 100.0%) {0.0%}
53055  ... 

Histogram: SubresourceFilter.IndexRuleset.Verify.Status recorded 1 samples, mean = 0.0 (flags = 0x41)
0  -O                                                                        (1 = 100.0%)
1  ... 

Histogram: SubresourceFilter.IndexRuleset.Verify2.WallDuration recorded 1 samples, mean = 68.0 (flags = 0x41)
0   ... 
68  -O                                                                        (1 = 100.0%) {0.0%}
81  ... 

Histogram: SubresourceFilter.PageLoad.ActivationState recorded 1 samples, mean = 0.0 (flags = 0x41)
0  -O                                                                        (1 = 100.0%)
1  ... 

Histogram: SubresourceFilter.SafeBrowsing.TotalCheckTime recorded 2 samples, mean = 21.0 (flags = 0x41)
0   -O                                                                        (1 = 50.0%)
1   ... 
40  -O                                                                        (1 = 50.0%) {50.0%}
48  ... 

Histogram: Sync.FeatureStatusForSyncToSigninMigration recorded 1 samples, mean = 1.0 (flags = 0x41)
0  O                                                                         (0 = 0.0%)
1  -O                                                                        (1 = 100.0%) {0.0%}
2  ... 

Histogram: Sync.InitialState2 recorded 1 samples, mean = 1.0 (flags = 0x41)
0  O                                                                         (0 = 0.0%)
1  -O                                                                        (1 = 100.0%) {0.0%}
2  ... 

Histogram: Sync.Local.Enabled2 recorded 1 samples, mean = 0.0 (flags = 0x41)
0  -O                                                                        (1 = 100.0%)
1  ... 

Histogram: Sync.ModelTypeStoreBackendError.ReadRecords recorded 22 samples, mean = 1.0 (flags = 0x41)
0  O                                                                         (0 = 0.0%)
1  ----------------------O                                                   (22 = 100.0%) {0.0%}
2  ... 

Histogram: Sync.ModelTypeStoreBackendInitializationSuccess recorded 1 samples, mean = 1.0 (flags = 0x41)
0  O                                                                         (0 = 0.0%)
1  -O                                                                        (1 = 100.0%) {0.0%}
2  O                                                                         (0 = 0.0%) {100.0%}

Histogram: Sync.PassphraseType2 recorded 1 samples, mean = 0.0 (flags = 0x41)
0  -O                                                                        (1 = 100.0%)
1  ... 

Histogram: Sync.Startup.AccountInfoFullyLoaded2 recorded 1 samples, mean = 0.0 (flags = 0x41)
0  -O                                                                        (1 = 100.0%)
1  ... 

Histogram: Sync.Startup.SignedInWithoutAccountInfo2 recorded 1 samples, mean = 0.0 (flags = 0x41)
0  -O                                                                        (1 = 100.0%)
1  ... 

Histogram: Sync.SyncToSigninMigrationDecision recorded 1 samples, mean = 1.0 (flags = 0x41)
0  O                                                                         (0 = 0.0%)
1  -O                                                                        (1 = 100.0%) {0.0%}
2  ... 

Histogram: Sync.TrustedVaultFileReadStatus recorded 1 samples, mean = 0.0 (flags = 0x41)
0  -O                                                                        (1 = 100.0%)
1  ... 

Histogram: Sync.TrustedVaultFileWriteSuccess recorded 1 samples, mean = 1.0 (flags = 0x41)
0  O                                                                         (0 = 0.0%)
1  -O                                                                        (1 = 100.0%) {0.0%}
2  O                                                                         (0 = 0.0%) {100.0%}

Histogram: TabGroups.ParseSavedTabGroupDataEntries.ParseFailurePercentage recorded 1 samples, mean = 0.0 (flags = 0x41)
0  -O                                                                        (1 = 100.0%)
1  ... 

Histogram: TabGroups.SavedTabGroupActiveCount recorded 3 samples, mean = 0.0 (flags = 0x41)
0  ---O                                                                      (3 = 100.0%)
1  ... 

Histogram: TabGroups.SavedTabGroupCount recorded 3 samples, mean = 0.0 (flags = 0x41)
0  ---O                                                                      (3 = 100.0%)
1  ... 

Histogram: TabGroups.SavedTabGroupPinnedCount recorded 3 samples, mean = 0.0 (flags = 0x41)
0  ---O                                                                      (3 = 100.0%)
1  ... 

Histogram: TabGroups.SavedTabGroupSyncBridge.MigrationResult recorded 4 samples, mean = 6.8 (flags = 0x41)
0   O                                                                         (0 = 0.0%)
1   -O                                                                        (1 = 25.0%) {0.0%}
2   O                                                                         (0 = 0.0%) {25.0%}
3   -O                                                                        (1 = 25.0%) {25.0%}
4   ... 
8   -O                                                                        (1 = 25.0%) {50.0%}
9   ... 
15  -O                                                                        (1 = 25.0%) {75.0%}
16  O                                                                         (0 = 0.0%) {100.0%}

Histogram: TabGroups.SavedTabGroupUnpinnedCount recorded 3 samples, mean = 0.0 (flags = 0x41)
0  ---O                                                                      (3 = 100.0%)
1  ... 

Histogram: TabGroups.UnsavedTabGroupCount recorded 3 samples, mean = 0.0 (flags = 0x41)
0  ---O                                                                      (3 = 100.0%)
1  ... 

Histogram: Tabs.TabCount recorded 41 samples, mean = 0.0 (flags = 0x41)
0  -----------------------------------------O                                (41 = 100.0%)
1  ... 

Histogram: Tabs.TabCount.PluggedIn recorded 41 samples, mean = 0.0 (flags = 0x41)
0  -----------------------------------------O                                (41 = 100.0%)
1  ... 

Histogram: Tabs.WindowCount recorded 41 samples, mean = 0.0 (flags = 0x41)
0  -----------------------------------------O                                (41 = 100.0%)
1  ... 

Histogram: Tabs.WindowCount.PluggedIn recorded 41 samples, mean = 0.0 (flags = 0x41)
0  -----------------------------------------O                                (41 = 100.0%)
1  ... 

Histogram: ThirdPartyModules.InputMethodEditorsCount recorded 1 samples, mean = 0.0 (flags = 0x41)
0  -O                                                                        (1 = 100.0%)
1  ... 

Histogram: ThreadPool.UnnecessaryWakeup.Browser.Background recorded 3 samples, mean = 1.0 (flags = 0x41)
0  O                                                                         (0 = 0.0%)
1  ---O                                                                      (3 = 100.0%) {0.0%}
2  O                                                                         (0 = 0.0%) {100.0%}

Histogram: ThreadPool.UnnecessaryWakeup.Browser.Foreground recorded 188 samples, mean = 1.0 (flags = 0x41)
0  O                                                                         (0 = 0.0%)
1  ------------------------------------------------------------------------O (188 = 100.0%) {0.0%}
2  O                                                                         (0 = 0.0%) {100.0%}

Histogram: ThreadPool.UnnecessaryWakeup.ContentChild.Foreground recorded 12 samples, mean = 1.0 (flags = 0x41)
0  O                                                                         (0 = 0.0%)
1  ------------O                                                             (12 = 100.0%) {0.0%}
2  O                                                                         (0 = 0.0%) {100.0%}

Histogram: ThreadPool.UnnecessaryWakeup.GPU.Foreground recorded 1 samples, mean = 1.0 (flags = 0x41)
0  O                                                                         (0 = 0.0%)
1  -O                                                                        (1 = 100.0%) {0.0%}
2  O                                                                         (0 = 0.0%) {100.0%}

Histogram: Translate.ApplicationStart.AlwaysTranslateLanguage.Count recorded 1 samples, mean = 0.0 (flags = 0x41)
0  -O                                                                        (1 = 100.0%)
1  ... 

Histogram: Translate.ApplicationStart.NeverTranslateLanguage recorded 1 samples (flags = 0x41)
-74147910-O                                                                        (1 = 100.0%)

Histogram: Translate.ApplicationStart.NeverTranslateLanguage.Count recorded 1 samples, mean = 1.0 (flags = 0x41)
0  O                                                                         (0 = 0.0%)
1  -O                                                                        (1 = 100.0%) {0.0%}
2  ... 

Histogram: Translate.ApplicationStart.NeverTranslateSite.Count recorded 1 samples, mean = 0.0 (flags = 0x41)
0  -O                                                                        (1 = 100.0%)
1  ... 

Histogram: Translate.Ranker.Model.Status2 recorded 2 samples, mean = 6.5 (flags = 0x41)
0  ... 
6  -O                                                                        (1 = 50.0%) {0.0%}
7  -O                                                                        (1 = 50.0%) {50.0%}
8  O                                                                         (0 = 0.0%) {100.0%}

Histogram: UI.DeviceScale recorded 2 samples (flags = 0x41)
100  -O                                                                        (1 = 50.0%)
150  -O                                                                        (1 = 50.0%)

Histogram: UKM.ConsentObserver.Purge recorded 1 samples, mean = 0.0 (flags = 0x41)
0  -O                                                                        (1 = 100.0%)
1  ... 

Histogram: UKM.Entries.Dropped recorded 221 samples, mean = 1.0 (flags = 0x41)
0  O                                                                         (0 = 0.0%)
1  ------------------------------------------------------------------------O (221 = 100.0%) {0.0%}
2  ... 

Histogram: UKM.Entries.Dropped.ByEntryHash recorded 221 samples (flags = 0x41)
181657211   -O                                                                        (2 = 0.9%)
705322609   -O                                                                        (2 = 0.9%)
828084724   ------------------------------------------------------------------------O (103 = 46.6%)
1404242571  ------------------------------------------------------------------------O (103 = 46.6%)
1604233346  -O                                                                        (1 = 0.5%)
1767609109  ------O                                                                   (8 = 3.6%)
1832900131  -O                                                                        (2 = 0.9%)

Histogram: UKM.PersistentLogRecall.Status recorded 1 samples, mean = 1.0 (flags = 0x41)
0  O                                                                         (0 = 0.0%)
1  -O                                                                        (1 = 100.0%) {0.0%}
2  ... 

Histogram: UKM.Sources.Dropped recorded 4 samples, mean = 1.0 (flags = 0x41)
0  O                                                                         (0 = 0.0%)
1  ----O                                                                     (4 = 100.0%) {0.0%}
2  ... 

Histogram: UKM.WebDXFeatureSets.Dropped recorded 2 samples, mean = 1.0 (flags = 0x41)
0  O                                                                         (0 = 0.0%)
1  --O                                                                       (2 = 100.0%) {0.0%}
2  ... 

Histogram: UMA.ChildProcess.Ping.Periodic recorded 39 samples, mean = 1.0 (flags = 0x41)
0  -------------O                                                            (13 = 33.3%)
1  -------------O                                                            (13 = 33.3%) {33.3%}
2  -------------O                                                            (13 = 33.3%) {66.7%}
3  O                                                                         (0 = 0.0%) {100.0%}

Histogram: UMA.ChildProcess.Ping.SharedMemorySetUp recorded 43 samples, mean = 1.0 (flags = 0x41)
0  ---------------O                                                          (15 = 34.9%)
1  --------------O                                                           (14 = 32.6%) {34.9%}
2  --------------O                                                           (14 = 32.6%) {67.4%}
3  O                                                                         (0 = 0.0%) {100.0%}

Histogram: UMA.CleanExitBeaconConsistency3 recorded 1 samples, mean = 1.0 (flags = 0x41)
0  O                                                                         (0 = 0.0%)
1  -O                                                                        (1 = 100.0%) {0.0%}
2  ... 

Histogram: UMA.EntropySourceType recorded 1 samples, mean = 1.0 (flags = 0x41)
0  O                                                                         (0 = 0.0%)
1  -O                                                                        (1 = 100.0%) {0.0%}
2  ... 

Histogram: UMA.LocalHistogram recorded 16 samples, mean = 1.0 (flags = 0x40)
0  O                                                                         (0 = 0.0%)
1  ----------------O                                                         (16 = 100.0%) {0.0%}
2  O                                                                         (0 = 0.0%) {100.0%}

Histogram: UMA.MachineIdState recorded 1 samples, mean = 3.0 (flags = 0x41)
0  ... 
3  -O                                                                        (1 = 100.0%) {0.0%}
4  O                                                                         (0 = 0.0%) {100.0%}

Histogram: UMA.MetricsService.Initialize.Time recorded 1 samples, mean = 231.0 (flags = 0x41)
0    ... 
196  -O                                                                        (1 = 100.0%) {0.0%}
258  ... 

Histogram: UMA.MetricsService.PendingOngoingLogOnDisable recorded 1 samples, mean = 0.0 (flags = 0x41)
0  -O                                                                        (1 = 100.0%)
1  ... 

Histogram: UMA.PersistentAllocator.BrowserMetrics.Errors recorded 0 samples (flags = 0x41)
0 ... 

Histogram: UMA.PersistentAllocator.BrowserMetrics.UsedPct recorded 0 samples (flags = 0x41)
0 ... 

Histogram: UMA.PersistentAllocator.EarlyHistograms.BrowserMetrics recorded 1 samples, mean = 1.0 (flags = 0x41)
0  O                                                                         (0 = 0.0%)
1  -O                                                                        (1 = 100.0%) {0.0%}
2  ... 

Histogram: UMA.PersistentAllocator.EarlyHistograms.GpuMetrics recorded 1 samples, mean = 25.0 (flags = 0x41)
0   ... 
25  -O                                                                        (1 = 100.0%) {0.0%}
26  ... 

Histogram: UMA.PersistentAllocator.EarlyHistograms.RendererMetrics recorded 2 samples, mean = 41.0 (flags = 0x41)
0   ... 
36  -O                                                                        (1 = 50.0%) {0.0%}
38  ... 
45  -O                                                                        (1 = 50.0%) {50.0%}
48  ... 

Histogram: UMA.PersistentAllocator.EarlyHistograms.UtilityMetrics recorded 11 samples, mean = 9.2 (flags = 0x41)
0   ... 
7   -------O                                                                  (7 = 63.6%) {0.0%}
8   --O                                                                       (2 = 18.2%) {63.6%}
9   ... 
15  -O                                                                        (1 = 9.1%) {81.8%}
16  ... 
21  -O                                                                        (1 = 9.1%) {90.9%}
22  ... 

Histogram: UMA.PersistentAllocator.FieldTrialAllocator.Errors recorded 0 samples (flags = 0x41)
0 ... 

Histogram: UMA.PersistentAllocator.FieldTrialAllocator.UsedPct recorded 15 samples, mean = 0.0 (flags = 0x41)
0  ---------------O                                                          (15 = 100.0%)
1  ... 

Histogram: UMA.PersistentHistograms.InitResult recorded 1 samples, mean = 2.0 (flags = 0x41)
0  ... 
2  -O                                                                        (1 = 100.0%) {0.0%}
3  ... 

Histogram: UnifiedConsent.MakeSearchesAndBrowsingBetter.OnProfileLoad recorded 1 samples, mean = 0.0 (flags = 0x41)
0  -O                                                                        (1 = 100.0%)
1  ... 

Histogram: UpdateClient.BackgroundDownloaderWin.ExistingJobUsed recorded 4 samples, mean = 0.0 (flags = 0x41)
0  ----O                                                                     (4 = 100.0%)
1  ... 

Histogram: UpdateClient.BackgroundDownloaderWin.StaleJobsCleaned recorded 1 samples, mean = 0.0 (flags = 0x41)
0  -O                                                                        (1 = 100.0%)
1  ... 

Histogram: UpdateClient.Component.CanUpdateResult recorded 3 samples, mean = 3.0 (flags = 0x41)
0  ... 
3  ---O                                                                      (3 = 100.0%) {0.0%}
4  O                                                                         (0 = 0.0%) {100.0%}

Histogram: UpdateClient.Component.UpdateCheckResult recorded 19 samples, mean = 2.8 (flags = 0x41)
0  ... 
2  ---O                                                                      (3 = 15.8%) {0.0%}
3  ----------------O                                                         (16 = 84.2%) {15.8%}
4  O                                                                         (0 = 0.0%) {100.0%}

Histogram: UpdateClient.Component.Updated recorded 3 samples, mean = 1.0 (flags = 0x41)
0  O                                                                         (0 = 0.0%)
1  ---O                                                                      (3 = 100.0%) {0.0%}
2  O                                                                         (0 = 0.0%) {100.0%}

Histogram: UpdateClient.CrxDownloader.DownloadCompleteSuccess recorded 4 samples, mean = 0.8 (flags = 0x41)
0  -O                                                                        (1 = 25.0%)
1  ---O                                                                      (3 = 75.0%) {25.0%}
2  O                                                                         (0 = 0.0%) {100.0%}

Histogram: Variations.ExtendedSafeMode.BeaconFileStateAtStartup recorded 1 samples, mean = 0.0 (flags = 0x41)
0  -O                                                                        (1 = 100.0%)
1  ... 

Histogram: Variations.ExtendedSafeMode.BeaconFileWrite recorded 2 samples, mean = 1.0 (flags = 0x41)
0  O                                                                         (0 = 0.0%)
1  --O                                                                       (2 = 100.0%) {0.0%}
2  O                                                                         (0 = 0.0%) {100.0%}

Histogram: Variations.ForcedFieldTrialsAtStartupForInternalsPage recorded 1 samples, mean = 0.0 (flags = 0x41)
0  -O                                                                        (1 = 100.0%)
1  ... 

Histogram: Variations.Headers.ExperimentCount recorded 92 samples, mean = 1.0 (flags = 0x41)
0  O                                                                         (0 = 0.0%)
1  ------------------------------------------------------------------------O (92 = 100.0%) {0.0%}
2  ... 

Histogram: Variations.Headers.HasLowEntropySourceValue recorded 92 samples, mean = 1.0 (flags = 0x41)
0  O                                                                         (0 = 0.0%)
1  ------------------------------------------------------------------------O (92 = 100.0%) {0.0%}
2  O                                                                         (0 = 0.0%) {100.0%}

Histogram: Variations.Headers.RequestContextCategory recorded 77 samples, mean = 0.0 (flags = 0x41)
0  ------------------------------------------------------------------------O (77 = 100.0%)
1  ... 

Histogram: Variations.Headers.URLValidationResult.Append recorded 77 samples, mean = 3.0 (flags = 0x41)
0  ... 
2  -O                                                                        (1 = 1.3%) {0.0%}
3  ------------------------------------------------------------------------O (76 = 98.7%) {1.3%}
4  ... 

Histogram: Variations.Limits.VariationKeySize.Default recorded 23 samples, mean = 0.0 (flags = 0x41)
0  -----------------------O                                                  (23 = 100.0%)
1  ... 

Histogram: Variations.LoadPermanentConsistencyCountryResult recorded 1 samples, mean = 0.0 (flags = 0x41)
0  -O                                                                        (1 = 100.0%)
1  ... 

Histogram: Variations.PolicyRestriction recorded 1 samples, mean = 0.0 (flags = 0x41)
0  -O                                                                        (1 = 100.0%)
1  ... 

Histogram: Variations.SafeMode.Streak.Crashes recorded 1 samples (flags = 0x41)
11  -O                                                                        (1 = 100.0%)

Histogram: Variations.SafeMode.Streak.FetchFailures recorded 1 samples (flags = 0x41)
0  -O                                                                        (1 = 100.0%)

Histogram: Variations.SeedUsage recorded 1 samples, mean = 12.0 (flags = 0x41)
0   ... 
12  -O                                                                        (1 = 100.0%) {0.0%}
13  O                                                                         (0 = 0.0%) {100.0%}

Histogram: Variations.UserChannel recorded 1 samples (flags = 0x41)
-1 -O                                                                        (1 = 100.0%)

Histogram: Views.Browser.NumColorProvidersInitializedDuringOnNativeThemeUpdated recorded 3 samples, mean = 0.0 (flags = 0x41)
0  ---O                                                                      (3 = 100.0%)
1  ... 

Histogram: Views.Browser.TimeSpentInitializingColorProvider recorded 3 samples, mean = 19.0 (flags = 0x41)
0   --O                                                                       (2 = 66.7%)
1   ... 
57  -O                                                                        (1 = 33.3%) {66.7%}
68  ... 

Histogram: Views.Browser.TimeSpentProcessingOnNativeThemeUpdatedEvent recorded 3 samples, mean = 0.0 (flags = 0x41)
0  ---O                                                                      (3 = 100.0%)
1  ... 

Histogram: Views.ColorProviderCacheSize recorded 3 samples, mean = 2.0 (flags = 0x41)
0  O                                                                         (0 = 0.0%)
1  -O                                                                        (1 = 33.3%) {0.0%}
2  -O                                                                        (1 = 33.3%) {33.3%}
3  -O                                                                        (1 = 33.3%) {66.7%}
4  ... 

Histogram: Viz.FrameSink.GpuBusyDuration recorded 1 samples, mean = 209292.0 (flags = 0x41)
0       ... 
196891  -O                                                                        (1 = 100.0%) {0.0%}
228075  ... 

Histogram: WebApp.DiyAppsInstalledCount.ByUser recorded 1 samples, mean = 0.0 (flags = 0x41)
0  -O                                                                        (1 = 100.0%)
1  ... 

Histogram: WebApp.GeneratedIconFix.StartUpAttemptCount recorded 1 samples, mean = 0.0 (flags = 0x41)
0  -O                                                                        (1 = 100.0%)
1  ... 

Histogram: WebApp.Icon.AppsWithEmptyDownloadedIconSizes recorded 1 samples, mean = 0.0 (flags = 0x41)
0  -O                                                                        (1 = 100.0%)
1  ... 

Histogram: WebApp.Icon.AppsWithEmptyIconBitmap recorded 1 samples, mean = 0.0 (flags = 0x41)
0  -O                                                                        (1 = 100.0%)
1  ... 

Histogram: WebApp.Icon.AppsWithEmptyIconFile recorded 1 samples, mean = 0.0 (flags = 0x41)
0  -O                                                                        (1 = 100.0%)
1  ... 

Histogram: WebApp.Icon.AppsWithGeneratedIconBitmap recorded 1 samples, mean = 0.0 (flags = 0x41)
0  -O                                                                        (1 = 100.0%)
1  ... 

Histogram: WebApp.Icon.AppsWithGeneratedIconFlag recorded 1 samples, mean = 0.0 (flags = 0x41)
0  -O                                                                        (1 = 100.0%)
1  ... 

Histogram: WebApp.Icon.AppsWithGeneratedIconFlagFalseNegative recorded 1 samples, mean = 0.0 (flags = 0x41)
0  -O                                                                        (1 = 100.0%)
1  ... 

Histogram: WebApp.Icon.AppsWithMissingIconFile recorded 1 samples, mean = 0.0 (flags = 0x41)
0  -O                                                                        (1 = 100.0%)
1  ... 

Histogram: WebApp.InstalledCount.ByUser recorded 1 samples, mean = 0.0 (flags = 0x41)
0  -O                                                                        (1 = 100.0%)
1  ... 

Histogram: WebApp.InstalledCount.ByUserNotLocallyInstalled recorded 1 samples, mean = 0.0 (flags = 0x41)
0  -O                                                                        (1 = 100.0%)
1  ... 

Histogram: WebApp.Preinstalled.AppToReplaceStillDefaultInstalledCount recorded 1 samples, mean = 0.0 (flags = 0x41)
0  -O                                                                        (1 = 100.0%)
1  ... 

Histogram: WebApp.Preinstalled.AppToReplaceStillInstalledCount recorded 1 samples, mean = 0.0 (flags = 0x41)
0  -O                                                                        (1 = 100.0%)
1  ... 

Histogram: WebApp.Preinstalled.AppToReplaceStillInstalledInShelfCount recorded 1 samples, mean = 0.0 (flags = 0x41)
0  -O                                                                        (1 = 100.0%)
1  ... 

Histogram: WebApp.Preinstalled.ConfigErrorCount recorded 1 samples, mean = 0.0 (flags = 0x41)
0  -O                                                                        (1 = 100.0%)
1  ... 

Histogram: WebApp.Preinstalled.CorruptUserUninstallPrefsCount recorded 1 samples, mean = 0.0 (flags = 0x41)
0  -O                                                                        (1 = 100.0%)
1  ... 

Histogram: WebApp.Preinstalled.DisabledCount recorded 1 samples, mean = 0.0 (flags = 0x41)
0  -O                                                                        (1 = 100.0%)
1  ... 

Histogram: WebApp.Preinstalled.EnabledCount recorded 1 samples, mean = 0.0 (flags = 0x41)
0  -O                                                                        (1 = 100.0%)
1  ... 

Histogram: WebApp.Preinstalled.InstallCount recorded 1 samples, mean = 0.0 (flags = 0x41)
0  -O                                                                        (1 = 100.0%)
1  ... 

Histogram: WebApp.Preinstalled.UninstallAndReplaceCount recorded 1 samples, mean = 0.0 (flags = 0x41)
0  -O                                                                        (1 = 100.0%)
1  ... 

Histogram: WebApp.Preinstalled.UninstallAppRemovedCount recorded 1 samples, mean = 0.0 (flags = 0x41)
0  -O                                                                        (1 = 100.0%)
1  ... 

Histogram: WebApp.Preinstalled.UninstallSourceRemovedCount recorded 1 samples, mean = 0.0 (flags = 0x41)
0  -O                                                                        (1 = 100.0%)
1  ... 

Histogram: WebApp.Preinstalled.UninstallTotalCount recorded 1 samples, mean = 0.0 (flags = 0x41)
0  -O                                                                        (1 = 100.0%)
1  ... 

Histogram: WebApp.Uninstall.NonSyncIncompleteCount recorded 1 samples, mean = 0.0 (flags = 0x41)
0  -O                                                                        (1 = 100.0%)
1  ... 

Histogram: WebAuthentication.Windows.KeyCredentialManagerSupported recorded 1 samples, mean = 1.0 (flags = 0x41)
0  O                                                                         (0 = 0.0%)
1  -O                                                                        (1 = 100.0%) {0.0%}
2  ... 

Histogram: WebContentsObserver.DidFinishNavigation recorded 2 samples, mean = 45.5 (flags = 0x41)
0   ... 
40  -O                                                                        (1 = 50.0%) {0.0%}
48  -O                                                                        (1 = 50.0%) {50.0%}
57  ... 

Histogram: WebContentsObserver.DidStartLoading recorded 1 samples, mean = 23.0 (flags = 0x41)
0   ... 
20  -O                                                                        (1 = 100.0%) {0.0%}
24  ... 

Histogram: WebContentsObserver.DidStartNavigation recorded 2 samples, mean = 36.5 (flags = 0x41)
0   -O                                                                        (1 = 50.0%)
1   ... 
68  -O                                                                        (1 = 50.0%) {50.0%}
81  ... 

Histogram: WebContentsObserver.DidStartNavigation.MainFrame recorded 2 samples, mean = 36.5 (flags = 0x41)
0   -O                                                                        (1 = 50.0%)
1   ... 
68  -O                                                                        (1 = 50.0%) {50.0%}
81  ... 

Histogram: WebContentsObserver.DidUpdateNavigationHandleTiming recorded 2 samples, mean = 0.0 (flags = 0x41)
0  --O                                                                       (2 = 100.0%)
1  ... 

Histogram: WebContentsObserver.LoadProgressChanged recorded 3 samples, mean = 0.0 (flags = 0x41)
0  ---O                                                                      (3 = 100.0%)
1  ... 

Histogram: WebContentsObserver.RenderFrameCreated recorded 1 samples, mean = 9.0 (flags = 0x41)
0  ... 
8  -O                                                                        (1 = 100.0%) {0.0%}
10 ... 

Histogram: WebContentsObserver.RenderFrameDeleted recorded 1 samples, mean = 171.0 (flags = 0x41)
0    ... 
160  -O                                                                        (1 = 100.0%) {0.0%}
190  ... 

Histogram: WebContentsObserver.RenderViewReady recorded 1 samples, mean = 7.0 (flags = 0x41)
0  ... 
7  -O                                                                        (1 = 100.0%) {0.0%}
8  ... 

Histogram: WebDatabase.InitResult recorded 2 samples, mean = 0.0 (flags = 0x41)
0  --O                                                                       (2 = 100.0%)
1  ... 

Histogram: Windows.AcLayersLoaded recorded 1 samples, mean = 0.0 (flags = 0x41)
0  -O                                                                        (1 = 100.0%)
1  ... 

Histogram: Windows.CetAvailable recorded 1 samples, mean = 0.0 (flags = 0x41)
0  -O                                                                        (1 = 100.0%)
1  ... 

Histogram: Windows.DisplayIdFromDeviceId recorded 12 samples, mean = 3.0 (flags = 0x41)
0  ... 
3  ------------O                                                             (12 = 100.0%) {0.0%}
4  O                                                                         (0 = 0.0%) {100.0%}

Histogram: Windows.DisplayIdFromDeviceKey recorded 12 samples, mean = 3.0 (flags = 0x41)
0  ... 
3  ------------O                                                             (12 = 100.0%) {0.0%}
4  O                                                                         (0 = 0.0%) {100.0%}

Histogram: Windows.Enclave.SGX.Available recorded 1 samples, mean = 0.0 (flags = 0x41)
0  -O                                                                        (1 = 100.0%)
1  ... 

Histogram: Windows.Enclave.SGX2.Available recorded 1 samples, mean = 0.0 (flags = 0x41)
0  -O                                                                        (1 = 100.0%)
1  ... 

Histogram: Windows.Enclave.VBS.Available recorded 1 samples, mean = 0.0 (flags = 0x41)
0  -O                                                                        (1 = 100.0%)
1  ... 

Histogram: Windows.Enclave.VBSBasic.Available recorded 1 samples, mean = 0.0 (flags = 0x41)
0  -O                                                                        (1 = 100.0%)
1  ... 

Histogram: Windows.HasHighResolutionTimeTicks recorded 1 samples, mean = 1.0 (flags = 0x41)
0  O                                                                         (0 = 0.0%)
1  -O                                                                        (1 = 100.0%) {0.0%}
2  O                                                                         (0 = 0.0%) {100.0%}

Histogram: Windows.HasThreadTicks recorded 1 samples, mean = 1.0 (flags = 0x41)
0  O                                                                         (0 = 0.0%)
1  -O                                                                        (1 = 100.0%) {0.0%}
2  O                                                                         (0 = 0.0%) {100.0%}

Histogram: Windows.HighResolutionTimerUsage recorded 120 samples, mean = 0.0 (flags = 0x41)
0  ------------------------------------------------------------------------O (119 = 99.2%)
1  ... 
3  -O                                                                        (1 = 0.8%) {99.2%}
4  ... 

Histogram: Windows.HypervPresent recorded 1 samples, mean = 0.0 (flags = 0x41)
0  -O                                                                        (1 = 100.0%)
1  ... 

Histogram: Windows.LegacyDisplayIdAlgorithm recorded 24 samples, mean = 0.0 (flags = 0x41)
0  ------------------------O                                                 (24 = 100.0%)
1  ... 

Histogram: Windows.ParallelDllLoadingEnabled recorded 1 samples, mean = 1.0 (flags = 0x41)
0  O                                                                         (0 = 0.0%)
1  -O                                                                        (1 = 100.0%) {0.0%}
2  O                                                                         (0 = 0.0%) {100.0%}

Histogram: Windows.PatchLevel recorded 1 samples (flags = 0x41)
1717051237  -O                                                                        (1 = 100.0%)

Histogram: Windows.PatchLevelKernel32 recorded 1 samples (flags = 0x41)
1710497520  -O                                                                        (1 = 100.0%)

Histogram: Windows.ProcessorFamily recorded 1 samples (flags = 0x41)
198  -O                                                                        (1 = 100.0%)

Histogram: Windows.ProcessorVirtualizationFirmwareEnabled recorded 1 samples, mean = 1.0 (flags = 0x41)
0  O                                                                         (0 = 0.0%)
1  -O                                                                        (1 = 100.0%) {0.0%}
2  O                                                                         (0 = 0.0%) {100.0%}


